ticker,event_ticker,rank,favored_side,entry_price,result,won,pnl,closed_at,opened_at
KXBTCD-26SEP0217-T77999.99,KXBTCD-26SEP0217,7,no,0.67,no,True,0.3299999999999999,2026-09-10T22:58:21.208658+00:00,2026-09-01T23:53:40.837057+00:00
KXBTCD-26SEP0217-T76999.99,KXBTCD-26SEP0217,9,yes,0.64,yes,True,0.36,2026-09-10T22:58:21.208758+00:00,2026-09-01T23:53:40.837184+00:00
KXBTCD-26SEP0217-T76749.99,KXBTCD-26SEP0217,5,yes,0.71,yes,True,0.29,2026-09-10T22:58:21.208844+00:00,2026-09-01T23:53:40.837222+00:00
KXBTCD-26SEP0217-T76499.99,KXBTCD-26SEP0217,10,yes,0.78,yes,True,0.2199999999999999,2026-09-10T22:58:21.208936+00:00,2026-09-01T23:53:40.837255+00:00
KXBTCD-26SEP0120-T77699.99,KXBTCD-26SEP0120,8,no,0.99,no,True,0.01,2026-09-10T22:58:21.209018+00:00,2026-09-01T23:53:40.837289+00:00
KXBTCD-26SEP0120-T77199.99,KXBTCD-26SEP0120,5,yes,0.99,yes,True,0.01,2026-09-10T22:58:21.209087+00:00,2026-09-01T23:53:40.837325+00:00
KXBTCD-26SEP0120-T77099.99,KXBTCD-26SEP0120,6,yes,0.99,yes,True,0.01,2026-09-10T22:58:21.209154+00:00,2026-09-01T23:53:40.837359+00:00
KXBTCD-26SEP0120-T76999.99,KXBTCD-26SEP0120,7,yes,0.99,yes,True,0.01,2026-09-10T22:58:21.209225+00:00,2026-09-01T23:53:40.837391+00:00
KXBTCD-26SEP0120-T76899.99,KXBTCD-26SEP0120,9,yes,0.99,yes,True,0.01,2026-09-10T22:58:21.209290+00:00,2026-09-01T23:53:40.837429+00:00
KXBTCD-26SEP0120-T76799.99,KXBTCD-26SEP0120,10,yes,0.99,yes,True,0.01,2026-09-10T22:58:21.209353+00:00,2026-09-01T23:53:40.837467+00:00
KXBTCD-26SEP0417-T81499.99,KXBTCD-26SEP0417,7,no,0.93,no,True,0.0699999999999999,2026-09-10T22:58:21.209415+00:00,2026-09-01T23:53:40.837499+00:00
KXBTCD-26SEP0417-T78499.99,KXBTCD-26SEP0417,9,no,0.66,yes,False,-0.66,2026-09-10T22:58:21.209525+00:00,2026-09-01T23:53:40.837529+00:00
KXBTCD-26SEP0417-T75999.99,KXBTCD-26SEP0417,6,yes,0.74,yes,True,0.26,2026-09-10T22:58:21.209600+00:00,2026-09-01T23:53:40.837603+00:00
KXBTCD-26SEP0417-T68999.99,KXBTCD-26SEP0417,8,yes,0.98,yes,True,0.02,2026-09-10T22:58:21.209665+00:00,2026-09-01T23:53:40.837632+00:00
KXBTCD-26SEP0217-T78249.99,KXBTCD-26SEP0217,5,no,0.81,no,True,0.1899999999999999,2026-09-10T22:58:21.209726+00:00,2026-09-02T01:27:51.767026+00:00
KXBTCD-26SEP0217-T77749.99,KXBTCD-26SEP0217,6,no,0.68,no,True,0.3199999999999999,2026-09-10T22:58:21.209788+00:00,2026-09-02T01:27:51.767115+00:00
KXBTCD-26SEP0217-T77499.99,KXBTCD-26SEP0217,7,no,0.6,no,True,0.4,2026-09-10T22:58:21.209850+00:00,2026-09-02T01:27:51.767153+00:00
KXBTCD-26SEP0122-T77599.99,KXBTCD-26SEP0122,9,no,0.96,no,True,0.04,2026-09-10T22:58:21.209912+00:00,2026-09-02T01:27:51.767230+00:00
KXBTCD-26SEP0122-T77499.99,KXBTCD-26SEP0122,7,no,0.93,no,True,0.0699999999999999,2026-09-10T22:58:21.210005+00:00,2026-09-02T01:27:51.767266+00:00
KXBTCD-26SEP0122-T76999.99,KXBTCD-26SEP0122,8,yes,0.84,no,False,-0.84,2026-09-10T22:58:21.210068+00:00,2026-09-02T01:27:51.767299+00:00
KXBTCD-26SEP0122-T76899.99,KXBTCD-26SEP0122,5,yes,0.91,yes,True,0.0899999999999999,2026-09-10T22:58:21.210129+00:00,2026-09-02T01:27:51.767330+00:00
KXBTCD-26SEP0122-T76799.99,KXBTCD-26SEP0122,6,yes,0.95,yes,True,0.05,2026-09-10T22:58:21.210190+00:00,2026-09-02T01:27:51.767362+00:00
KXBTCD-26SEP0122-T76699.99,KXBTCD-26SEP0122,10,yes,0.97,yes,True,0.03,2026-09-10T22:58:21.210250+00:00,2026-09-02T01:27:51.767393+00:00
KXBTCD-26SEP0203-T77999.99,KXBTCD-26SEP0203,6,no,0.94,no,True,0.06,2026-09-10T22:58:21.210310+00:00,2026-09-02T06:12:36.898843+00:00
KXBTCD-26SEP0203-T77899.99,KXBTCD-26SEP0203,5,no,0.88,no,True,0.12,2026-09-10T22:58:21.210372+00:00,2026-09-02T06:12:36.898892+00:00
KXBTCD-26SEP0203-T77399.99,KXBTCD-26SEP0203,7,yes,0.88,yes,True,0.12,2026-09-10T22:58:21.210434+00:00,2026-09-02T06:12:36.898916+00:00
KXBTCD-26SEP0203-T77299.99,KXBTCD-26SEP0203,9,yes,0.95,yes,True,0.05,2026-09-10T22:58:21.210495+00:00,2026-09-02T06:12:36.898937+00:00
KXBTCD-26SEP0203-T77199.99,KXBTCD-26SEP0203,8,yes,0.97,yes,True,0.03,2026-09-10T22:58:21.210554+00:00,2026-09-02T06:12:36.898976+00:00
KXBTCD-26SEP0203-T77099.99,KXBTCD-26SEP0203,10,yes,0.98,yes,True,0.02,2026-09-10T22:58:21.210614+00:00,2026-09-02T06:12:36.898999+00:00
KXBTCD-26SEP0217-T76249.99,KXBTCD-26SEP0217,7,yes,0.88,yes,True,0.12,2026-09-10T22:58:21.210674+00:00,2026-09-02T06:12:36.899088+00:00
KXBTCD-26SEP0208-T76999.99,KXBTCD-26SEP0208,8,no,0.95,no,True,0.05,2026-09-10T22:58:21.210734+00:00,2026-09-02T11:18:41.760573+00:00
KXBTCD-26SEP0208-T76899.99,KXBTCD-26SEP0208,6,no,0.91,no,True,0.0899999999999999,2026-09-10T22:58:21.210793+00:00,2026-09-02T11:18:41.760641+00:00
KXBTCD-26SEP0208-T76799.99,KXBTCD-26SEP0208,5,no,0.84,no,True,0.16,2026-09-10T22:58:21.210858+00:00,2026-09-02T11:18:41.760681+00:00
KXBTCD-26SEP0208-T76299.99,KXBTCD-26SEP0208,7,yes,0.86,yes,True,0.14,2026-09-10T22:58:21.210950+00:00,2026-09-02T11:18:41.760712+00:00
KXBTCD-26SEP0208-T76199.99,KXBTCD-26SEP0208,9,yes,0.91,yes,True,0.0899999999999999,2026-09-10T22:58:21.211024+00:00,2026-09-02T11:18:41.760742+00:00
KXBTCD-26SEP0208-T76099.99,KXBTCD-26SEP0208,10,yes,0.94,yes,True,0.06,2026-09-10T22:58:21.211095+00:00,2026-09-02T11:18:41.760772+00:00
KXBTCD-26SEP0217-T75749.99,KXBTCD-26SEP0217,8,yes,0.79,yes,True,0.2099999999999999,2026-09-10T22:58:21.211163+00:00,2026-09-02T11:18:41.760877+00:00
KXBTCD-26SEP0217-T75249.99,KXBTCD-26SEP0217,10,yes,0.89,yes,True,0.1099999999999999,2026-09-10T22:58:21.211224+00:00,2026-09-02T11:18:41.760906+00:00
KXBTCD-26SEP0417-T77499.99,KXBTCD-26SEP0417,6,no,0.67,yes,False,-0.67,2026-09-10T22:58:21.211285+00:00,2026-09-02T11:18:41.760971+00:00
KXBTCD-26SEP0212-T77499.99,KXBTCD-26SEP0212,8,no,0.94,no,True,0.06,2026-09-10T22:58:21.211346+00:00,2026-09-02T15:08:44.637843+00:00
KXBTCD-26SEP0212-T77299.99,KXBTCD-26SEP0212,10,no,0.86,no,True,0.14,2026-09-10T22:58:21.211406+00:00,2026-09-02T15:08:44.637904+00:00
KXBTCD-26SEP0212-T77199.99,KXBTCD-26SEP0212,5,no,0.79,yes,False,-0.79,2026-09-10T22:58:21.211466+00:00,2026-09-02T15:08:44.637943+00:00
KXBTCD-26SEP0212-T76699.99,KXBTCD-26SEP0212,6,yes,0.71,yes,True,0.29,2026-09-10T22:58:21.211526+00:00,2026-09-02T15:08:44.637977+00:00
KXBTCD-26SEP0212-T76599.99,KXBTCD-26SEP0212,9,yes,0.78,yes,True,0.2199999999999999,2026-09-10T22:58:21.211597+00:00,2026-09-02T15:08:44.638011+00:00
KXBTCD-26SEP0212-T76399.99,KXBTCD-26SEP0212,7,yes,0.89,yes,True,0.1099999999999999,2026-09-10T22:58:21.211662+00:00,2026-09-02T15:08:44.638044+00:00
KXBTCD-26SEP0217-T75999.99,KXBTCD-26SEP0217,10,yes,0.87,yes,True,0.13,2026-09-10T22:58:21.211723+00:00,2026-09-02T15:08:44.638187+00:00
KXBTCD-26SEP0214-T77599.99,KXBTCD-26SEP0214,9,no,0.99,no,True,0.01,2026-09-10T22:58:21.211781+00:00,2026-09-02T17:56:29.608254+00:00
KXBTCD-26SEP0214-T77499.99,KXBTCD-26SEP0214,7,no,0.99,no,True,0.01,2026-09-10T22:58:21.211840+00:00,2026-09-02T17:56:29.608442+00:00
KXBTCD-26SEP0214-T77399.99,KXBTCD-26SEP0214,5,no,0.97,no,True,0.03,2026-09-10T22:58:21.211898+00:00,2026-09-02T17:56:29.608497+00:00
KXBTCD-26SEP0214-T76899.99,KXBTCD-26SEP0214,6,yes,0.99,yes,True,0.01,2026-09-10T22:58:21.211983+00:00,2026-09-02T17:56:29.608536+00:00
KXBTCD-26SEP0214-T76799.99,KXBTCD-26SEP0214,8,yes,0.99,yes,True,0.01,2026-09-10T22:58:21.212047+00:00,2026-09-02T17:56:29.608572+00:00
KXBTCD-26SEP0214-T76699.99,KXBTCD-26SEP0214,10,yes,0.99,yes,True,0.01,2026-09-10T22:58:21.212115+00:00,2026-09-02T17:56:29.608605+00:00
KXBTCD-26SEP0215-T77699.99,KXBTCD-26SEP0215,7,no,0.92,no,True,0.0799999999999999,2026-09-10T22:58:21.212177+00:00,2026-09-02T18:15:24.568656+00:00
KXBTCD-26SEP0215-T77599.99,KXBTCD-26SEP0215,6,no,0.85,no,True,0.15,2026-09-10T22:58:21.212237+00:00,2026-09-02T18:15:24.568725+00:00
KXBTCD-26SEP0215-T77099.99,KXBTCD-26SEP0215,5,yes,0.89,yes,True,0.1099999999999999,2026-09-10T22:58:21.212297+00:00,2026-09-02T18:15:24.568779+00:00
KXBTCD-26SEP0215-T76999.99,KXBTCD-26SEP0215,8,yes,0.95,yes,True,0.05,2026-09-10T22:58:21.212358+00:00,2026-09-02T18:15:24.568829+00:00
KXBTCD-26SEP0215-T76899.99,KXBTCD-26SEP0215,9,yes,0.97,yes,True,0.03,2026-09-10T22:58:21.212418+00:00,2026-09-02T18:15:24.568877+00:00
KXBTCD-26SEP0215-T68299.99,KXBTCD-26SEP0215,10,yes,0.99,yes,True,0.01,2026-09-10T22:58:21.212476+00:00,2026-09-02T18:15:24.568925+00:00
KXBTCD-26SEP0215-T77799.99,KXBTCD-26SEP0215,8,no,0.97,no,True,0.03,2026-09-10T22:58:21.212536+00:00,2026-09-02T18:30:27.645349+00:00
KXBTCD-26SEP0216-T77699.99,KXBTCD-26SEP0216,8,no,0.94,no,True,0.06,2026-09-10T22:58:21.212594+00:00,2026-09-02T19:16:01.470852+00:00
KXBTCD-26SEP0216-T77599.99,KXBTCD-26SEP0216,5,no,0.85,no,True,0.15,2026-09-10T22:58:21.212651+00:00,2026-09-02T19:16:01.470924+00:00
KXBTCD-26SEP0216-T77499.99,KXBTCD-26SEP0216,6,no,0.73,no,True,0.27,2026-09-10T22:58:21.212710+00:00,2026-09-02T19:16:01.471003+00:00
KXBTCD-26SEP0216-T76999.99,KXBTCD-26SEP0216,7,yes,0.95,yes,True,0.05,2026-09-10T22:58:21.212767+00:00,2026-09-02T19:16:01.471056+00:00
KXBTCD-26SEP0216-T76899.99,KXBTCD-26SEP0216,9,yes,0.97,yes,True,0.03,2026-09-10T22:58:21.212826+00:00,2026-09-02T19:16:01.471104+00:00
KXBTCD-26SEP0216-T76799.99,KXBTCD-26SEP0216,10,yes,0.98,yes,True,0.02,2026-09-10T22:58:21.212886+00:00,2026-09-02T19:16:01.471149+00:00
KXBTCD-26SEP0417-T76499.99,KXBTCD-26SEP0417,10,yes,0.65,yes,True,0.35,2026-09-10T22:58:21.212968+00:00,2026-09-02T19:45:25.377169+00:00
KXBTCD-26SEP0317-T85999.99,KXBTCD-26SEP0317,8,no,0.98,no,True,0.02,2026-09-10T22:58:21.213032+00:00,2026-09-02T20:15:24.793012+00:00
KXBTCD-26SEP0317-T81249.99,KXBTCD-26SEP0317,9,no,0.97,yes,False,-0.97,2026-09-10T22:58:21.213091+00:00,2026-09-02T20:15:24.793063+00:00
KXBTCD-26SEP0317-T80499.99,KXBTCD-26SEP0317,7,no,0.96,yes,False,-0.96,2026-09-10T22:58:21.213156+00:00,2026-09-02T20:15:24.793092+00:00
KXBTCD-26SEP0317-T79999.99,KXBTCD-26SEP0317,10,no,0.95,yes,False,-0.95,2026-09-10T22:58:21.213218+00:00,2026-09-02T20:15:24.793117+00:00
KXBTCD-26SEP0317-T76249.99,KXBTCD-26SEP0317,6,yes,0.84,yes,True,0.16,2026-09-10T22:58:21.213279+00:00,2026-09-02T20:15:24.793161+00:00
KXBTCD-26SEP0417-T73999.99,KXBTCD-26SEP0417,5,yes,0.94,yes,True,0.06,2026-09-10T22:58:21.213341+00:00,2026-09-02T20:30:30.794758+00:00
KXBTCD-26SEP0317-T85749.99,KXBTCD-26SEP0317,7,no,0.99,no,True,0.01,2026-09-10T22:58:21.213402+00:00,2026-09-02T20:45:22.942249+00:00
KXBTCD-26SEP0317-T83499.99,KXBTCD-26SEP0317,8,no,0.99,no,True,0.01,2026-09-10T22:58:21.213463+00:00,2026-09-02T20:45:22.942306+00:00
KXBTCD-26SEP0317-T78499.99,KXBTCD-26SEP0317,5,no,0.85,yes,False,-0.85,2026-09-10T22:58:21.213521+00:00,2026-09-02T20:45:22.942344+00:00
KXBTCD-26SEP0317-T76749.99,KXBTCD-26SEP0317,10,yes,0.7,yes,True,0.3,2026-09-10T22:58:21.213579+00:00,2026-09-02T20:45:22.942379+00:00
KXBTCD-26SEP0317-T76999.99,KXBTCD-26SEP0317,10,yes,0.66,yes,True,0.3399999999999999,2026-09-10T22:58:21.213636+00:00,2026-09-02T21:00:36.329389+00:00
KXBTCD-26SEP0218-T77599.99,KXBTCD-26SEP0218,5,no,0.88,no,True,0.12,2026-09-10T22:58:21.213695+00:00,2026-09-02T21:00:36.329483+00:00
KXBTCD-26SEP0218-T77499.99,KXBTCD-26SEP0218,6,no,0.76,no,True,0.24,2026-09-10T22:58:21.213759+00:00,2026-09-02T21:00:36.329521+00:00
KXBTCD-26SEP0218-T77299.99,KXBTCD-26SEP0218,7,yes,0.6,no,False,-0.6,2026-09-10T22:58:21.213820+00:00,2026-09-02T21:00:36.329553+00:00
KXBTCD-26SEP0218-T76899.99,KXBTCD-26SEP0218,8,yes,0.97,yes,True,0.03,2026-09-10T22:58:21.213879+00:00,2026-09-02T21:00:36.329584+00:00
KXBTCD-26SEP0317-T79249.99,KXBTCD-26SEP0317,9,no,0.93,yes,False,-0.93,2026-09-10T22:58:21.213957+00:00,2026-09-02T21:15:31.143219+00:00
KXBTCD-26SEP0317-T78249.99,KXBTCD-26SEP0317,6,no,0.8,yes,False,-0.8,2026-09-10T22:58:21.214023+00:00,2026-09-02T21:15:31.143326+00:00
KXBTCD-26SEP0317-T77749.99,KXBTCD-26SEP0317,5,no,0.65,yes,False,-0.65,2026-09-10T22:58:21.214083+00:00,2026-09-02T21:15:31.143377+00:00
KXBTCD-26SEP0317-T75249.99,KXBTCD-26SEP0317,10,yes,0.93,yes,True,0.0699999999999999,2026-09-10T22:58:21.214143+00:00,2026-09-02T21:15:31.143458+00:00
KXBTCD-26SEP0218-T77899.99,KXBTCD-26SEP0218,10,no,0.98,no,True,0.02,2026-09-10T22:58:21.214201+00:00,2026-09-02T21:15:31.143506+00:00
KXBTCD-26SEP0218-T77699.99,KXBTCD-26SEP0218,8,no,0.96,no,True,0.04,2026-09-10T22:58:21.214258+00:00,2026-09-02T21:15:31.143556+00:00
KXBTCD-26SEP0218-T77099.99,KXBTCD-26SEP0218,6,yes,0.86,yes,True,0.14,2026-09-10T22:58:21.214316+00:00,2026-09-02T21:15:31.143693+00:00
KXBTCD-26SEP0317-T75999.99,KXBTCD-26SEP0317,9,yes,0.85,yes,True,0.15,2026-09-10T22:58:21.214374+00:00,2026-09-02T21:30:23.627678+00:00
KXBTCD-26SEP0317-T76499.99,KXBTCD-26SEP0317,5,yes,0.78,yes,True,0.2199999999999999,2026-09-10T22:58:21.214433+00:00,2026-09-02T21:45:26.938472+00:00
KXBTCD-26SEP0218-T77799.99,KXBTCD-26SEP0218,10,no,0.99,no,True,0.01,2026-09-10T22:58:21.214500+00:00,2026-09-02T21:45:26.938601+00:00
KXBTCD-26SEP0218-T76999.99,KXBTCD-26SEP0218,6,yes,0.99,yes,True,0.01,2026-09-10T22:58:21.214563+00:00,2026-09-02T21:45:26.938743+00:00
KXBTCD-26SEP0317-T77499.99,KXBTCD-26SEP0317,6,no,0.63,yes,False,-0.63,2026-09-10T22:58:21.214621+00:00,2026-09-02T22:15:23.713126+00:00
KXBTCD-26SEP0219-T77599.99,KXBTCD-26SEP0219,9,no,0.98,no,True,0.02,2026-09-10T22:58:21.214680+00:00,2026-09-02T22:15:23.713223+00:00
KXBTCD-26SEP0219-T77499.99,KXBTCD-26SEP0219,7,no,0.96,no,True,0.04,2026-09-10T22:58:21.214738+00:00,2026-09-02T22:15:23.713278+00:00
KXBTCD-26SEP0219-T77399.99,KXBTCD-26SEP0219,5,no,0.91,no,True,0.0899999999999999,2026-09-10T22:58:21.214801+00:00,2026-09-02T22:15:23.713315+00:00
KXBTCD-26SEP0219-T76899.99,KXBTCD-26SEP0219,6,yes,0.91,yes,True,0.0899999999999999,2026-09-10T22:58:21.214861+00:00,2026-09-02T22:15:23.713349+00:00
KXBTCD-26SEP0219-T76799.99,KXBTCD-26SEP0219,8,yes,0.96,yes,True,0.04,2026-09-10T22:58:21.214945+00:00,2026-09-02T22:15:23.713380+00:00
KXBTCD-26SEP0219-T76599.99,KXBTCD-26SEP0219,10,yes,0.99,yes,True,0.01,2026-09-10T22:58:21.215017+00:00,2026-09-02T22:15:23.713410+00:00
KXBTCD-26SEP0219-T76699.99,KXBTCD-26SEP0219,10,yes,0.99,yes,True,0.01,2026-09-10T22:58:21.215077+00:00,2026-09-02T22:45:32.242752+00:00
KXBTCD-26SEP0219-T77299.99,KXBTCD-26SEP0219,5,no,0.99,no,True,0.01,2026-09-10T22:58:21.215146+00:00,2026-09-02T23:00:30.572876+00:00
KXBTCD-26SEP0220-T77599.99,KXBTCD-26SEP0220,10,no,0.97,no,True,0.03,2026-09-10T22:58:21.215204+00:00,2026-09-02T23:15:21.855497+00:00
KXBTCD-26SEP0220-T77499.99,KXBTCD-26SEP0220,8,no,0.96,no,True,0.04,2026-09-10T22:58:21.215263+00:00,2026-09-02T23:15:21.855547+00:00
KXBTCD-26SEP0220-T77399.99,KXBTCD-26SEP0220,9,no,0.88,no,True,0.12,2026-09-10T22:58:21.215322+00:00,2026-09-02T23:15:21.855574+00:00
KXBTCD-26SEP0220-T76899.99,KXBTCD-26SEP0220,5,yes,0.94,yes,True,0.06,2026-09-10T22:58:21.215380+00:00,2026-09-02T23:15:21.855602+00:00
KXBTCD-26SEP0220-T76799.99,KXBTCD-26SEP0220,6,yes,0.97,yes,True,0.03,2026-09-10T22:58:21.215438+00:00,2026-09-02T23:15:21.855627+00:00
KXBTCD-26SEP0220-T76699.99,KXBTCD-26SEP0220,7,yes,0.98,yes,True,0.02,2026-09-10T22:58:21.215496+00:00,2026-09-02T23:15:21.855651+00:00
KXBTCD-26SEP0221-T77799.99,KXBTCD-26SEP0221,10,no,0.98,no,True,0.02,2026-09-10T22:58:21.215553+00:00,2026-09-03T00:15:40.704554+00:00
KXBTCD-26SEP0221-T77699.99,KXBTCD-26SEP0221,9,no,0.98,no,True,0.02,2026-09-10T22:58:21.215611+00:00,2026-09-03T00:15:40.704610+00:00
KXBTCD-26SEP0221-T77599.99,KXBTCD-26SEP0221,7,no,0.97,no,True,0.03,2026-09-10T22:58:21.215672+00:00,2026-09-03T00:15:40.704646+00:00
KXBTCD-26SEP0221-T77399.99,KXBTCD-26SEP0221,5,no,0.9,no,True,0.0999999999999999,2026-09-10T22:58:21.215734+00:00,2026-09-03T00:15:40.704677+00:00
KXBTCD-26SEP0221-T76999.99,KXBTCD-26SEP0221,6,yes,0.78,yes,True,0.2199999999999999,2026-09-10T22:58:21.215796+00:00,2026-09-03T00:15:40.704708+00:00
KXBTCD-26SEP0221-T76899.99,KXBTCD-26SEP0221,8,yes,0.9,yes,True,0.0999999999999999,2026-09-10T22:58:21.215859+00:00,2026-09-03T00:15:40.704738+00:00
KXBTCD-26SEP0317-T79499.99,KXBTCD-26SEP0317,9,no,0.96,yes,False,-0.96,2026-09-10T22:58:21.215938+00:00,2026-09-03T00:30:40.102582+00:00
KXBTCD-26SEP0221-T77499.99,KXBTCD-26SEP0221,6,no,0.98,no,True,0.02,2026-09-10T22:58:21.216009+00:00,2026-09-03T00:30:40.102744+00:00
KXBTCD-26SEP0221-T76799.99,KXBTCD-26SEP0221,10,yes,0.9,yes,True,0.0999999999999999,2026-09-10T22:58:21.216075+00:00,2026-09-03T00:30:40.102799+00:00
KXBTCD-26SEP0417-T71999.99,KXBTCD-26SEP0417,10,yes,0.97,yes,True,0.03,2026-09-10T22:58:21.216136+00:00,2026-09-03T00:45:31.276911+00:00
KXBTCD-26SEP0222-T77499.99,KXBTCD-26SEP0222,9,no,0.76,no,True,0.24,2026-09-10T22:58:21.216195+00:00,2026-09-03T01:13:14.413377+00:00
KXBTCD-26SEP0222-T77399.99,KXBTCD-26SEP0222,5,no,0.62,no,True,0.38,2026-09-10T22:58:21.216255+00:00,2026-09-03T01:13:14.413414+00:00
KXBTCD-26SEP0222-T76899.99,KXBTCD-26SEP0222,7,yes,0.93,yes,True,0.0699999999999999,2026-09-10T22:58:21.216315+00:00,2026-09-03T01:13:14.413434+00:00
KXBTCD-26SEP0222-T76799.99,KXBTCD-26SEP0222,6,yes,0.95,yes,True,0.05,2026-09-10T22:58:21.216374+00:00,2026-09-03T01:13:14.413452+00:00
KXBTCD-26SEP0222-T76699.99,KXBTCD-26SEP0222,8,yes,0.97,yes,True,0.03,2026-09-10T22:58:21.216438+00:00,2026-09-03T01:13:14.413468+00:00
KXBTCD-26SEP0222-T76599.99,KXBTCD-26SEP0222,10,yes,0.98,yes,True,0.02,2026-09-10T22:58:21.216499+00:00,2026-09-03T01:13:14.413485+00:00
KXBTCD-26SEP0317-T75499.99,KXBTCD-26SEP0317,10,yes,0.93,yes,True,0.0699999999999999,2026-09-10T22:58:21.216558+00:00,2026-09-03T01:15:26.681588+00:00
KXBTCD-26SEP0222-T76999.99,KXBTCD-26SEP0222,5,yes,0.91,yes,True,0.0899999999999999,2026-09-10T22:58:21.216617+00:00,2026-09-03T01:15:26.681662+00:00
KXBTCD-26SEP0222-T77599.99,KXBTCD-26SEP0222,7,no,0.87,no,True,0.13,2026-09-10T22:58:21.216677+00:00,2026-09-03T01:30:29.069840+00:00
KXBTCD-26SEP0222-T77699.99,KXBTCD-26SEP0222,8,no,0.98,no,True,0.02,2026-09-10T22:58:21.216736+00:00,2026-09-03T01:45:27.274732+00:00
KXBTCD-26SEP0222-T77099.99,KXBTCD-26SEP0222,5,yes,0.93,yes,True,0.0699999999999999,2026-09-10T22:58:21.216796+00:00,2026-09-03T01:45:27.274807+00:00
KXBTCD-26SEP0223-T77699.99,KXBTCD-26SEP0223,8,no,0.85,yes,False,-0.85,2026-09-10T22:58:21.216855+00:00,2026-09-03T02:15:35.923406+00:00
KXBTCD-26SEP0223-T77599.99,KXBTCD-26SEP0223,7,no,0.75,yes,False,-0.75,2026-09-10T22:58:21.216938+00:00,2026-09-03T02:15:35.923459+00:00
KXBTCD-26SEP0223-T76999.99,KXBTCD-26SEP0223,6,yes,0.94,yes,True,0.06,2026-09-10T22:58:21.217009+00:00,2026-09-03T02:15:35.923512+00:00
KXBTCD-26SEP0223-T76899.99,KXBTCD-26SEP0223,9,yes,0.96,yes,True,0.04,2026-09-10T22:58:21.217070+00:00,2026-09-03T02:15:35.923540+00:00
KXBTCD-26SEP0223-T76599.99,KXBTCD-26SEP0223,10,yes,0.99,yes,True,0.01,2026-09-10T22:58:21.217130+00:00,2026-09-03T02:15:35.923567+00:00
KXBTCD-26SEP0417-T76999.99,KXBTCD-26SEP0417,8,yes,0.6,yes,True,0.4,2026-09-10T22:58:21.217189+00:00,2026-09-03T02:15:35.923629+00:00
KXBTCD-26SEP0317-T77249.99,KXBTCD-26SEP0317,5,yes,0.6,yes,True,0.4,2026-09-10T22:58:21.217248+00:00,2026-09-03T02:30:32.477811+00:00
KXBTCD-26SEP0223-T77799.99,KXBTCD-26SEP0223,9,no,0.88,no,True,0.12,2026-09-10T22:58:21.217307+00:00,2026-09-03T02:30:32.477884+00:00
KXBTCD-26SEP0223-T77199.99,KXBTCD-26SEP0223,5,yes,0.95,yes,True,0.05,2026-09-10T22:58:21.217366+00:00,2026-09-03T02:30:32.477922+00:00
KXBTCD-26SEP0223-T77099.99,KXBTCD-26SEP0223,7,yes,0.97,yes,True,0.03,2026-09-10T22:58:21.217426+00:00,2026-09-03T02:30:32.477944+00:00
KXBTCD-26SEP0223-T77999.99,KXBTCD-26SEP0223,8,no,0.96,no,True,0.04,2026-09-10T22:58:21.217484+00:00,2026-09-03T02:45:40.652782+00:00
KXBTCD-26SEP0223-T77899.99,KXBTCD-26SEP0223,6,no,0.88,no,True,0.12,2026-09-10T22:58:21.217543+00:00,2026-09-03T02:45:40.652836+00:00
KXBTCD-26SEP0223-T77299.99,KXBTCD-26SEP0223,7,yes,0.98,yes,True,0.02,2026-09-10T22:58:21.217602+00:00,2026-09-03T02:45:40.652885+00:00
KXBTCD-26SEP0300-T78399.99,KXBTCD-26SEP0300,9,no,0.98,no,True,0.02,2026-09-10T22:58:21.217662+00:00,2026-09-03T03:01:10.075091+00:00
KXBTCD-26SEP0300-T78199.99,KXBTCD-26SEP0300,6,no,0.96,no,True,0.04,2026-09-10T22:58:21.217720+00:00,2026-09-03T03:01:10.075161+00:00
KXBTCD-26SEP0300-T78099.99,KXBTCD-26SEP0300,8,no,0.93,no,True,0.0699999999999999,2026-09-10T22:58:21.217779+00:00,2026-09-03T03:01:10.075213+00:00
KXBTCD-26SEP0300-T77399.99,KXBTCD-26SEP0300,5,yes,0.92,yes,True,0.0799999999999999,2026-09-10T22:58:21.217844+00:00,2026-09-03T03:01:10.075262+00:00
KXBTCD-26SEP0300-T77299.99,KXBTCD-26SEP0300,7,yes,0.96,yes,True,0.04,2026-09-10T22:58:21.217903+00:00,2026-09-03T03:01:10.075308+00:00
KXBTCD-26SEP0300-T77199.99,KXBTCD-26SEP0300,10,yes,0.97,yes,True,0.03,2026-09-10T22:58:21.217988+00:00,2026-09-03T03:01:10.075355+00:00
KXBTCD-26SEP0300-T77899.99,KXBTCD-26SEP0300,5,no,0.68,no,True,0.3199999999999999,2026-09-10T22:58:21.218049+00:00,2026-09-03T03:15:28.620025+00:00
KXBTCD-26SEP0300-T77499.99,KXBTCD-26SEP0300,6,yes,0.91,yes,True,0.0899999999999999,2026-09-10T22:58:21.218107+00:00,2026-09-03T03:15:28.620067+00:00
KXBTCD-26SEP0300-T77999.99,KXBTCD-26SEP0300,5,no,0.98,no,True,0.02,2026-09-10T22:58:21.218172+00:00,2026-09-03T03:45:47.473493+00:00
KXBTCD-26SEP0301-T78199.99,KXBTCD-26SEP0301,9,no,0.98,no,True,0.02,2026-09-10T22:58:21.218234+00:00,2026-09-03T04:15:30.552017+00:00
KXBTCD-26SEP0301-T78099.99,KXBTCD-26SEP0301,8,no,0.97,no,True,0.03,2026-09-10T22:58:21.218293+00:00,2026-09-03T04:15:30.552068+00:00
KXBTCD-26SEP0301-T77999.99,KXBTCD-26SEP0301,6,no,0.96,no,True,0.04,2026-09-10T22:58:21.218352+00:00,2026-09-03T04:15:30.552096+00:00
KXBTCD-26SEP0301-T77499.99,KXBTCD-26SEP0301,5,yes,0.73,yes,True,0.27,2026-09-10T22:58:21.218411+00:00,2026-09-03T04:15:30.552121+00:00
KXBTCD-26SEP0301-T77399.99,KXBTCD-26SEP0301,7,yes,0.88,yes,True,0.12,2026-09-10T22:58:21.218469+00:00,2026-09-03T04:15:30.552146+00:00
KXBTCD-26SEP0301-T77299.99,KXBTCD-26SEP0301,10,yes,0.94,yes,True,0.06,2026-09-10T22:58:21.218527+00:00,2026-09-03T04:15:30.552170+00:00
KXBTCD-26SEP0301-T77899.99,KXBTCD-26SEP0301,5,no,0.98,no,True,0.02,2026-09-10T22:58:21.218586+00:00,2026-09-03T04:30:33.769864+00:00
KXBTCD-26SEP0317-T77999.99,KXBTCD-26SEP0317,5,no,0.68,yes,False,-0.68,2026-09-10T22:58:21.218644+00:00,2026-09-03T05:48:53.713418+00:00
KXBTCD-26SEP0317-T78999.99,KXBTCD-26SEP0317,8,no,0.84,yes,False,-0.84,2026-09-10T22:58:21.218702+00:00,2026-09-03T06:30:30.407641+00:00
KXBTCD-26SEP0306-T77899.99,KXBTCD-26SEP0306,6,no,0.64,no,True,0.36,2026-09-10T22:58:21.218762+00:00,2026-09-03T09:00:34.744399+00:00
KXBTCD-26SEP0306-T77499.99,KXBTCD-26SEP0306,5,yes,0.89,yes,True,0.1099999999999999,2026-09-10T22:58:21.218821+00:00,2026-09-03T09:00:34.744466+00:00
KXBTCD-26SEP0306-T78199.99,KXBTCD-26SEP0306,8,no,0.94,no,True,0.06,2026-09-10T22:58:21.218879+00:00,2026-09-03T09:15:25.671636+00:00
KXBTCD-26SEP0306-T78099.99,KXBTCD-26SEP0306,6,no,0.88,no,True,0.12,2026-09-10T22:58:21.218966+00:00,2026-09-03T09:15:25.671698+00:00
KXBTCD-26SEP0306-T77999.99,KXBTCD-26SEP0306,5,no,0.77,no,True,0.2299999999999999,2026-09-10T22:58:21.219033+00:00,2026-09-03T09:15:25.671737+00:00
KXBTCD-26SEP0306-T77299.99,KXBTCD-26SEP0306,9,yes,0.98,yes,True,0.02,2026-09-10T22:58:21.219111+00:00,2026-09-03T09:15:25.671793+00:00
KXBTCD-26SEP0306-T77199.99,KXBTCD-26SEP0306,10,yes,0.98,yes,True,0.02,2026-09-10T22:58:21.219171+00:00,2026-09-03T09:15:25.671826+00:00
KXBTCD-26SEP0306-T78299.99,KXBTCD-26SEP0306,10,no,0.99,no,True,0.01,2026-09-10T22:58:21.219230+00:00,2026-09-03T09:30:36.935906+00:00
KXBTCD-26SEP0306-T77399.99,KXBTCD-26SEP0306,9,yes,0.97,yes,True,0.03,2026-09-10T22:58:21.219288+00:00,2026-09-03T09:30:36.936028+00:00
KXBTCD-26SEP0307-T78099.99,KXBTCD-26SEP0307,10,no,0.97,no,True,0.03,2026-09-10T22:58:21.219351+00:00,2026-09-03T10:08:02.196587+00:00
KXBTCD-26SEP0307-T77999.99,KXBTCD-26SEP0307,9,no,0.95,no,True,0.05,2026-09-10T22:58:21.219414+00:00,2026-09-03T10:08:02.196648+00:00
KXBTCD-26SEP0307-T77899.99,KXBTCD-26SEP0307,6,no,0.9,no,True,0.0999999999999999,2026-09-10T22:58:21.219473+00:00,2026-09-03T10:08:02.196687+00:00
KXBTCD-26SEP0307-T77799.99,KXBTCD-26SEP0307,7,no,0.81,no,True,0.1899999999999999,2026-09-10T22:58:21.219534+00:00,2026-09-03T10:08:02.196722+00:00
KXBTCD-26SEP0307-T77299.99,KXBTCD-26SEP0307,5,yes,0.93,yes,True,0.0699999999999999,2026-09-10T22:58:21.219593+00:00,2026-09-03T10:08:02.196754+00:00
KXBTCD-26SEP0307-T77199.99,KXBTCD-26SEP0307,8,yes,0.97,yes,True,0.03,2026-09-10T22:58:21.219653+00:00,2026-09-03T10:08:02.196787+00:00
KXBTCD-26SEP0308-T78199.99,KXBTCD-26SEP0308,10,no,0.95,no,True,0.05,2026-09-10T22:58:21.219713+00:00,2026-09-03T11:15:42.646380+00:00
KXBTCD-26SEP0308-T78099.99,KXBTCD-26SEP0308,9,no,0.89,no,True,0.1099999999999999,2026-09-10T22:58:21.219772+00:00,2026-09-03T11:15:42.646451+00:00
KXBTCD-26SEP0308-T77999.99,KXBTCD-26SEP0308,5,no,0.79,no,True,0.2099999999999999,2026-09-10T22:58:21.219838+00:00,2026-09-03T11:15:42.646503+00:00
KXBTCD-26SEP0308-T77499.99,KXBTCD-26SEP0308,6,yes,0.92,yes,True,0.0799999999999999,2026-09-10T22:58:21.219899+00:00,2026-09-03T11:15:42.646552+00:00
KXBTCD-26SEP0308-T77399.99,KXBTCD-26SEP0308,7,yes,0.96,yes,True,0.04,2026-09-10T22:58:21.219985+00:00,2026-09-03T11:15:42.646599+00:00
KXBTCD-26SEP0308-T77299.99,KXBTCD-26SEP0308,8,yes,0.98,yes,True,0.02,2026-09-10T22:58:21.220047+00:00,2026-09-03T11:15:42.646646+00:00
KXBTCD-26SEP0308-T77599.99,KXBTCD-26SEP0308,5,yes,0.95,yes,True,0.05,2026-09-10T22:58:21.220106+00:00,2026-09-03T11:30:32.339757+00:00
KXBTCD-26SEP0309-T77399.99,KXBTCD-26SEP0309,5,yes,0.96,yes,True,0.04,2026-09-10T22:58:21.220167+00:00,2026-09-03T12:00:49.274306+00:00
KXBTCD-26SEP0309-T77299.99,KXBTCD-26SEP0309,6,yes,0.98,yes,True,0.02,2026-09-10T22:58:21.220226+00:00,2026-09-03T12:00:49.274359+00:00
KXBTCD-26SEP0309-T78599.99,KXBTCD-26SEP0309,10,no,0.96,yes,False,-0.96,2026-09-10T22:58:21.220286+00:00,2026-09-03T12:15:33.054198+00:00
KXBTCD-26SEP0309-T78399.99,KXBTCD-26SEP0309,9,no,0.91,yes,False,-0.91,2026-09-10T22:58:21.220346+00:00,2026-09-03T12:15:33.054245+00:00
KXBTCD-26SEP0309-T78199.99,KXBTCD-26SEP0309,5,no,0.73,yes,False,-0.73,2026-09-10T22:58:21.220405+00:00,2026-09-03T12:15:33.054274+00:00
KXBTCD-26SEP0309-T77699.99,KXBTCD-26SEP0309,6,yes,0.9,yes,True,0.0999999999999999,2026-09-10T22:58:21.220464+00:00,2026-09-03T12:15:33.054300+00:00
KXBTCD-26SEP0309-T77599.99,KXBTCD-26SEP0309,7,yes,0.94,yes,True,0.06,2026-09-10T22:58:21.220523+00:00,2026-09-03T12:15:33.054325+00:00
KXBTCD-26SEP0309-T77499.99,KXBTCD-26SEP0309,8,yes,0.97,yes,True,0.03,2026-09-10T22:58:21.220585+00:00,2026-09-03T12:15:33.054349+00:00
KXBTCD-26SEP0309-T78299.99,KXBTCD-26SEP0309,7,no,0.81,yes,False,-0.81,2026-09-10T22:58:21.220647+00:00,2026-09-03T12:30:35.595516+00:00
KXBTCD-26SEP0309-T78499.99,KXBTCD-26SEP0309,9,no,0.9,yes,False,-0.9,2026-09-10T22:58:21.220715+00:00,2026-09-03T12:45:29.439266+00:00
KXBTCD-26SEP0309-T77799.99,KXBTCD-26SEP0309,5,yes,0.98,yes,True,0.02,2026-09-10T22:58:21.220774+00:00,2026-09-03T12:45:29.439401+00:00
KXBTCD-26SEP0309-T78099.99,KXBTCD-26SEP0309,5,yes,0.99,yes,True,0.01,2026-09-10T22:58:21.220833+00:00,2026-09-03T13:00:41.023881+00:00
KXBTCD-26SEP0309-T77999.99,KXBTCD-26SEP0309,8,yes,0.99,yes,True,0.01,2026-09-10T22:58:21.220892+00:00,2026-09-03T13:00:41.023936+00:00
KXBTCD-26SEP0309-T77899.99,KXBTCD-26SEP0309,9,yes,0.99,yes,True,0.01,2026-09-10T22:58:21.220973+00:00,2026-09-03T13:00:41.023970+00:00
KXBTCD-26SEP0310-T78999.99,KXBTCD-26SEP0310,8,no,0.87,no,True,0.13,2026-09-10T22:58:21.221036+00:00,2026-09-03T13:15:38.760487+00:00
KXBTCD-26SEP0310-T78899.99,KXBTCD-26SEP0310,10,no,0.83,no,True,0.17,2026-09-10T22:58:21.221095+00:00,2026-09-03T13:15:38.760557+00:00
KXBTCD-26SEP0310-T78699.99,KXBTCD-26SEP0310,5,no,0.67,yes,False,-0.67,2026-09-10T22:58:21.221152+00:00,2026-09-03T13:15:38.760609+00:00
KXBTCD-26SEP0310-T78299.99,KXBTCD-26SEP0310,6,yes,0.73,yes,True,0.27,2026-09-10T22:58:21.221210+00:00,2026-09-03T13:15:38.760658+00:00
KXBTCD-26SEP0310-T78199.99,KXBTCD-26SEP0310,9,yes,0.81,yes,True,0.1899999999999999,2026-09-10T22:58:21.221268+00:00,2026-09-03T13:15:38.760706+00:00
KXBTCD-26SEP0310-T77999.99,KXBTCD-26SEP0310,7,yes,0.91,yes,True,0.0899999999999999,2026-09-10T22:58:21.221326+00:00,2026-09-03T13:15:38.760753+00:00
KXBTCD-26SEP0310-T79099.99,KXBTCD-26SEP0310,9,no,0.95,no,True,0.05,2026-09-10T22:58:21.221386+00:00,2026-09-03T13:30:49.791453+00:00
KXBTCD-26SEP0310-T78799.99,KXBTCD-26SEP0310,5,no,0.84,yes,False,-0.84,2026-09-10T22:58:21.221445+00:00,2026-09-03T13:30:49.791561+00:00
KXBTCD-26SEP0310-T78099.99,KXBTCD-26SEP0310,10,yes,0.89,yes,True,0.1099999999999999,2026-09-10T22:58:21.221504+00:00,2026-09-03T13:30:49.791647+00:00
KXBTCD-26SEP0310-T78499.99,KXBTCD-26SEP0310,5,yes,0.99,yes,True,0.01,2026-09-10T22:58:21.221562+00:00,2026-09-03T14:00:51.470796+00:00
KXBTCD-26SEP0310-T78399.99,KXBTCD-26SEP0310,6,yes,0.99,yes,True,0.01,2026-09-10T22:58:21.221622+00:00,2026-09-03T14:00:51.470864+00:00
KXBTCD-26SEP0311-T79499.99,KXBTCD-26SEP0311,5,no,0.92,yes,False,-0.92,2026-09-10T22:58:21.221687+00:00,2026-09-03T14:15:35.227217+00:00
KXBTCD-26SEP0311-T79199.99,KXBTCD-26SEP0311,8,no,0.76,yes,False,-0.76,2026-09-10T22:58:21.221756+00:00,2026-09-03T14:15:35.227280+00:00
KXBTCD-26SEP0311-T79099.99,KXBTCD-26SEP0311,7,no,0.67,yes,False,-0.67,2026-09-10T22:58:21.221819+00:00,2026-09-03T14:15:35.227319+00:00
KXBTCD-26SEP0311-T78699.99,KXBTCD-26SEP0311,6,yes,0.73,yes,True,0.27,2026-09-10T22:58:21.221879+00:00,2026-09-03T14:15:35.227354+00:00
KXBTCD-26SEP0311-T78499.99,KXBTCD-26SEP0311,9,yes,0.87,yes,True,0.13,2026-09-10T22:58:21.221958+00:00,2026-09-03T14:15:35.227387+00:00
KXBTCD-26SEP0311-T78399.99,KXBTCD-26SEP0311,10,yes,0.91,yes,True,0.0899999999999999,2026-09-10T22:58:21.222023+00:00,2026-09-03T14:15:35.227419+00:00
KXBTCD-26SEP0311-T79399.99,KXBTCD-26SEP0311,9,yes,0.75,yes,True,0.25,2026-09-10T22:58:21.222082+00:00,2026-09-03T14:30:34.840636+00:00
KXBTCD-26SEP0311-T79299.99,KXBTCD-26SEP0311,8,yes,0.83,yes,True,0.17,2026-09-10T22:58:21.222141+00:00,2026-09-03T14:30:34.840701+00:00
KXBTCD-26SEP0311-T78799.99,KXBTCD-26SEP0311,5,yes,0.97,yes,True,0.03,2026-09-10T22:58:21.222200+00:00,2026-09-03T14:30:34.840785+00:00
KXBTCD-26SEP0311-T79999.99,KXBTCD-26SEP0311,7,no,0.81,yes,False,-0.81,2026-09-10T22:58:21.222259+00:00,2026-09-03T14:45:44.469274+00:00
KXBTCD-26SEP0311-T79899.99,KXBTCD-26SEP0311,8,no,0.67,yes,False,-0.67,2026-09-10T22:58:21.222317+00:00,2026-09-03T14:45:44.469347+00:00
KXBTCD-26SEP0311-T78999.99,KXBTCD-26SEP0311,6,yes,0.98,yes,True,0.02,2026-09-10T22:58:21.222377+00:00,2026-09-03T14:45:44.469469+00:00
KXBTCD-26SEP0311-T78899.99,KXBTCD-26SEP0311,5,yes,0.99,yes,True,0.01,2026-09-10T22:58:21.222444+00:00,2026-09-03T14:45:44.469545+00:00
KXBTCD-26SEP0311-T80399.99,KXBTCD-26SEP0311,7,yes,0.99,yes,True,0.01,2026-09-10T22:58:21.222503+00:00,2026-09-03T15:00:44.391973+00:00
KXBTCD-26SEP0311-T80099.99,KXBTCD-26SEP0311,5,yes,0.99,yes,True,0.01,2026-09-10T22:58:21.222561+00:00,2026-09-03T15:00:44.392048+00:00
KXBTCD-26SEP0311-T79799.99,KXBTCD-26SEP0311,6,yes,0.99,yes,True,0.01,2026-09-10T22:58:21.222620+00:00,2026-09-03T15:00:44.392102+00:00
KXBTCD-26SEP0311-T79699.99,KXBTCD-26SEP0311,10,yes,0.99,yes,True,0.01,2026-09-10T22:58:21.222678+00:00,2026-09-03T15:00:44.392153+00:00
KXBTCD-26SEP0311-T79599.99,KXBTCD-26SEP0311,8,yes,0.99,yes,True,0.01,2026-09-10T22:58:21.222743+00:00,2026-09-03T15:00:44.392202+00:00
KXBTCD-26SEP0312-T81399.99,KXBTCD-26SEP0312,7,no,0.92,no,True,0.0799999999999999,2026-09-10T22:58:21.222803+00:00,2026-09-03T15:15:52.073344+00:00
KXBTCD-26SEP0312-T81199.99,KXBTCD-26SEP0312,9,no,0.88,yes,False,-0.88,2026-09-10T22:58:21.222862+00:00,2026-09-03T15:15:52.073401+00:00
KXBTCD-26SEP0312-T81099.99,KXBTCD-26SEP0312,10,no,0.84,yes,False,-0.84,2026-09-10T22:58:21.222945+00:00,2026-09-03T15:15:52.073435+00:00
KXBTCD-26SEP0312-T80899.99,KXBTCD-26SEP0312,6,no,0.75,yes,False,-0.75,2026-09-10T22:58:21.223020+00:00,2026-09-03T15:15:52.073464+00:00
KXBTCD-26SEP0312-T80399.99,KXBTCD-26SEP0312,8,yes,0.63,yes,True,0.37,2026-09-10T22:58:21.223093+00:00,2026-09-03T15:15:52.073515+00:00
KXBTCD-26SEP0312-T80499.99,KXBTCD-26SEP0312,5,yes,0.76,yes,True,0.24,2026-09-10T22:58:21.223153+00:00,2026-09-03T15:30:41.531625+00:00
KXBTCD-26SEP0312-T80099.99,KXBTCD-26SEP0312,10,yes,0.96,yes,True,0.04,2026-09-10T22:58:21.223212+00:00,2026-09-03T15:30:41.531722+00:00
KXBTCD-26SEP0312-T80599.99,KXBTCD-26SEP0312,5,yes,0.89,yes,True,0.1099999999999999,2026-09-10T22:58:21.223270+00:00,2026-09-03T15:45:45.963224+00:00
KXBTCD-26SEP0312-T80299.99,KXBTCD-26SEP0312,10,yes,0.98,yes,True,0.02,2026-09-10T22:58:21.223329+00:00,2026-09-03T15:45:45.963361+00:00
KXBTCD-26SEP0312-T81299.99,KXBTCD-26SEP0312,5,yes,0.99,yes,True,0.01,2026-09-10T22:58:21.223388+00:00,2026-09-03T16:00:51.620422+00:00
KXBTCD-26SEP0312-T80699.99,KXBTCD-26SEP0312,6,yes,0.99,yes,True,0.01,2026-09-10T22:58:21.223448+00:00,2026-09-03T16:00:51.620499+00:00
KXBTCD-26SEP0313-T81499.99,KXBTCD-26SEP0313,10,no,0.88,no,True,0.12,2026-09-10T22:58:21.223507+00:00,2026-09-03T16:15:48.385300+00:00
KXBTCD-26SEP0313-T81399.99,KXBTCD-26SEP0313,7,no,0.85,no,True,0.15,2026-09-10T22:58:21.223566+00:00,2026-09-03T16:15:48.385380+00:00
KXBTCD-26SEP0313-T81299.99,KXBTCD-26SEP0313,5,no,0.8,no,True,0.1999999999999999,2026-09-10T22:58:21.223625+00:00,2026-09-03T16:15:48.385420+00:00
KXBTCD-26SEP0313-T80799.99,KXBTCD-26SEP0313,6,yes,0.61,yes,True,0.39,2026-09-10T22:58:21.223684+00:00,2026-09-03T16:15:48.385454+00:00
KXBTCD-26SEP0313-T80699.99,KXBTCD-26SEP0313,8,yes,0.7,yes,True,0.3,2026-09-10T22:58:21.223748+00:00,2026-09-03T16:15:48.385486+00:00
KXBTCD-26SEP0313-T80499.99,KXBTCD-26SEP0313,9,yes,0.84,yes,True,0.16,2026-09-10T22:58:21.223807+00:00,2026-09-03T16:15:48.385516+00:00
KXBTCD-26SEP0313-T81199.99,KXBTCD-26SEP0313,6,no,0.88,no,True,0.12,2026-09-10T22:58:21.223866+00:00,2026-09-03T16:30:53.055029+00:00
KXBTCD-26SEP0313-T81099.99,KXBTCD-26SEP0313,5,no,0.83,no,True,0.17,2026-09-10T22:58:21.223947+00:00,2026-09-03T16:30:53.055076+00:00
KXBTCD-26SEP0313-T80599.99,KXBTCD-26SEP0313,7,yes,0.7,yes,True,0.3,2026-09-10T22:58:21.224025+00:00,2026-09-03T16:30:53.055106+00:00
KXBTCD-26SEP0317-T80999.99,KXBTCD-26SEP0317,10,no,0.6,yes,False,-0.6,2026-09-10T22:58:21.224084+00:00,2026-09-03T16:30:53.055150+00:00
KXBTCD-26SEP0314-T81499.99,KXBTCD-26SEP0314,7,no,0.89,no,True,0.1099999999999999,2026-09-10T22:58:21.224145+00:00,2026-09-03T17:15:49.881254+00:00
KXBTCD-26SEP0314-T81399.99,KXBTCD-26SEP0314,10,no,0.83,no,True,0.17,2026-09-10T22:58:21.224208+00:00,2026-09-03T17:15:49.881328+00:00
KXBTCD-26SEP0314-T81299.99,KXBTCD-26SEP0314,8,no,0.75,no,True,0.25,2026-09-10T22:58:21.224269+00:00,2026-09-03T17:15:49.881381+00:00
KXBTCD-26SEP0314-T81199.99,KXBTCD-26SEP0314,9,no,0.64,no,True,0.36,2026-09-10T22:58:21.224334+00:00,2026-09-03T17:15:49.881457+00:00
KXBTCD-26SEP0314-T80599.99,KXBTCD-26SEP0314,6,yes,0.94,yes,True,0.06,2026-09-10T22:58:21.224393+00:00,2026-09-03T17:15:49.881544+00:00
KXBTCD-26SEP0317-T81999.99,KXBTCD-26SEP0317,10,no,0.88,no,True,0.12,2026-09-10T22:58:21.224451+00:00,2026-09-03T17:15:49.881592+00:00
KXBTCD-26SEP0317-T80749.99,KXBTCD-26SEP0317,9,yes,0.65,yes,True,0.35,2026-09-10T22:58:21.224510+00:00,2026-09-03T17:15:49.881673+00:00
KXBTCD-26SEP0314-T81699.99,KXBTCD-26SEP0314,7,no,0.98,no,True,0.02,2026-09-10T22:58:21.224569+00:00,2026-09-03T17:31:03.473072+00:00
KXBTCD-26SEP0314-T80799.99,KXBTCD-26SEP0314,5,yes,0.95,yes,True,0.05,2026-09-10T22:58:21.224629+00:00,2026-09-03T17:45:51.395505+00:00
KXBTCD-26SEP0315-T80699.99,KXBTCD-26SEP0315,5,yes,0.83,yes,True,0.17,2026-09-10T22:58:21.224689+00:00,2026-09-03T18:00:45.601488+00:00
KXBTCD-26SEP0315-T80599.99,KXBTCD-26SEP0315,6,yes,0.91,yes,True,0.0899999999999999,2026-09-10T22:58:21.224748+00:00,2026-09-03T18:00:45.601554+00:00
KXBTCD-26SEP0315-T81599.99,KXBTCD-26SEP0315,9,no,0.81,no,True,0.1899999999999999,2026-09-10T22:58:21.224806+00:00,2026-09-03T18:15:33.730379+00:00
KXBTCD-26SEP0315-T81399.99,KXBTCD-26SEP0315,6,no,0.63,no,True,0.37,2026-09-10T22:58:21.224865+00:00,2026-09-03T18:15:33.730452+00:00
KXBTCD-26SEP0315-T80999.99,KXBTCD-26SEP0315,5,yes,0.86,yes,True,0.14,2026-09-10T22:58:21.224943+00:00,2026-09-03T18:15:33.730487+00:00
KXBTCD-26SEP0315-T80899.99,KXBTCD-26SEP0315,7,yes,0.91,yes,True,0.0899999999999999,2026-09-10T22:58:21.225009+00:00,2026-09-03T18:15:33.730518+00:00
KXBTCD-26SEP0315-T80799.99,KXBTCD-26SEP0315,8,yes,0.95,yes,True,0.05,2026-09-10T22:58:21.225070+00:00,2026-09-03T18:15:33.730549+00:00
KXBTCD-26SEP0315-T81499.99,KXBTCD-26SEP0315,5,no,0.97,no,True,0.03,2026-09-10T22:58:21.225129+00:00,2026-09-03T18:30:40.719429+00:00
KXBTCD-26SEP0316-T81799.99,KXBTCD-26SEP0316,9,no,0.96,no,True,0.04,2026-09-10T22:58:21.225188+00:00,2026-09-03T19:15:47.218652+00:00
KXBTCD-26SEP0316-T81699.99,KXBTCD-26SEP0316,7,no,0.93,yes,False,-0.93,2026-09-10T22:58:21.225247+00:00,2026-09-03T19:15:47.218743+00:00
KXBTCD-26SEP0316-T81599.99,KXBTCD-26SEP0316,6,no,0.89,yes,False,-0.89,2026-09-10T22:58:21.225306+00:00,2026-09-03T19:15:47.218812+00:00
KXBTCD-26SEP0316-T80999.99,KXBTCD-26SEP0316,10,yes,0.75,yes,True,0.25,2026-09-10T22:58:21.225364+00:00,2026-09-03T19:15:47.218925+00:00
KXBTCD-26SEP0316-T80899.99,KXBTCD-26SEP0316,8,yes,0.83,yes,True,0.17,2026-09-10T22:58:21.225427+00:00,2026-09-03T19:15:47.218987+00:00
KXBTCD-26SEP0316-T81199.99,KXBTCD-26SEP0316,5,yes,0.91,yes,True,0.0899999999999999,2026-09-10T22:58:21.225489+00:00,2026-09-03T19:30:46.164166+00:00
KXBTCD-26SEP0316-T81099.99,KXBTCD-26SEP0316,6,yes,0.95,yes,True,0.05,2026-09-10T22:58:21.225548+00:00,2026-09-03T19:30:46.164232+00:00
KXBTCD-26SEP0417-T80999.99,KXBTCD-26SEP0417,9,yes,0.61,no,False,-0.61,2026-09-10T22:58:21.225608+00:00,2026-09-03T20:00:49.332629+00:00
KXBTCD-26SEP0417-T77999.99,KXBTCD-26SEP0417,5,yes,0.94,yes,True,0.06,2026-09-10T22:58:21.225668+00:00,2026-09-03T20:00:49.332679+00:00
KXBTCD-26SEP0318-T81999.99,KXBTCD-26SEP0318,9,no,0.88,no,True,0.12,2026-09-10T22:58:21.225732+00:00,2026-09-03T21:15:34.915838+00:00
KXBTCD-26SEP0318-T81799.99,KXBTCD-26SEP0318,7,no,0.74,no,True,0.26,2026-09-10T22:58:21.225792+00:00,2026-09-03T21:15:34.915908+00:00
KXBTCD-26SEP0318-T81699.99,KXBTCD-26SEP0318,6,no,0.62,no,True,0.38,2026-09-10T22:58:21.225851+00:00,2026-09-03T21:15:34.915962+00:00
KXBTCD-26SEP0318-T81199.99,KXBTCD-26SEP0318,5,yes,0.9,yes,True,0.0999999999999999,2026-09-10T22:58:21.225931+00:00,2026-09-03T21:15:34.916011+00:00
KXBTCD-26SEP0318-T81099.99,KXBTCD-26SEP0318,8,yes,0.94,yes,True,0.06,2026-09-10T22:58:21.226001+00:00,2026-09-03T21:15:34.916058+00:00
KXBTCD-26SEP0318-T80999.99,KXBTCD-26SEP0318,10,yes,0.96,yes,True,0.04,2026-09-10T22:58:21.226062+00:00,2026-09-03T21:15:34.916105+00:00
KXBTCD-26SEP0318-T81899.99,KXBTCD-26SEP0318,9,no,0.71,no,True,0.29,2026-09-10T22:58:21.226122+00:00,2026-09-03T21:30:57.127791+00:00
KXBTCD-26SEP0318-T82099.99,KXBTCD-26SEP0318,9,no,0.98,no,True,0.02,2026-09-10T22:58:21.226180+00:00,2026-09-03T21:45:43.085661+00:00
KXBTCD-26SEP0318-T81399.99,KXBTCD-26SEP0318,5,yes,0.8,yes,True,0.1999999999999999,2026-09-10T22:58:21.226238+00:00,2026-09-03T21:45:43.085767+00:00
KXBTCD-26SEP0318-T81299.99,KXBTCD-26SEP0318,8,yes,0.9,yes,True,0.0999999999999999,2026-09-10T22:58:21.226297+00:00,2026-09-03T21:45:43.085801+00:00
KXBTCD-26SEP0319-T81999.99,KXBTCD-26SEP0319,8,no,0.95,no,True,0.05,2026-09-10T22:58:21.226355+00:00,2026-09-03T22:15:56.984823+00:00
KXBTCD-26SEP0319-T81799.99,KXBTCD-26SEP0319,9,no,0.87,no,True,0.13,2026-09-10T22:58:21.226414+00:00,2026-09-03T22:15:56.984896+00:00
KXBTCD-26SEP0319-T81699.99,KXBTCD-26SEP0319,5,no,0.79,no,True,0.2099999999999999,2026-09-10T22:58:21.226472+00:00,2026-09-03T22:15:56.984948+00:00
KXBTCD-26SEP0319-T81199.99,KXBTCD-26SEP0319,6,yes,0.74,no,False,-0.74,2026-09-10T22:58:21.226530+00:00,2026-09-03T22:15:56.984997+00:00
KXBTCD-26SEP0319-T81099.99,KXBTCD-26SEP0319,7,yes,0.83,yes,True,0.17,2026-09-10T22:58:21.226593+00:00,2026-09-03T22:15:56.985044+00:00
KXBTCD-26SEP0319-T80999.99,KXBTCD-26SEP0319,10,yes,0.9,yes,True,0.0999999999999999,2026-09-10T22:58:21.226654+00:00,2026-09-03T22:15:56.985091+00:00
KXBTCD-26SEP0417-T81999.99,KXBTCD-26SEP0417,10,no,0.63,no,True,0.37,2026-09-10T22:58:21.226712+00:00,2026-09-03T22:15:56.985138+00:00
KXBTCD-26SEP0319-T81599.99,KXBTCD-26SEP0319,6,no,0.97,no,True,0.03,2026-09-10T22:58:21.226772+00:00,2026-09-03T22:45:54.026601+00:00
KXBTCD-26SEP0319-T80899.99,KXBTCD-26SEP0319,9,yes,0.96,yes,True,0.04,2026-09-10T22:58:21.226830+00:00,2026-09-03T22:45:54.026706+00:00
KXBTCD-26SEP0319-T80799.99,KXBTCD-26SEP0319,10,yes,0.97,yes,True,0.03,2026-09-10T22:58:21.226888+00:00,2026-09-03T22:45:54.026737+00:00
KXBTCD-26SEP0319-T81499.99,KXBTCD-26SEP0319,5,no,0.97,no,True,0.03,2026-09-10T22:58:21.226974+00:00,2026-09-03T22:50:18.289253+00:00
KXBTCD-26SEP0320-T81599.99,KXBTCD-26SEP0320,9,no,0.87,no,True,0.13,2026-09-10T22:58:21.227037+00:00,2026-09-03T23:15:58.252263+00:00
KXBTCD-26SEP0320-T81499.99,KXBTCD-26SEP0320,7,no,0.82,no,True,0.18,2026-09-10T22:58:21.227096+00:00,2026-09-03T23:15:58.252333+00:00
KXBTCD-26SEP0320-T80999.99,KXBTCD-26SEP0320,5,yes,0.76,yes,True,0.24,2026-09-10T22:58:21.227154+00:00,2026-09-03T23:15:58.252408+00:00
KXBTCD-26SEP0320-T80899.99,KXBTCD-26SEP0320,6,yes,0.85,yes,True,0.15,2026-09-10T22:58:21.227213+00:00,2026-09-03T23:15:58.252466+00:00
KXBTCD-26SEP0320-T80799.99,KXBTCD-26SEP0320,8,yes,0.92,yes,True,0.0799999999999999,2026-09-10T22:58:21.227272+00:00,2026-09-03T23:15:58.252516+00:00
KXBTCD-26SEP0320-T80699.99,KXBTCD-26SEP0320,10,yes,0.96,yes,True,0.04,2026-09-10T22:58:21.227330+00:00,2026-09-03T23:15:58.252564+00:00
KXBTCD-26SEP0320-T81699.99,KXBTCD-26SEP0320,10,no,0.97,no,True,0.03,2026-09-10T22:58:21.227388+00:00,2026-09-03T23:31:02.435640+00:00
KXBTCD-26SEP0320-T81399.99,KXBTCD-26SEP0320,5,no,0.77,no,True,0.2299999999999999,2026-09-10T22:58:21.227447+00:00,2026-09-03T23:31:02.435779+00:00
KXBTCD-26SEP0321-T81699.99,KXBTCD-26SEP0321,10,no,0.92,no,True,0.0799999999999999,2026-09-10T22:58:21.227504+00:00,2026-09-04T00:15:50.658134+00:00
KXBTCD-26SEP0321-T81599.99,KXBTCD-26SEP0321,8,no,0.88,no,True,0.12,2026-09-10T22:58:21.227562+00:00,2026-09-04T00:15:50.658228+00:00
KXBTCD-26SEP0321-T81499.99,KXBTCD-26SEP0321,9,no,0.81,no,True,0.1899999999999999,2026-09-10T22:58:21.227621+00:00,2026-09-04T00:15:50.658282+00:00
KXBTCD-26SEP0321-T81399.99,KXBTCD-26SEP0321,7,no,0.67,no,True,0.3299999999999999,2026-09-10T22:58:21.227685+00:00,2026-09-04T00:15:50.658331+00:00
KXBTCD-26SEP0321-T80799.99,KXBTCD-26SEP0321,6,yes,0.94,yes,True,0.06,2026-09-10T22:58:21.227746+00:00,2026-09-04T00:15:50.658415+00:00
KXBTCD-26SEP0321-T80999.99,KXBTCD-26SEP0321,5,yes,0.76,no,False,-0.76,2026-09-10T22:58:21.227809+00:00,2026-09-04T00:28:43.871655+00:00
KXBTCD-26SEP0321-T80899.99,KXBTCD-26SEP0321,5,yes,0.95,yes,True,0.05,2026-09-10T22:58:21.227871+00:00,2026-09-04T00:45:40.706120+00:00
KXBTCD-26SEP0322-T81499.99,KXBTCD-26SEP0322,9,no,0.94,no,True,0.06,2026-09-10T22:58:21.227950+00:00,2026-09-04T01:15:44.150157+00:00
KXBTCD-26SEP0322-T81399.99,KXBTCD-26SEP0322,8,no,0.91,no,True,0.0899999999999999,2026-09-10T22:58:21.228015+00:00,2026-09-04T01:15:44.150219+00:00
KXBTCD-26SEP0322-T81299.99,KXBTCD-26SEP0322,6,no,0.85,no,True,0.15,2026-09-10T22:58:21.228077+00:00,2026-09-04T01:15:44.150259+00:00
KXBTCD-26SEP0322-T80699.99,KXBTCD-26SEP0322,7,yes,0.81,yes,True,0.1899999999999999,2026-09-10T22:58:21.228136+00:00,2026-09-04T01:15:44.150318+00:00
KXBTCD-26SEP0322-T80599.99,KXBTCD-26SEP0322,10,yes,0.88,yes,True,0.12,2026-09-10T22:58:21.228195+00:00,2026-09-04T01:15:44.150351+00:00
KXBTCD-26SEP0322-T81199.99,KXBTCD-26SEP0322,5,no,0.9,no,True,0.0999999999999999,2026-09-10T22:58:21.228254+00:00,2026-09-04T01:30:40.388013+00:00
KXBTCD-26SEP0323-T81299.99,KXBTCD-26SEP0323,8,no,0.95,no,True,0.05,2026-09-10T22:58:21.228313+00:00,2026-09-04T02:16:14.471539+00:00
KXBTCD-26SEP0323-T81199.99,KXBTCD-26SEP0323,9,no,0.93,no,True,0.0699999999999999,2026-09-10T22:58:21.228371+00:00,2026-09-04T02:16:14.471605+00:00
KXBTCD-26SEP0323-T81099.99,KXBTCD-26SEP0323,5,no,0.88,no,True,0.12,2026-09-10T22:58:21.228431+00:00,2026-09-04T02:16:14.471657+00:00
KXBTCD-26SEP0323-T80599.99,KXBTCD-26SEP0323,6,yes,0.81,yes,True,0.1899999999999999,2026-09-10T22:58:21.228489+00:00,2026-09-04T02:16:14.471706+00:00
KXBTCD-26SEP0323-T80499.99,KXBTCD-26SEP0323,7,yes,0.91,yes,True,0.0899999999999999,2026-09-10T22:58:21.228548+00:00,2026-09-04T02:16:14.471753+00:00
KXBTCD-26SEP0323-T80399.99,KXBTCD-26SEP0323,10,yes,0.96,yes,True,0.04,2026-09-10T22:58:21.228606+00:00,2026-09-04T02:16:14.471800+00:00
KXBTCD-26SEP0323-T80999.99,KXBTCD-26SEP0323,5,no,0.99,no,True,0.01,2026-09-10T22:58:21.228664+00:00,2026-09-04T03:00:46.630495+00:00
KXBTCD-26SEP0400-T81399.99,KXBTCD-26SEP0400,9,no,0.94,no,True,0.06,2026-09-10T22:58:21.228721+00:00,2026-09-04T03:16:06.151310+00:00
KXBTCD-26SEP0400-T81299.99,KXBTCD-26SEP0400,7,no,0.92,no,True,0.0799999999999999,2026-09-10T22:58:21.228778+00:00,2026-09-04T03:16:06.151366+00:00
KXBTCD-26SEP0400-T81099.99,KXBTCD-26SEP0400,5,no,0.77,no,True,0.2299999999999999,2026-09-10T22:58:21.228836+00:00,2026-09-04T03:16:06.151398+00:00
KXBTCD-26SEP0400-T80699.99,KXBTCD-26SEP0400,6,yes,0.87,yes,True,0.13,2026-09-10T22:58:21.228894+00:00,2026-09-04T03:16:06.151452+00:00
KXBTCD-26SEP0400-T80599.99,KXBTCD-26SEP0400,8,yes,0.93,yes,True,0.0699999999999999,2026-09-10T22:58:21.228982+00:00,2026-09-04T03:16:06.151482+00:00
KXBTCD-26SEP0400-T80499.99,KXBTCD-26SEP0400,10,yes,0.96,yes,True,0.04,2026-09-10T22:58:21.229048+00:00,2026-09-04T03:16:06.151510+00:00
KXBTCD-26SEP0400-T81199.99,KXBTCD-26SEP0400,6,no,0.98,no,True,0.02,2026-09-10T22:58:21.229108+00:00,2026-09-04T03:45:59.471962+00:00
KXBTCD-26SEP0401-T81299.99,KXBTCD-26SEP0401,9,no,0.95,no,True,0.05,2026-09-10T22:58:21.229168+00:00,2026-09-04T04:16:03.808748+00:00
KXBTCD-26SEP0401-T81199.99,KXBTCD-26SEP0401,7,no,0.89,no,True,0.1099999999999999,2026-09-10T22:58:21.229227+00:00,2026-09-04T04:16:03.808820+00:00
KXBTCD-26SEP0401-T81099.99,KXBTCD-26SEP0401,6,no,0.78,no,True,0.2199999999999999,2026-09-10T22:58:21.229286+00:00,2026-09-04T04:16:03.808873+00:00
KXBTCD-26SEP0401-T80599.99,KXBTCD-26SEP0401,8,yes,0.95,yes,True,0.05,2026-09-10T22:58:21.229346+00:00,2026-09-04T04:16:03.808922+00:00
KXBTCD-26SEP0401-T80499.99,KXBTCD-26SEP0401,5,yes,0.97,yes,True,0.03,2026-09-10T22:58:21.229404+00:00,2026-09-04T04:16:03.808970+00:00
KXBTCD-26SEP0401-T80399.99,KXBTCD-26SEP0401,10,yes,0.98,yes,True,0.02,2026-09-10T22:58:21.229463+00:00,2026-09-04T04:16:03.809017+00:00
KXBTCD-26SEP0401-T81499.99,KXBTCD-26SEP0401,9,no,0.86,no,True,0.14,2026-09-10T22:58:21.229520+00:00,2026-09-04T04:30:59.874590+00:00
KXBTCD-26SEP0401-T81399.99,KXBTCD-26SEP0401,8,no,0.77,no,True,0.2299999999999999,2026-09-10T22:58:21.229585+00:00,2026-09-04T04:30:59.874659+00:00
KXBTCD-26SEP0401-T80899.99,KXBTCD-26SEP0401,6,yes,0.95,yes,True,0.05,2026-09-10T22:58:21.229650+00:00,2026-09-04T04:30:59.874712+00:00
KXBTCD-26SEP0401-T80799.99,KXBTCD-26SEP0401,5,yes,0.97,yes,True,0.03,2026-09-10T22:58:21.229711+00:00,2026-09-04T04:30:59.874761+00:00
KXBTCD-26SEP0401-T80699.99,KXBTCD-26SEP0401,7,yes,0.99,yes,True,0.01,2026-09-10T22:58:21.229771+00:00,2026-09-04T04:30:59.874807+00:00
KXBTCD-26SEP0417-T80499.99,KXBTCD-26SEP0417,10,yes,0.66,no,False,-0.66,2026-09-10T22:58:21.229830+00:00,2026-09-04T04:30:59.874918+00:00
KXBTCD-26SEP0402-T81499.99,KXBTCD-26SEP0402,9,no,0.97,no,True,0.03,2026-09-10T22:58:21.229889+00:00,2026-09-04T05:15:41.406135+00:00
KXBTCD-26SEP0402-T81399.99,KXBTCD-26SEP0402,10,no,0.95,no,True,0.05,2026-09-10T22:58:21.229972+00:00,2026-09-04T05:15:41.406194+00:00
KXBTCD-26SEP0402-T81299.99,KXBTCD-26SEP0402,8,no,0.9,no,True,0.0999999999999999,2026-09-10T22:58:21.230037+00:00,2026-09-04T05:15:41.406233+00:00
KXBTCD-26SEP0402-T81199.99,KXBTCD-26SEP0402,6,no,0.83,no,True,0.17,2026-09-10T22:58:21.230097+00:00,2026-09-04T05:15:41.406267+00:00
KXBTCD-26SEP0402-T80699.99,KXBTCD-26SEP0402,7,yes,0.91,yes,True,0.0899999999999999,2026-09-10T22:58:21.230156+00:00,2026-09-04T05:15:41.406298+00:00
KXBTCD-26SEP0402-T80599.99,KXBTCD-26SEP0402,5,yes,0.93,yes,True,0.0699999999999999,2026-09-10T22:58:21.230219+00:00,2026-09-04T05:15:41.406333+00:00
KXBTCD-26SEP0402-T80799.99,KXBTCD-26SEP0402,5,yes,0.89,yes,True,0.1099999999999999,2026-09-10T22:58:21.230282+00:00,2026-09-04T05:30:53.059589+00:00
KXBTCD-26SEP0403-T81399.99,KXBTCD-26SEP0403,9,no,0.94,no,True,0.06,2026-09-10T22:58:21.230341+00:00,2026-09-04T06:15:42.236335+00:00
KXBTCD-26SEP0403-T81299.99,KXBTCD-26SEP0403,8,no,0.9,no,True,0.0999999999999999,2026-09-10T22:58:21.230411+00:00,2026-09-04T06:15:42.236388+00:00
KXBTCD-26SEP0403-T80699.99,KXBTCD-26SEP0403,7,yes,0.91,yes,True,0.0899999999999999,2026-09-10T22:58:21.230471+00:00,2026-09-04T06:15:42.236439+00:00
KXBTCD-26SEP0403-T80599.99,KXBTCD-26SEP0403,6,yes,0.94,yes,True,0.06,2026-09-10T22:58:21.230534+00:00,2026-09-04T06:15:42.236465+00:00
KXBTCD-26SEP0403-T80499.99,KXBTCD-26SEP0403,10,yes,0.97,yes,True,0.03,2026-09-10T22:58:21.230595+00:00,2026-09-04T06:15:42.236505+00:00
KXBTCD-26SEP0403-T81199.99,KXBTCD-26SEP0403,5,no,0.96,no,True,0.04,2026-09-10T22:58:21.230654+00:00,2026-09-04T06:31:05.155257+00:00
KXBTCD-26SEP0403-T81099.99,KXBTCD-26SEP0403,6,no,0.96,no,True,0.04,2026-09-10T22:58:21.230712+00:00,2026-09-04T06:45:44.001736+00:00
KXBTCD-26SEP0403-T80399.99,KXBTCD-26SEP0403,9,yes,0.98,yes,True,0.02,2026-09-10T22:58:21.230773+00:00,2026-09-04T06:45:44.001831+00:00
KXBTCD-26SEP0404-T81099.99,KXBTCD-26SEP0404,7,no,0.93,no,True,0.0699999999999999,2026-09-10T22:58:21.230831+00:00,2026-09-04T07:00:56.725937+00:00
KXBTCD-26SEP0404-T80299.99,KXBTCD-26SEP0404,5,yes,0.98,yes,True,0.02,2026-09-10T22:58:21.230890+00:00,2026-09-04T07:00:56.726036+00:00
KXBTCD-26SEP0404-T81299.99,KXBTCD-26SEP0404,9,no,0.93,no,True,0.0699999999999999,2026-09-10T22:58:21.230970+00:00,2026-09-04T07:16:15.494302+00:00
KXBTCD-26SEP0404-T81199.99,KXBTCD-26SEP0404,8,no,0.89,no,True,0.1099999999999999,2026-09-10T22:58:21.231033+00:00,2026-09-04T07:16:15.494350+00:00
KXBTCD-26SEP0404-T80499.99,KXBTCD-26SEP0404,7,yes,0.95,yes,True,0.05,2026-09-10T22:58:21.231092+00:00,2026-09-04T07:16:15.494415+00:00
KXBTCD-26SEP0404-T80399.99,KXBTCD-26SEP0404,10,yes,0.97,yes,True,0.03,2026-09-10T22:58:21.231152+00:00,2026-09-04T07:16:15.494439+00:00
KXBTCD-26SEP0404-T80599.99,KXBTCD-26SEP0404,5,yes,0.93,yes,True,0.0699999999999999,2026-09-10T22:58:21.231211+00:00,2026-09-04T07:31:08.124999+00:00
KXBTCD-26SEP0405-T81099.99,KXBTCD-26SEP0405,8,no,0.91,yes,False,-0.91,2026-09-10T22:58:21.231269+00:00,2026-09-04T08:16:22.768760+00:00
KXBTCD-26SEP0405-T80999.99,KXBTCD-26SEP0405,7,no,0.86,yes,False,-0.86,2026-09-10T22:58:21.231327+00:00,2026-09-04T08:16:22.768798+00:00
KXBTCD-26SEP0405-T80899.99,KXBTCD-26SEP0405,6,no,0.72,yes,False,-0.72,2026-09-10T22:58:21.231390+00:00,2026-09-04T08:16:22.768819+00:00
KXBTCD-26SEP0405-T80499.99,KXBTCD-26SEP0405,5,yes,0.89,yes,True,0.1099999999999999,2026-09-10T22:58:21.231451+00:00,2026-09-04T08:16:22.768837+00:00
KXBTCD-26SEP0405-T80299.99,KXBTCD-26SEP0405,9,yes,0.96,yes,True,0.04,2026-09-10T22:58:21.231511+00:00,2026-09-04T08:16:22.768855+00:00
KXBTCD-26SEP0405-T80199.99,KXBTCD-26SEP0405,10,yes,0.97,yes,True,0.03,2026-09-10T22:58:21.231570+00:00,2026-09-04T08:16:22.768872+00:00
KXBTCD-26SEP0405-T81199.99,KXBTCD-26SEP0405,10,no,0.88,no,True,0.12,2026-09-10T22:58:21.231634+00:00,2026-09-04T08:31:11.716539+00:00
KXBTCD-26SEP0405-T80399.99,KXBTCD-26SEP0405,7,yes,0.98,yes,True,0.02,2026-09-10T22:58:21.231693+00:00,2026-09-04T08:31:11.716705+00:00
KXBTCD-26SEP0405-T81299.99,KXBTCD-26SEP0405,8,no,0.96,no,True,0.04,2026-09-10T22:58:21.231752+00:00,2026-09-04T08:45:38.611267+00:00
KXBTCD-26SEP0405-T80699.99,KXBTCD-26SEP0405,7,yes,0.98,yes,True,0.02,2026-09-10T22:58:21.231810+00:00,2026-09-04T08:45:38.611341+00:00
KXBTCD-26SEP0405-T80599.99,KXBTCD-26SEP0405,6,yes,0.98,yes,True,0.02,2026-09-10T22:58:21.231870+00:00,2026-09-04T08:45:38.611372+00:00
KXBTCD-26SEP0406-T81599.99,KXBTCD-26SEP0406,10,no,0.96,no,True,0.04,2026-09-10T22:58:21.231949+00:00,2026-09-04T09:16:06.094484+00:00
KXBTCD-26SEP0406-T81499.99,KXBTCD-26SEP0406,8,no,0.94,no,True,0.06,2026-09-10T22:58:21.232014+00:00,2026-09-04T09:16:06.094533+00:00
KXBTCD-26SEP0406-T81399.99,KXBTCD-26SEP0406,7,no,0.9,no,True,0.0999999999999999,2026-09-10T22:58:21.232073+00:00,2026-09-04T09:16:06.094561+00:00
KXBTCD-26SEP0406-T81199.99,KXBTCD-26SEP0406,5,no,0.7,no,True,0.3,2026-09-10T22:58:21.232132+00:00,2026-09-04T09:16:06.094586+00:00
KXBTCD-26SEP0406-T80899.99,KXBTCD-26SEP0406,6,yes,0.79,yes,True,0.2099999999999999,2026-09-10T22:58:21.232196+00:00,2026-09-04T09:16:06.094610+00:00
KXBTCD-26SEP0406-T80699.99,KXBTCD-26SEP0406,9,yes,0.94,yes,True,0.06,2026-09-10T22:58:21.232256+00:00,2026-09-04T09:16:06.094634+00:00
KXBTCD-26SEP0406-T80799.99,KXBTCD-26SEP0406,5,yes,0.95,yes,True,0.05,2026-09-10T22:58:21.232314+00:00,2026-09-04T09:18:39.648698+00:00
KXBTCD-26SEP0407-T81299.99,KXBTCD-26SEP0407,9,no,0.91,no,True,0.0899999999999999,2026-09-10T22:58:21.232373+00:00,2026-09-04T10:16:08.939506+00:00
KXBTCD-26SEP0407-T81199.99,KXBTCD-26SEP0407,7,no,0.86,no,True,0.14,2026-09-10T22:58:21.232431+00:00,2026-09-04T10:16:08.939577+00:00
KXBTCD-26SEP0407-T80799.99,KXBTCD-26SEP0407,8,yes,0.69,yes,True,0.31,2026-09-10T22:58:21.232490+00:00,2026-09-04T10:16:08.939629+00:00
KXBTCD-26SEP0407-T80699.99,KXBTCD-26SEP0407,5,yes,0.8,yes,True,0.1999999999999999,2026-09-10T22:58:21.232548+00:00,2026-09-04T10:16:08.939678+00:00
KXBTCD-26SEP0407-T80599.99,KXBTCD-26SEP0407,6,yes,0.89,yes,True,0.1099999999999999,2026-09-10T22:58:21.232610+00:00,2026-09-04T10:16:08.939726+00:00
KXBTCD-26SEP0407-T80399.99,KXBTCD-26SEP0407,10,yes,0.95,yes,True,0.05,2026-09-10T22:58:21.232672+00:00,2026-09-04T10:16:08.939773+00:00
KXBTCD-26SEP0407-T81099.99,KXBTCD-26SEP0407,7,no,0.78,yes,False,-0.78,2026-09-10T22:58:21.232732+00:00,2026-09-04T10:30:58.225343+00:00
KXBTCD-26SEP0407-T80499.99,KXBTCD-26SEP0407,5,yes,0.98,yes,True,0.02,2026-09-10T22:58:21.232790+00:00,2026-09-04T10:30:58.225456+00:00
KXBTCD-26SEP0408-T84399.99,KXBTCD-26SEP0408,8,no,0.99,no,True,0.01,2026-09-10T22:58:21.232849+00:00,2026-09-04T11:15:41.081629+00:00
KXBTCD-26SEP0408-T81599.99,KXBTCD-26SEP0408,10,no,0.95,no,True,0.05,2026-09-10T22:58:21.232907+00:00,2026-09-04T11:15:41.081690+00:00
KXBTCD-26SEP0408-T81499.99,KXBTCD-26SEP0408,7,no,0.91,no,True,0.0899999999999999,2026-09-10T22:58:21.233013+00:00,2026-09-04T11:15:41.081729+00:00
KXBTCD-26SEP0408-T80999.99,KXBTCD-26SEP0408,5,yes,0.79,yes,True,0.2099999999999999,2026-09-10T22:58:21.233077+00:00,2026-09-04T11:15:41.081763+00:00
KXBTCD-26SEP0408-T80899.99,KXBTCD-26SEP0408,6,yes,0.9,yes,True,0.0999999999999999,2026-09-10T22:58:21.233139+00:00,2026-09-04T11:15:41.081795+00:00
KXBTCD-26SEP0408-T80799.99,KXBTCD-26SEP0408,9,yes,0.94,yes,True,0.06,2026-09-10T22:58:21.233199+00:00,2026-09-04T11:15:41.081827+00:00
KXBTCD-26SEP0408-T81699.99,KXBTCD-26SEP0408,10,no,0.92,no,True,0.0799999999999999,2026-09-10T22:58:21.233268+00:00,2026-09-04T11:30:50.434447+00:00
KXBTCD-26SEP0409-T81899.99,KXBTCD-26SEP0409,10,no,0.97,no,True,0.03,2026-09-10T22:58:21.233329+00:00,2026-09-04T12:16:09.146010+00:00
KXBTCD-26SEP0409-T81699.99,KXBTCD-26SEP0409,7,no,0.93,no,True,0.0699999999999999,2026-09-10T22:58:21.233388+00:00,2026-09-04T12:16:09.146080+00:00
KXBTCD-26SEP0409-T81499.99,KXBTCD-26SEP0409,8,no,0.82,no,True,0.18,2026-09-10T22:58:21.233447+00:00,2026-09-04T12:16:09.146132+00:00
KXBTCD-26SEP0409-T80999.99,KXBTCD-26SEP0409,5,yes,0.81,no,False,-0.81,2026-09-10T22:58:21.233505+00:00,2026-09-04T12:16:09.146180+00:00
KXBTCD-26SEP0409-T80899.99,KXBTCD-26SEP0409,6,yes,0.89,no,False,-0.89,2026-09-10T22:58:21.233563+00:00,2026-09-04T12:16:09.146227+00:00
KXBTCD-26SEP0409-T80799.99,KXBTCD-26SEP0409,9,yes,0.94,no,False,-0.94,2026-09-10T22:58:21.233627+00:00,2026-09-04T12:16:09.146275+00:00
KXBTCD-26SEP0409-T81599.99,KXBTCD-26SEP0409,7,no,0.93,no,True,0.0699999999999999,2026-09-10T22:58:21.233688+00:00,2026-09-04T12:31:19.230154+00:00
KXBTCD-26SEP0409-T81399.99,KXBTCD-26SEP0409,6,no,0.93,no,True,0.0699999999999999,2026-09-10T22:58:21.233749+00:00,2026-09-04T12:31:19.230234+00:00
KXBTCD-26SEP0409-T80699.99,KXBTCD-26SEP0409,10,no,0.62,no,True,0.38,2026-09-10T22:58:21.233812+00:00,2026-09-04T12:31:19.230303+00:00
KXBTCD-26SEP0417-T79499.99,KXBTCD-26SEP0417,10,yes,0.74,yes,True,0.26,2026-09-10T22:58:21.233875+00:00,2026-09-04T12:31:19.230370+00:00
KXBTCD-26SEP0409-T79999.99,KXBTCD-26SEP0409,8,no,0.73,no,True,0.27,2026-09-10T22:58:21.233956+00:00,2026-09-04T12:45:48.470644+00:00
KXBTCD-26SEP0409-T79899.99,KXBTCD-26SEP0409,7,no,0.65,no,True,0.35,2026-09-10T22:58:21.234022+00:00,2026-09-04T12:45:48.470704+00:00
KXBTCD-26SEP0410-T81299.99,KXBTCD-26SEP0410,6,no,0.99,no,True,0.01,2026-09-10T22:58:21.234082+00:00,2026-09-04T13:00:58.080484+00:00
KXBTCD-26SEP0410-T79599.99,KXBTCD-26SEP0410,9,no,0.61,no,True,0.39,2026-09-10T22:58:21.234142+00:00,2026-09-04T13:00:58.080534+00:00
KXBTCD-26SEP0410-T77899.99,KXBTCD-26SEP0410,7,yes,0.99,yes,True,0.01,2026-09-10T22:58:21.234201+00:00,2026-09-04T13:00:58.080594+00:00
KXBTCD-26SEP0410-T77799.99,KXBTCD-26SEP0410,5,yes,0.99,yes,True,0.01,2026-09-10T22:58:21.234261+00:00,2026-09-04T13:00:58.080617+00:00
KXBTCD-26SEP0410-T79899.99,KXBTCD-26SEP0410,10,no,0.83,no,True,0.17,2026-09-10T22:58:21.234319+00:00,2026-09-04T13:15:45.260634+00:00
KXBTCD-26SEP0410-T79799.99,KXBTCD-26SEP0410,6,no,0.82,no,True,0.18,2026-09-10T22:58:21.234378+00:00,2026-09-04T13:15:45.260696+00:00
KXBTCD-26SEP0410-T79699.99,KXBTCD-26SEP0410,9,no,0.78,no,True,0.2199999999999999,2026-09-10T22:58:21.234437+00:00,2026-09-04T13:15:45.260735+00:00
KXBTCD-26SEP0410-T78999.99,KXBTCD-26SEP0410,7,yes,0.65,yes,True,0.35,2026-09-10T22:58:21.234496+00:00,2026-09-04T13:15:45.260821+00:00
KXBTCD-26SEP0410-T79999.99,KXBTCD-26SEP0410,10,no,0.9,no,True,0.0999999999999999,2026-09-10T22:58:21.234556+00:00,2026-09-04T13:31:00.782256+00:00
KXBTCD-26SEP0410-T79099.99,KXBTCD-26SEP0410,7,yes,0.68,yes,True,0.3199999999999999,2026-09-10T22:58:21.234615+00:00,2026-09-04T13:31:00.782459+00:00
KXBTCD-26SEP0410-T79499.99,KXBTCD-26SEP0410,5,no,0.63,no,True,0.37,2026-09-10T22:58:21.234674+00:00,2026-09-04T13:46:09.064145+00:00
KXBTCD-26SEP0410-T78899.99,KXBTCD-26SEP0410,10,yes,0.9,yes,True,0.0999999999999999,2026-09-10T22:58:21.234733+00:00,2026-09-04T13:46:09.064237+00:00
KXBTCD-26SEP0411-T79899.99,KXBTCD-26SEP0411,10,no,0.81,no,True,0.1899999999999999,2026-09-10T22:58:21.234798+00:00,2026-09-04T14:16:03.980199+00:00
KXBTCD-26SEP0411-T79799.99,KXBTCD-26SEP0411,9,no,0.76,no,True,0.24,2026-09-10T22:58:21.234857+00:00,2026-09-04T14:16:03.980269+00:00
KXBTCD-26SEP0411-T79699.99,KXBTCD-26SEP0411,8,no,0.7,no,True,0.3,2026-09-10T22:58:21.234933+00:00,2026-09-04T14:16:03.980322+00:00
KXBTCD-26SEP0411-T79099.99,KXBTCD-26SEP0411,7,yes,0.72,no,False,-0.72,2026-09-10T22:58:21.235002+00:00,2026-09-04T14:16:03.980409+00:00
KXBTCD-26SEP0411-T78899.99,KXBTCD-26SEP0411,6,yes,0.84,yes,True,0.16,2026-09-10T22:58:21.235067+00:00,2026-09-04T14:16:03.980457+00:00
KXBTCD-26SEP0411-T79999.99,KXBTCD-26SEP0411,10,no,0.92,no,True,0.0799999999999999,2026-09-10T22:58:21.235130+00:00,2026-09-04T14:31:08.005486+00:00
KXBTCD-26SEP0411-T79599.99,KXBTCD-26SEP0411,9,no,0.75,no,True,0.25,2026-09-10T22:58:21.235190+00:00,2026-09-04T14:31:08.005590+00:00
KXBTCD-26SEP0411-T79499.99,KXBTCD-26SEP0411,5,no,0.66,no,True,0.3399999999999999,2026-09-10T22:58:21.235250+00:00,2026-09-04T14:31:08.005642+00:00
KXBTCD-26SEP0411-T79399.99,KXBTCD-26SEP0411,5,no,0.87,no,True,0.13,2026-09-10T22:58:21.235309+00:00,2026-09-04T14:45:41.654739+00:00
KXBTCD-26SEP0412-T79499.99,KXBTCD-26SEP0412,8,no,0.82,no,True,0.18,2026-09-10T22:58:21.235369+00:00,2026-09-04T15:16:10.238483+00:00
KXBTCD-26SEP0412-T79399.99,KXBTCD-26SEP0412,10,no,0.74,yes,False,-0.74,2026-09-10T22:58:21.235428+00:00,2026-09-04T15:16:10.238556+00:00
KXBTCD-26SEP0412-T79299.99,KXBTCD-26SEP0412,7,no,0.64,yes,False,-0.64,2026-09-10T22:58:21.235487+00:00,2026-09-04T15:16:10.238609+00:00
KXBTCD-26SEP0412-T78799.99,KXBTCD-26SEP0412,5,yes,0.84,yes,True,0.16,2026-09-10T22:58:21.235547+00:00,2026-09-04T15:16:10.238659+00:00
KXBTCD-26SEP0412-T78699.99,KXBTCD-26SEP0412,6,yes,0.9,yes,True,0.0999999999999999,2026-09-10T22:58:21.235611+00:00,2026-09-04T15:16:10.238706+00:00
KXBTCD-26SEP0412-T78599.99,KXBTCD-26SEP0412,9,yes,0.93,yes,True,0.0699999999999999,2026-09-10T22:58:21.235673+00:00,2026-09-04T15:16:10.238754+00:00
KXBTCD-26SEP0412-T79699.99,KXBTCD-26SEP0412,10,no,0.86,no,True,0.14,2026-09-10T22:58:21.235733+00:00,2026-09-04T15:30:55.026883+00:00
KXBTCD-26SEP0412-T78899.99,KXBTCD-26SEP0412,5,yes,0.95,yes,True,0.05,2026-09-10T22:58:21.235808+00:00,2026-09-04T15:30:55.026966+00:00
KXBTCD-26SEP0412-T79599.99,KXBTCD-26SEP0412,8,no,0.66,no,True,0.3399999999999999,2026-09-10T22:58:21.235944+00:00,2026-09-04T15:46:12.261496+00:00
KXBTCD-26SEP0412-T79199.99,KXBTCD-26SEP0412,5,yes,0.97,yes,True,0.03,2026-09-10T22:58:21.236045+00:00,2026-09-04T15:46:12.261558+00:00
KXBTCD-26SEP0412-T79099.99,KXBTCD-26SEP0412,6,yes,0.98,yes,True,0.02,2026-09-10T22:58:21.236110+00:00,2026-09-04T15:46:12.261606+00:00
KXBTCD-26SEP0413-T79999.99,KXBTCD-26SEP0413,9,no,0.96,no,True,0.04,2026-09-10T22:58:21.236171+00:00,2026-09-04T16:15:40.094613+00:00
KXBTCD-26SEP0413-T79799.99,KXBTCD-26SEP0413,8,no,0.9,no,True,0.0999999999999999,2026-09-10T22:58:21.236231+00:00,2026-09-04T16:15:40.094672+00:00
KXBTCD-26SEP0413-T79299.99,KXBTCD-26SEP0413,5,yes,0.72,yes,True,0.28,2026-09-10T22:58:21.236291+00:00,2026-09-04T16:15:40.094731+00:00
KXBTCD-26SEP0413-T79199.99,KXBTCD-26SEP0413,7,yes,0.84,yes,True,0.16,2026-09-10T22:58:21.236355+00:00,2026-09-04T16:15:40.094766+00:00
KXBTCD-26SEP0413-T79099.99,KXBTCD-26SEP0413,6,yes,0.91,yes,True,0.0899999999999999,2026-09-10T22:58:21.236418+00:00,2026-09-04T16:15:40.094800+00:00
KXBTCD-26SEP0413-T78999.99,KXBTCD-26SEP0413,10,yes,0.95,yes,True,0.05,2026-09-10T22:58:21.236477+00:00,2026-09-04T16:15:40.094831+00:00
KXBTCD-26SEP0413-T80099.99,KXBTCD-26SEP0413,8,no,0.91,no,True,0.0899999999999999,2026-09-10T22:58:21.236535+00:00,2026-09-04T16:45:45.864881+00:00
KXBTCD-26SEP0413-T79399.99,KXBTCD-26SEP0413,5,yes,0.98,yes,True,0.02,2026-09-10T22:58:21.236594+00:00,2026-09-04T16:45:45.865059+00:00
KXBTCD-26SEP0414-T80299.99,KXBTCD-26SEP0414,5,no,0.96,no,True,0.04,2026-09-10T22:58:21.236653+00:00,2026-09-04T17:03:24.543231+00:00
KXBTCD-26SEP0414-T80099.99,KXBTCD-26SEP0414,8,no,0.9,no,True,0.0999999999999999,2026-09-10T22:58:21.236712+00:00,2026-09-04T17:03:24.543300+00:00
KXBTCD-26SEP0414-T79999.99,KXBTCD-26SEP0414,7,no,0.84,no,True,0.16,2026-09-10T22:58:21.236771+00:00,2026-09-04T17:03:24.543352+00:00
KXBTCD-26SEP0414-T79799.99,KXBTCD-26SEP0414,9,no,0.64,no,True,0.36,2026-09-10T22:58:21.236829+00:00,2026-09-04T17:03:24.543400+00:00
KXBTCD-26SEP0414-T79599.99,KXBTCD-26SEP0414,10,yes,0.62,no,False,-0.62,2026-09-10T22:58:21.236888+00:00,2026-09-04T17:03:24.543447+00:00
KXBTCD-26SEP0414-T79399.99,KXBTCD-26SEP0414,6,yes,0.84,yes,True,0.16,2026-09-10T22:58:21.236990+00:00,2026-09-04T17:03:24.543494+00:00
KXBTCD-26SEP0414-T80199.99,KXBTCD-26SEP0414,10,no,0.97,no,True,0.03,2026-09-10T22:58:21.237058+00:00,2026-09-04T17:15:50.891888+00:00
KXBTCD-26SEP0414-T79499.99,KXBTCD-26SEP0414,5,yes,0.66,no,False,-0.66,2026-09-10T22:58:21.237119+00:00,2026-09-04T17:15:50.891970+00:00
KXBTCD-26SEP0414-T79899.99,KXBTCD-26SEP0414,5,no,0.96,no,True,0.04,2026-09-10T22:58:21.237178+00:00,2026-09-04T17:31:04.449379+00:00
KXBTCD-26SEP0414-T79299.99,KXBTCD-26SEP0414,9,yes,0.91,yes,True,0.0899999999999999,2026-09-10T22:58:21.237238+00:00,2026-09-04T17:31:04.449438+00:00
KXBTCD-26SEP0414-T79199.99,KXBTCD-26SEP0414,8,yes,0.96,yes,True,0.04,2026-09-10T22:58:21.237297+00:00,2026-09-04T17:31:04.449463+00:00
KXBTCD-26SEP0415-T79999.99,KXBTCD-26SEP0415,9,no,0.97,no,True,0.03,2026-09-10T22:58:21.237358+00:00,2026-09-04T18:16:01.392436+00:00
KXBTCD-26SEP0415-T79899.99,KXBTCD-26SEP0415,8,no,0.95,no,True,0.05,2026-09-10T22:58:21.237417+00:00,2026-09-04T18:16:01.392501+00:00
KXBTCD-26SEP0415-T79799.99,KXBTCD-26SEP0415,5,no,0.9,no,True,0.0999999999999999,2026-09-10T22:58:21.237476+00:00,2026-09-04T18:16:01.392539+00:00
KXBTCD-26SEP0415-T79299.99,KXBTCD-26SEP0415,6,yes,0.9,yes,True,0.0999999999999999,2026-09-10T22:58:21.237535+00:00,2026-09-04T18:16:01.392574+00:00
KXBTCD-26SEP0415-T79199.99,KXBTCD-26SEP0415,7,yes,0.95,yes,True,0.05,2026-09-10T22:58:21.237603+00:00,2026-09-04T18:16:01.392607+00:00
KXBTCD-26SEP0415-T79099.99,KXBTCD-26SEP0415,10,yes,0.97,yes,True,0.03,2026-09-10T22:58:21.237668+00:00,2026-09-04T18:16:01.392638+00:00
KXBTCD-26SEP0415-T80099.99,KXBTCD-26SEP0415,10,no,0.99,no,True,0.01,2026-09-10T22:58:21.237729+00:00,2026-09-04T18:30:50.345576+00:00
KXBTCD-26SEP0415-T79399.99,KXBTCD-26SEP0415,5,yes,0.98,yes,True,0.02,2026-09-10T22:58:21.237787+00:00,2026-09-04T18:46:02.005377+00:00
KXBTCD-26SEP0416-T79499.99,KXBTCD-26SEP0416,5,yes,0.74,yes,True,0.26,2026-09-10T22:58:21.237846+00:00,2026-09-04T19:01:07.301320+00:00
KXBTCD-26SEP0416-T80199.99,KXBTCD-26SEP0416,9,no,0.99,no,True,0.01,2026-09-10T22:58:21.237904+00:00,2026-09-04T19:15:54.963824+00:00
KXBTCD-26SEP0416-T80099.99,KXBTCD-26SEP0416,8,no,0.97,no,True,0.03,2026-09-10T22:58:21.237988+00:00,2026-09-04T19:15:54.963887+00:00
KXBTCD-26SEP0416-T79999.99,KXBTCD-26SEP0416,6,no,0.95,no,True,0.05,2026-09-10T22:58:21.238048+00:00,2026-09-04T19:15:54.963927+00:00
KXBTCD-26SEP0416-T79899.99,KXBTCD-26SEP0416,5,no,0.88,no,True,0.12,2026-09-10T22:58:21.238117+00:00,2026-09-04T19:15:54.963962+00:00
KXBTCD-26SEP0416-T79399.99,KXBTCD-26SEP0416,7,yes,0.97,yes,True,0.03,2026-09-10T22:58:21.238175+00:00,2026-09-04T19:15:54.963995+00:00
KXBTCD-26SEP0416-T79299.99,KXBTCD-26SEP0416,10,yes,0.98,yes,True,0.02,2026-09-10T22:58:21.238233+00:00,2026-09-04T19:15:54.964027+00:00
KXBTCD-26SEP0517-T83499.99,KXBTCD-26SEP0517,9,no,0.97,no,True,0.03,2026-09-10T22:58:21.238291+00:00,2026-09-04T20:16:02.186328+00:00
KXBTCD-26SEP0517-T80249.99,KXBTCD-26SEP0517,10,no,0.7,no,True,0.3,2026-09-10T22:58:21.238349+00:00,2026-09-04T20:16:02.186397+00:00
KXBTCD-26SEP0517-T79499.99,KXBTCD-26SEP0517,8,yes,0.67,yes,True,0.3299999999999999,2026-09-10T22:58:21.238407+00:00,2026-09-04T20:16:02.186488+00:00
KXBTCD-26SEP0517-T79249.99,KXBTCD-26SEP0517,6,yes,0.78,yes,True,0.2199999999999999,2026-09-10T22:58:21.238465+00:00,2026-09-04T20:16:02.186538+00:00
KXBTCD-26SEP0517-T78499.99,KXBTCD-26SEP0517,5,yes,0.94,yes,True,0.06,2026-09-10T22:58:21.238524+00:00,2026-09-04T20:16:02.186587+00:00
KXBTCD-26SEP0517-T78749.99,KXBTCD-26SEP0517,5,yes,0.91,yes,True,0.0899999999999999,2026-09-10T22:58:21.238588+00:00,2026-09-04T20:31:11.669014+00:00
KXBTCD-26SEP0517-T80999.99,KXBTCD-26SEP0517,9,no,0.92,no,True,0.0799999999999999,2026-09-10T22:58:21.238649+00:00,2026-09-04T20:45:43.421828+00:00
KXBTCD-26SEP0517-T80499.99,KXBTCD-26SEP0517,5,no,0.84,no,True,0.16,2026-09-10T22:58:21.238709+00:00,2026-09-04T20:45:43.421890+00:00
KXBTCD-26SEP0517-T78999.99,KXBTCD-26SEP0517,6,yes,0.85,yes,True,0.15,2026-09-10T22:58:21.238772+00:00,2026-09-04T20:45:43.421974+00:00
KXBTCD-26SEP0418-T80199.99,KXBTCD-26SEP0418,9,no,0.98,no,True,0.02,2026-09-10T22:58:21.239052+00:00,2026-09-04T21:15:48.058189+00:00
KXBTCD-26SEP0418-T80099.99,KXBTCD-26SEP0418,7,no,0.95,no,True,0.05,2026-09-10T22:58:21.239112+00:00,2026-09-04T21:15:48.058236+00:00
KXBTCD-26SEP0418-T79599.99,KXBTCD-26SEP0418,5,yes,0.9,yes,True,0.0999999999999999,2026-09-10T22:58:21.239172+00:00,2026-09-04T21:15:48.058282+00:00
KXBTCD-26SEP0418-T79499.99,KXBTCD-26SEP0418,6,yes,0.96,yes,True,0.04,2026-09-10T22:58:21.239230+00:00,2026-09-04T21:15:48.058330+00:00
KXBTCD-26SEP0418-T79399.99,KXBTCD-26SEP0418,8,yes,0.98,yes,True,0.02,2026-09-10T22:58:21.239288+00:00,2026-09-04T21:15:48.058378+00:00
KXBTCD-26SEP0418-T79299.99,KXBTCD-26SEP0418,10,yes,0.99,yes,True,0.01,2026-09-10T22:58:21.239347+00:00,2026-09-04T21:15:48.058425+00:00
KXBTCD-26SEP0517-T80749.99,KXBTCD-26SEP0517,5,no,0.92,no,True,0.0799999999999999,2026-09-10T22:58:21.239407+00:00,2026-09-04T21:31:12.181082+00:00
KXBTCD-26SEP0419-T80099.99,KXBTCD-26SEP0419,8,no,0.98,no,True,0.02,2026-09-10T22:58:21.239662+00:00,2026-09-04T22:15:49.821634+00:00
KXBTCD-26SEP0419-T79999.99,KXBTCD-26SEP0419,9,no,0.96,no,True,0.04,2026-09-10T22:58:21.239724+00:00,2026-09-04T22:15:49.821697+00:00
KXBTCD-26SEP0419-T79899.99,KXBTCD-26SEP0419,5,no,0.89,no,True,0.1099999999999999,2026-09-10T22:58:21.239783+00:00,2026-09-04T22:15:49.821744+00:00
KXBTCD-26SEP0419-T79399.99,KXBTCD-26SEP0419,6,yes,0.94,yes,True,0.06,2026-09-10T22:58:21.239842+00:00,2026-09-04T22:15:49.821791+00:00
KXBTCD-26SEP0419-T79299.99,KXBTCD-26SEP0419,7,yes,0.98,yes,True,0.02,2026-09-10T22:58:21.239906+00:00,2026-09-04T22:15:49.821836+00:00
KXBTCD-26SEP0419-T79199.99,KXBTCD-26SEP0419,10,yes,0.98,yes,True,0.02,2026-09-10T22:58:21.239991+00:00,2026-09-04T22:15:49.821881+00:00
KXBTCD-26SEP0517-T81499.99,KXBTCD-26SEP0517,5,no,0.97,no,True,0.03,2026-09-10T22:58:21.240052+00:00,2026-09-04T22:31:03.811011+00:00
KXBTCD-26SEP0420-T80099.99,KXBTCD-26SEP0420,10,no,0.99,no,True,0.01,2026-09-10T22:58:21.240161+00:00,2026-09-04T23:16:03.361610+00:00
KXBTCD-26SEP0420-T79999.99,KXBTCD-26SEP0420,8,no,0.98,no,True,0.02,2026-09-10T22:58:21.240231+00:00,2026-09-04T23:16:03.361648+00:00
KXBTCD-26SEP0420-T79899.99,KXBTCD-26SEP0420,6,no,0.97,no,True,0.03,2026-09-10T22:58:21.240291+00:00,2026-09-04T23:16:03.361669+00:00
KXBTCD-26SEP0420-T79399.99,KXBTCD-26SEP0420,5,yes,0.95,yes,True,0.05,2026-09-10T22:58:21.240351+00:00,2026-09-04T23:16:03.361690+00:00
KXBTCD-26SEP0420-T79299.99,KXBTCD-26SEP0420,7,yes,0.98,yes,True,0.02,2026-09-10T22:58:21.240409+00:00,2026-09-04T23:16:03.361708+00:00
KXBTCD-26SEP0420-T79199.99,KXBTCD-26SEP0420,9,yes,0.99,yes,True,0.01,2026-09-10T22:58:21.240468+00:00,2026-09-04T23:16:03.361728+00:00
KXBTCD-26SEP0420-T79799.99,KXBTCD-26SEP0420,5,no,0.92,no,True,0.0799999999999999,2026-09-10T22:58:21.240527+00:00,2026-09-04T23:18:06.302272+00:00
KXBTCD-26SEP0517-T79999.99,KXBTCD-26SEP0517,5,no,0.69,no,True,0.31,2026-09-10T22:58:21.240585+00:00,2026-09-05T00:16:05.673960+00:00
KXBTCD-26SEP0421-T80099.99,KXBTCD-26SEP0421,8,no,0.99,no,True,0.01,2026-09-10T22:58:21.240643+00:00,2026-09-05T00:16:05.674107+00:00
KXBTCD-26SEP0421-T79999.99,KXBTCD-26SEP0421,7,no,0.98,no,True,0.02,2026-09-10T22:58:21.240707+00:00,2026-09-05T00:16:05.674132+00:00
KXBTCD-26SEP0421-T79899.99,KXBTCD-26SEP0421,5,no,0.95,no,True,0.05,2026-09-10T22:58:21.240765+00:00,2026-09-05T00:16:05.674154+00:00
KXBTCD-26SEP0421-T79399.99,KXBTCD-26SEP0421,6,yes,0.98,yes,True,0.02,2026-09-10T22:58:21.240824+00:00,2026-09-05T00:16:05.674176+00:00
KXBTCD-26SEP0421-T79299.99,KXBTCD-26SEP0421,9,yes,0.99,yes,True,0.01,2026-09-10T22:58:21.240882+00:00,2026-09-05T00:16:05.674197+00:00
KXBTCD-26SEP0421-T68099.99,KXBTCD-26SEP0421,10,yes,0.99,yes,True,0.01,2026-09-10T22:58:21.240961+00:00,2026-09-05T00:16:05.674219+00:00
KXBTCD-26SEP0422-T80099.99,KXBTCD-26SEP0422,10,no,0.99,no,True,0.01,2026-09-10T22:58:21.241025+00:00,2026-09-05T01:03:27.778653+00:00
KXBTCD-26SEP0422-T79999.99,KXBTCD-26SEP0422,7,no,0.98,no,True,0.02,2026-09-10T22:58:21.241089+00:00,2026-09-05T01:03:27.778701+00:00
KXBTCD-26SEP0422-T79899.99,KXBTCD-26SEP0422,6,no,0.97,no,True,0.03,2026-09-10T22:58:21.241151+00:00,2026-09-05T01:03:27.778754+00:00
KXBTCD-26SEP0422-T79799.99,KXBTCD-26SEP0422,5,no,0.91,no,True,0.0899999999999999,2026-09-10T22:58:21.241215+00:00,2026-09-05T01:03:27.778787+00:00
KXBTCD-26SEP0422-T79299.99,KXBTCD-26SEP0422,8,yes,0.97,yes,True,0.03,2026-09-10T22:58:21.241275+00:00,2026-09-05T01:03:27.778818+00:00
KXBTCD-26SEP0422-T79199.99,KXBTCD-26SEP0422,9,yes,0.98,yes,True,0.02,2026-09-10T22:58:21.241333+00:00,2026-09-05T01:03:27.778849+00:00
KXBTCD-26SEP0422-T79399.99,KXBTCD-26SEP0422,6,yes,0.91,yes,True,0.0899999999999999,2026-09-10T22:58:21.241392+00:00,2026-09-05T01:16:20.775619+00:00
KXBTCD-26SEP0517-T79749.99,KXBTCD-26SEP0517,5,no,0.61,yes,False,-0.61,2026-09-10T22:58:21.241495+00:00,2026-09-05T02:01:22.839328+00:00
KXBTCD-26SEP0423-T79899.99,KXBTCD-26SEP0423,9,no,0.98,no,True,0.02,2026-09-10T22:58:21.241553+00:00,2026-09-05T02:16:08.941764+00:00
KXBTCD-26SEP0423-T79799.99,KXBTCD-26SEP0423,7,no,0.96,no,True,0.04,2026-09-10T22:58:21.241611+00:00,2026-09-05T02:16:08.941817+00:00
KXBTCD-26SEP0423-T79299.99,KXBTCD-26SEP0423,5,yes,0.96,yes,True,0.04,2026-09-10T22:58:21.241669+00:00,2026-09-05T02:16:08.941854+00:00
KXBTCD-26SEP0423-T79199.99,KXBTCD-26SEP0423,8,yes,0.98,yes,True,0.02,2026-09-10T22:58:21.241727+00:00,2026-09-05T02:16:08.941889+00:00
KXBTCD-26SEP0423-T79099.99,KXBTCD-26SEP0423,10,yes,0.99,yes,True,0.01,2026-09-10T22:58:21.241788+00:00,2026-09-05T02:16:08.941924+00:00
KXBTCD-26SEP0423-T68499.99,KXBTCD-26SEP0423,6,yes,0.99,yes,True,0.01,2026-09-10T22:58:21.241846+00:00,2026-09-05T02:16:08.941960+00:00
KXBTCD-26SEP0500-T79999.99,KXBTCD-26SEP0500,10,no,0.99,no,True,0.01,2026-09-10T22:58:21.241904+00:00,2026-09-05T03:15:50.965337+00:00
KXBTCD-26SEP0500-T79899.99,KXBTCD-26SEP0500,7,no,0.99,no,True,0.01,2026-09-10T22:58:21.241987+00:00,2026-09-05T03:15:50.965425+00:00
KXBTCD-26SEP0500-T79799.99,KXBTCD-26SEP0500,6,no,0.97,no,True,0.03,2026-09-10T22:58:21.242048+00:00,2026-09-05T03:15:50.965473+00:00
KXBTCD-26SEP0500-T79299.99,KXBTCD-26SEP0500,5,yes,0.94,yes,True,0.06,2026-09-10T22:58:21.242108+00:00,2026-09-05T03:15:50.965519+00:00
KXBTCD-26SEP0500-T79199.99,KXBTCD-26SEP0500,8,yes,0.98,yes,True,0.02,2026-09-10T22:58:21.242166+00:00,2026-09-05T03:15:50.965563+00:00
KXBTCD-26SEP0500-T68099.99,KXBTCD-26SEP0500,9,yes,0.99,yes,True,0.01,2026-09-10T22:58:21.242224+00:00,2026-09-05T03:15:50.965607+00:00
KXBTCD-26SEP0501-T79899.99,KXBTCD-26SEP0501,8,no,0.99,no,True,0.01,2026-09-10T22:58:21.242334+00:00,2026-09-05T04:16:20.935977+00:00
KXBTCD-26SEP0501-T79799.99,KXBTCD-26SEP0501,5,no,0.97,no,True,0.03,2026-09-10T22:58:21.242395+00:00,2026-09-05T04:16:20.936035+00:00
KXBTCD-26SEP0501-T79299.99,KXBTCD-26SEP0501,6,yes,0.98,yes,True,0.02,2026-09-10T22:58:21.242454+00:00,2026-09-05T04:16:20.936083+00:00
KXBTCD-26SEP0501-T79199.99,KXBTCD-26SEP0501,9,yes,0.98,yes,True,0.02,2026-09-10T22:58:21.242514+00:00,2026-09-05T04:16:20.936128+00:00
KXBTCD-26SEP0501-T71799.99,KXBTCD-26SEP0501,7,yes,0.99,yes,True,0.01,2026-09-10T22:58:21.242579+00:00,2026-09-05T04:16:20.936173+00:00
KXBTCD-26SEP0501-T71599.99,KXBTCD-26SEP0501,10,yes,0.99,yes,True,0.01,2026-09-10T22:58:21.242638+00:00,2026-09-05T04:16:20.936218+00:00
KXBTCD-26SEP0502-T79999.99,KXBTCD-26SEP0502,10,no,0.98,no,True,0.02,2026-09-10T22:58:21.242697+00:00,2026-09-05T05:16:13.895998+00:00
KXBTCD-26SEP0502-T79899.99,KXBTCD-26SEP0502,8,no,0.98,no,True,0.02,2026-09-10T22:58:21.242757+00:00,2026-09-05T05:16:13.896093+00:00
KXBTCD-26SEP0502-T79799.99,KXBTCD-26SEP0502,6,no,0.96,no,True,0.04,2026-09-10T22:58:21.242815+00:00,2026-09-05T05:16:13.896145+00:00
KXBTCD-26SEP0502-T79299.99,KXBTCD-26SEP0502,5,yes,0.97,yes,True,0.03,2026-09-10T22:58:21.242873+00:00,2026-09-05T05:16:13.896193+00:00
KXBTCD-26SEP0502-T79199.99,KXBTCD-26SEP0502,7,yes,0.99,yes,True,0.01,2026-09-10T22:58:21.242952+00:00,2026-09-05T05:16:13.896239+00:00
KXBTCD-26SEP0502-T79099.99,KXBTCD-26SEP0502,9,yes,0.99,yes,True,0.01,2026-09-10T22:58:21.243018+00:00,2026-09-05T05:16:13.896284+00:00
KXBTCD-26SEP0502-T78999.99,KXBTCD-26SEP0502,10,yes,0.99,yes,True,0.01,2026-09-10T22:58:21.243078+00:00,2026-09-05T05:31:09.218982+00:00
KXBTCD-26SEP0503-T80099.99,KXBTCD-26SEP0503,9,no,0.99,no,True,0.01,2026-09-10T22:58:21.243137+00:00,2026-09-05T06:15:44.424441+00:00
KXBTCD-26SEP0503-T79999.99,KXBTCD-26SEP0503,7,no,0.99,no,True,0.01,2026-09-10T22:58:21.243195+00:00,2026-09-05T06:15:44.424510+00:00
KXBTCD-26SEP0503-T79899.99,KXBTCD-26SEP0503,6,no,0.98,no,True,0.02,2026-09-10T22:58:21.243253+00:00,2026-09-05T06:15:44.424563+00:00
KXBTCD-26SEP0503-T79399.99,KXBTCD-26SEP0503,5,yes,0.97,yes,True,0.03,2026-09-10T22:58:21.243311+00:00,2026-09-05T06:15:44.424612+00:00
KXBTCD-26SEP0503-T79299.99,KXBTCD-26SEP0503,8,yes,0.98,yes,True,0.02,2026-09-10T22:58:21.243377+00:00,2026-09-05T06:15:44.424661+00:00
KXBTCD-26SEP0503-T71699.99,KXBTCD-26SEP0503,10,yes,0.99,yes,True,0.01,2026-09-10T22:58:21.243440+00:00,2026-09-05T06:15:44.424708+00:00
KXBTCD-26SEP0504-T80099.99,KXBTCD-26SEP0504,8,no,0.99,no,True,0.01,2026-09-10T22:58:21.243501+00:00,2026-09-05T07:15:55.506779+00:00
KXBTCD-26SEP0504-T79899.99,KXBTCD-26SEP0504,5,no,0.95,no,True,0.05,2026-09-10T22:58:21.243559+00:00,2026-09-05T07:15:55.506841+00:00
KXBTCD-26SEP0504-T79499.99,KXBTCD-26SEP0504,6,yes,0.96,yes,True,0.04,2026-09-10T22:58:21.243617+00:00,2026-09-05T07:15:55.506878+00:00
KXBTCD-26SEP0504-T79399.99,KXBTCD-26SEP0504,7,yes,0.98,yes,True,0.02,2026-09-10T22:58:21.243676+00:00,2026-09-05T07:15:55.506920+00:00
KXBTCD-26SEP0504-T79299.99,KXBTCD-26SEP0504,10,yes,0.99,yes,True,0.01,2026-09-10T22:58:21.243734+00:00,2026-09-05T07:15:55.506953+00:00
KXBTCD-26SEP0504-T71699.99,KXBTCD-26SEP0504,9,yes,0.99,yes,True,0.01,2026-09-10T22:58:21.243791+00:00,2026-09-05T07:15:55.506985+00:00
KXBTCD-26SEP0504-T80499.99,KXBTCD-26SEP0504,9,no,0.99,no,True,0.01,2026-09-10T22:58:21.243850+00:00,2026-09-05T07:31:11.965602+00:00
KXBTCD-26SEP0504-T79999.99,KXBTCD-26SEP0504,6,no,0.98,no,True,0.02,2026-09-10T22:58:21.243908+00:00,2026-09-05T07:31:11.965731+00:00
KXBTCD-26SEP0505-T80199.99,KXBTCD-26SEP0505,10,no,0.99,no,True,0.01,2026-09-10T22:58:21.243993+00:00,2026-09-05T08:16:09.318305+00:00
KXBTCD-26SEP0505-T80099.99,KXBTCD-26SEP0505,9,no,0.99,no,True,0.01,2026-09-10T22:58:21.244055+00:00,2026-09-05T08:16:09.318354+00:00
KXBTCD-26SEP0505-T79999.99,KXBTCD-26SEP0505,6,no,0.98,no,True,0.02,2026-09-10T22:58:21.244121+00:00,2026-09-05T08:16:09.318382+00:00
KXBTCD-26SEP0505-T79899.99,KXBTCD-26SEP0505,5,no,0.96,no,True,0.04,2026-09-10T22:58:21.244181+00:00,2026-09-05T08:16:09.318407+00:00
KXBTCD-26SEP0505-T79399.99,KXBTCD-26SEP0505,7,yes,0.98,yes,True,0.02,2026-09-10T22:58:21.244254+00:00,2026-09-05T08:16:09.318444+00:00
KXBTCD-26SEP0505-T79299.99,KXBTCD-26SEP0505,8,yes,0.99,yes,True,0.01,2026-09-10T22:58:21.244312+00:00,2026-09-05T08:16:09.318476+00:00
KXBTCD-26SEP0505-T79499.99,KXBTCD-26SEP0505,5,yes,0.96,yes,True,0.04,2026-09-10T22:58:21.244371+00:00,2026-09-05T08:31:35.468365+00:00
KXBTCD-26SEP0506-T90299.99,KXBTCD-26SEP0506,10,no,0.99,no,True,0.01,2026-09-10T22:58:21.244430+00:00,2026-09-05T09:16:05.192543+00:00
KXBTCD-26SEP0506-T80099.99,KXBTCD-26SEP0506,8,no,0.99,no,True,0.01,2026-09-10T22:58:21.244489+00:00,2026-09-05T09:16:05.192606+00:00
KXBTCD-26SEP0506-T79999.99,KXBTCD-26SEP0506,5,no,0.98,no,True,0.02,2026-09-10T22:58:21.244546+00:00,2026-09-05T09:16:05.192652+00:00
KXBTCD-26SEP0506-T79499.99,KXBTCD-26SEP0506,6,yes,0.96,yes,True,0.04,2026-09-10T22:58:21.244604+00:00,2026-09-05T09:16:05.192694+00:00
KXBTCD-26SEP0506-T79399.99,KXBTCD-26SEP0506,7,yes,0.98,yes,True,0.02,2026-09-10T22:58:21.244666+00:00,2026-09-05T09:16:05.192734+00:00
KXBTCD-26SEP0506-T79299.99,KXBTCD-26SEP0506,9,yes,0.99,yes,True,0.01,2026-09-10T22:58:21.244727+00:00,2026-09-05T09:16:05.192774+00:00
KXBTCD-26SEP0506-T80299.99,KXBTCD-26SEP0506,10,no,0.99,no,True,0.01,2026-09-10T22:58:21.244786+00:00,2026-09-05T09:31:12.644430+00:00
KXBTCD-26SEP0507-T90299.99,KXBTCD-26SEP0507,10,no,0.99,no,True,0.01,2026-09-10T22:58:21.244893+00:00,2026-09-05T10:31:19.684556+00:00
KXBTCD-26SEP0507-T79999.99,KXBTCD-26SEP0507,6,no,0.99,no,True,0.01,2026-09-10T22:58:21.244975+00:00,2026-09-05T10:31:19.684617+00:00
KXBTCD-26SEP0507-T79899.99,KXBTCD-26SEP0507,5,no,0.98,no,True,0.02,2026-09-10T22:58:21.245038+00:00,2026-09-05T10:31:19.684656+00:00
KXBTCD-26SEP0507-T79399.99,KXBTCD-26SEP0507,7,yes,0.98,yes,True,0.02,2026-09-10T22:58:21.245096+00:00,2026-09-05T10:31:19.684690+00:00
KXBTCD-26SEP0507-T79299.99,KXBTCD-26SEP0507,8,yes,0.99,yes,True,0.01,2026-09-10T22:58:21.245154+00:00,2026-09-05T10:31:19.684724+00:00
KXBTCD-26SEP0507-T79199.99,KXBTCD-26SEP0507,9,yes,0.99,yes,True,0.01,2026-09-10T22:58:21.245212+00:00,2026-09-05T10:31:19.684756+00:00
KXBTCD-26SEP0508-T80099.99,KXBTCD-26SEP0508,10,no,0.99,no,True,0.01,2026-09-10T22:58:21.245270+00:00,2026-09-05T11:16:05.919711+00:00
KXBTCD-26SEP0508-T79999.99,KXBTCD-26SEP0508,7,no,0.98,no,True,0.02,2026-09-10T22:58:21.245328+00:00,2026-09-05T11:16:05.919757+00:00
KXBTCD-26SEP0508-T79899.99,KXBTCD-26SEP0508,5,no,0.98,no,True,0.02,2026-09-10T22:58:21.245386+00:00,2026-09-05T11:16:05.919785+00:00
KXBTCD-26SEP0508-T79399.99,KXBTCD-26SEP0508,6,yes,0.98,yes,True,0.02,2026-09-10T22:58:21.245444+00:00,2026-09-05T11:16:05.919809+00:00
KXBTCD-26SEP0508-T79299.99,KXBTCD-26SEP0508,8,yes,0.99,yes,True,0.01,2026-09-10T22:58:21.245502+00:00,2026-09-05T11:16:05.919833+00:00
KXBTCD-26SEP0508-T79199.99,KXBTCD-26SEP0508,9,yes,0.99,yes,True,0.01,2026-09-10T22:58:21.245561+00:00,2026-09-05T11:16:05.919876+00:00
KXBTCD-26SEP0509-T80099.99,KXBTCD-26SEP0509,8,no,0.99,no,True,0.01,2026-09-10T22:58:21.245620+00:00,2026-09-05T12:15:46.080545+00:00
KXBTCD-26SEP0509-T79999.99,KXBTCD-26SEP0509,9,no,0.99,no,True,0.01,2026-09-10T22:58:21.245688+00:00,2026-09-05T12:15:46.080612+00:00
KXBTCD-26SEP0509-T79899.99,KXBTCD-26SEP0509,6,no,0.98,no,True,0.02,2026-09-10T22:58:21.245748+00:00,2026-09-05T12:15:46.080664+00:00
KXBTCD-26SEP0509-T79499.99,KXBTCD-26SEP0509,5,yes,0.95,yes,True,0.05,2026-09-10T22:58:21.245816+00:00,2026-09-05T12:15:46.080713+00:00
KXBTCD-26SEP0509-T79299.99,KXBTCD-26SEP0509,7,yes,0.99,yes,True,0.01,2026-09-10T22:58:21.245878+00:00,2026-09-05T12:15:46.080761+00:00
KXBTCD-26SEP0509-T79199.99,KXBTCD-26SEP0509,10,yes,0.99,yes,True,0.01,2026-09-10T22:58:21.245958+00:00,2026-09-05T12:15:46.080807+00:00
KXBTCD-26SEP0509-T79399.99,KXBTCD-26SEP0509,6,yes,0.99,yes,True,0.01,2026-09-10T22:58:21.246028+00:00,2026-09-05T12:48:28.642685+00:00
KXBTCD-26SEP0510-T80199.99,KXBTCD-26SEP0510,10,no,0.99,no,True,0.01,2026-09-10T22:58:21.246088+00:00,2026-09-05T13:15:54.711520+00:00
KXBTCD-26SEP0510-T80099.99,KXBTCD-26SEP0510,7,no,0.99,no,True,0.01,2026-09-10T22:58:21.246147+00:00,2026-09-05T13:15:54.711593+00:00
KXBTCD-26SEP0510-T79899.99,KXBTCD-26SEP0510,5,no,0.9,no,True,0.0999999999999999,2026-09-10T22:58:21.246206+00:00,2026-09-05T13:15:54.711644+00:00
KXBTCD-26SEP0510-T79499.99,KXBTCD-26SEP0510,6,yes,0.96,yes,True,0.04,2026-09-10T22:58:21.246263+00:00,2026-09-05T13:15:54.711692+00:00
KXBTCD-26SEP0510-T79399.99,KXBTCD-26SEP0510,8,yes,0.98,yes,True,0.02,2026-09-10T22:58:21.246323+00:00,2026-09-05T13:15:54.711740+00:00
KXBTCD-26SEP0510-T79299.99,KXBTCD-26SEP0510,9,yes,0.99,yes,True,0.01,2026-09-10T22:58:21.246381+00:00,2026-09-05T13:15:54.711809+00:00
KXBTCD-26SEP0510-T79999.99,KXBTCD-26SEP0510,5,no,0.97,no,True,0.03,2026-09-10T22:58:21.246439+00:00,2026-09-05T13:31:17.188699+00:00
KXBTCD-26SEP0511-T80099.99,KXBTCD-26SEP0511,10,no,0.99,no,True,0.01,2026-09-10T22:58:21.246543+00:00,2026-09-05T14:16:22.015593+00:00
KXBTCD-26SEP0511-T79899.99,KXBTCD-26SEP0511,5,no,0.95,no,True,0.05,2026-09-10T22:58:21.246602+00:00,2026-09-05T14:16:22.015665+00:00
KXBTCD-26SEP0511-T79499.99,KXBTCD-26SEP0511,6,yes,0.94,yes,True,0.06,2026-09-10T22:58:21.246660+00:00,2026-09-05T14:16:22.015719+00:00
KXBTCD-26SEP0511-T79399.99,KXBTCD-26SEP0511,7,yes,0.98,yes,True,0.02,2026-09-10T22:58:21.246717+00:00,2026-09-05T14:16:22.015770+00:00
KXBTCD-26SEP0511-T79299.99,KXBTCD-26SEP0511,8,yes,0.99,yes,True,0.01,2026-09-10T22:58:21.246774+00:00,2026-09-05T14:16:22.015819+00:00
KXBTCD-26SEP0511-T79199.99,KXBTCD-26SEP0511,9,yes,0.99,yes,True,0.01,2026-09-10T22:58:21.246832+00:00,2026-09-05T14:16:22.015865+00:00
KXBTCD-26SEP0511-T79999.99,KXBTCD-26SEP0511,5,no,0.99,no,True,0.01,2026-09-10T22:58:21.246891+00:00,2026-09-05T14:45:59.627365+00:00
KXBTCD-26SEP0512-T80199.99,KXBTCD-26SEP0512,10,no,0.99,no,True,0.01,2026-09-10T22:58:21.246975+00:00,2026-09-05T15:15:51.225255+00:00
KXBTCD-26SEP0512-T80099.99,KXBTCD-26SEP0512,7,no,0.99,no,True,0.01,2026-09-10T22:58:21.247044+00:00,2026-09-05T15:15:51.225313+00:00
KXBTCD-26SEP0512-T79999.99,KXBTCD-26SEP0512,5,no,0.98,no,True,0.02,2026-09-10T22:58:21.247106+00:00,2026-09-05T15:15:51.225348+00:00
KXBTCD-26SEP0512-T79499.99,KXBTCD-26SEP0512,6,yes,0.98,yes,True,0.02,2026-09-10T22:58:21.247165+00:00,2026-09-05T15:15:51.225379+00:00
KXBTCD-26SEP0512-T79399.99,KXBTCD-26SEP0512,8,yes,0.98,yes,True,0.02,2026-09-10T22:58:21.247229+00:00,2026-09-05T15:15:51.225408+00:00
KXBTCD-26SEP0512-T79299.99,KXBTCD-26SEP0512,9,yes,0.99,yes,True,0.01,2026-09-10T22:58:21.247288+00:00,2026-09-05T15:15:51.225437+00:00
KXBTCD-26SEP0512-T71699.99,KXBTCD-26SEP0512,10,yes,0.99,yes,True,0.01,2026-09-10T22:58:21.247346+00:00,2026-09-05T15:30:53.391158+00:00
KXBTCD-26SEP0513-T80199.99,KXBTCD-26SEP0513,7,no,0.98,no,True,0.02,2026-09-10T22:58:21.247404+00:00,2026-09-05T16:16:09.150810+00:00
KXBTCD-26SEP0513-T80099.99,KXBTCD-26SEP0513,6,no,0.98,no,True,0.02,2026-09-10T22:58:21.247530+00:00,2026-09-05T16:16:09.150859+00:00
KXBTCD-26SEP0513-T79599.99,KXBTCD-26SEP0513,5,yes,0.95,yes,True,0.05,2026-09-10T22:58:21.247592+00:00,2026-09-05T16:16:09.150888+00:00
KXBTCD-26SEP0513-T79499.99,KXBTCD-26SEP0513,8,yes,0.99,yes,True,0.01,2026-09-10T22:58:21.247651+00:00,2026-09-05T16:16:09.150914+00:00
KXBTCD-26SEP0513-T79399.99,KXBTCD-26SEP0513,10,yes,0.99,yes,True,0.01,2026-09-10T22:58:21.247710+00:00,2026-09-05T16:16:09.150937+00:00
KXBTCD-26SEP0513-T71799.99,KXBTCD-26SEP0513,9,yes,0.99,yes,True,0.01,2026-09-10T22:58:21.247768+00:00,2026-09-05T16:16:09.150961+00:00
KXBTCD-26SEP0513-T80299.99,KXBTCD-26SEP0513,9,no,0.99,no,True,0.01,2026-09-10T22:58:21.247828+00:00,2026-09-05T16:31:04.725987+00:00
KXBTCD-26SEP0513-T80399.99,KXBTCD-26SEP0513,9,no,0.99,no,True,0.01,2026-09-10T22:58:21.247886+00:00,2026-09-05T17:01:02.126360+00:00
KXBTCD-26SEP0513-T79699.99,KXBTCD-26SEP0513,6,yes,0.99,yes,True,0.01,2026-09-10T22:58:21.247966+00:00,2026-09-05T17:01:02.126498+00:00
KXBTCD-26SEP0514-T80499.99,KXBTCD-26SEP0514,7,no,0.95,no,True,0.05,2026-09-10T22:58:21.248029+00:00,2026-09-05T17:16:11.375793+00:00
KXBTCD-26SEP0514-T80399.99,KXBTCD-26SEP0514,6,no,0.92,no,True,0.0799999999999999,2026-09-10T22:58:21.248088+00:00,2026-09-05T17:16:11.375856+00:00
KXBTCD-26SEP0514-T80299.99,KXBTCD-26SEP0514,5,no,0.83,no,True,0.17,2026-09-10T22:58:21.248147+00:00,2026-09-05T17:16:11.375897+00:00
KXBTCD-26SEP0514-T79799.99,KXBTCD-26SEP0514,8,yes,0.95,yes,True,0.05,2026-09-10T22:58:21.248206+00:00,2026-09-05T17:16:11.375932+00:00
KXBTCD-26SEP0514-T79699.99,KXBTCD-26SEP0514,9,yes,0.97,yes,True,0.03,2026-09-10T22:58:21.248268+00:00,2026-09-05T17:16:11.375966+00:00
KXBTCD-26SEP0514-T79599.99,KXBTCD-26SEP0514,10,yes,0.99,yes,True,0.01,2026-09-10T22:58:21.248328+00:00,2026-09-05T17:16:11.375999+00:00
KXBTCD-26SEP0515-T80499.99,KXBTCD-26SEP0515,5,no,0.98,no,True,0.02,2026-09-10T22:58:21.248434+00:00,2026-09-05T18:16:20.718054+00:00
KXBTCD-26SEP0515-T80399.99,KXBTCD-26SEP0515,7,no,0.97,no,True,0.03,2026-09-10T22:58:21.248492+00:00,2026-09-05T18:16:20.718111+00:00
KXBTCD-26SEP0515-T80299.99,KXBTCD-26SEP0515,6,no,0.95,no,True,0.05,2026-09-10T22:58:21.248550+00:00,2026-09-05T18:16:20.718165+00:00
KXBTCD-26SEP0515-T79799.99,KXBTCD-26SEP0515,8,yes,0.93,yes,True,0.0699999999999999,2026-09-10T22:58:21.248609+00:00,2026-09-05T18:16:20.718196+00:00
KXBTCD-26SEP0515-T79699.99,KXBTCD-26SEP0515,9,yes,0.97,yes,True,0.03,2026-09-10T22:58:21.248673+00:00,2026-09-05T18:16:20.718226+00:00
KXBTCD-26SEP0515-T79599.99,KXBTCD-26SEP0515,10,yes,0.99,yes,True,0.01,2026-09-10T22:58:21.248734+00:00,2026-09-05T18:16:20.718255+00:00
KXBTCD-26SEP0516-T80499.99,KXBTCD-26SEP0516,10,no,0.99,no,True,0.01,2026-09-10T22:58:21.248799+00:00,2026-09-05T19:16:03.101077+00:00
KXBTCD-26SEP0516-T80399.99,KXBTCD-26SEP0516,8,no,0.99,no,True,0.01,2026-09-10T22:58:21.248859+00:00,2026-09-05T19:16:03.101144+00:00
KXBTCD-26SEP0516-T80299.99,KXBTCD-26SEP0516,5,no,0.98,no,True,0.02,2026-09-10T22:58:21.248937+00:00,2026-09-05T19:16:03.101184+00:00
KXBTCD-26SEP0516-T80199.99,KXBTCD-26SEP0516,6,no,0.96,no,True,0.04,2026-09-10T22:58:21.249005+00:00,2026-09-05T19:16:03.101220+00:00
KXBTCD-26SEP0516-T79699.99,KXBTCD-26SEP0516,7,yes,0.98,yes,True,0.02,2026-09-10T22:58:21.249064+00:00,2026-09-05T19:16:03.101255+00:00
KXBTCD-26SEP0516-T79599.99,KXBTCD-26SEP0516,9,yes,0.99,yes,True,0.01,2026-09-10T22:58:21.249122+00:00,2026-09-05T19:16:03.101289+00:00
KXBTCD-26SEP0516-T80099.99,KXBTCD-26SEP0516,5,no,0.99,no,True,0.01,2026-09-10T22:58:21.249180+00:00,2026-09-05T19:46:19.117563+00:00
KXBTCD-26SEP0516-T79499.99,KXBTCD-26SEP0516,9,yes,0.99,yes,True,0.01,2026-09-10T22:58:21.249238+00:00,2026-09-05T19:46:19.117660+00:00
KXBTCD-26SEP0617-T88499.99,KXBTCD-26SEP0617,5,no,0.98,no,True,0.02,2026-09-10T22:58:21.249296+00:00,2026-09-05T20:15:56.585624+00:00
KXBTCD-26SEP0617-T88749.99,KXBTCD-26SEP0617,6,no,0.99,no,True,0.01,2026-09-10T22:58:21.249354+00:00,2026-09-05T20:31:31.001060+00:00
KXBTCD-26SEP0617-T78749.99,KXBTCD-26SEP0617,5,yes,0.88,yes,True,0.12,2026-09-10T22:58:21.249413+00:00,2026-09-05T20:31:31.001165+00:00
KXBTCD-26SEP0617-T80249.99,KXBTCD-26SEP0617,5,no,0.68,no,True,0.3199999999999999,2026-09-10T22:58:21.249475+00:00,2026-09-05T20:45:57.176773+00:00
KXBTCD-26SEP0617-T79499.99,KXBTCD-26SEP0617,7,yes,0.62,yes,True,0.38,2026-09-10T22:58:21.249537+00:00,2026-09-05T20:45:57.176837+00:00
KXBTCD-26SEP0617-T79249.99,KXBTCD-26SEP0617,8,yes,0.72,yes,True,0.28,2026-09-10T22:58:21.249642+00:00,2026-09-05T21:01:11.984156+00:00
KXBTCD-26SEP0617-T82749.99,KXBTCD-26SEP0617,9,no,0.96,no,True,0.04,2026-09-10T22:58:21.249712+00:00,2026-09-05T21:15:55.347684+00:00
KXBTCD-26SEP0617-T81999.99,KXBTCD-26SEP0617,6,no,0.96,no,True,0.04,2026-09-10T22:58:21.249771+00:00,2026-09-05T21:15:55.347753+00:00
KXBTCD-26SEP0617-T80499.99,KXBTCD-26SEP0617,8,no,0.78,no,True,0.2199999999999999,2026-09-10T22:58:21.249830+00:00,2026-09-05T21:15:55.347805+00:00
KXBTCD-26SEP0617-T77249.99,KXBTCD-26SEP0617,7,yes,0.97,yes,True,0.03,2026-09-10T22:58:21.249888+00:00,2026-09-05T21:15:55.347935+00:00
KXBTCD-26SEP0518-T80199.99,KXBTCD-26SEP0518,8,no,0.99,no,True,0.01,2026-09-10T22:58:21.249968+00:00,2026-09-05T21:15:55.347992+00:00
KXBTCD-26SEP0518-T80099.99,KXBTCD-26SEP0518,6,no,0.98,no,True,0.02,2026-09-10T22:58:21.250032+00:00,2026-09-05T21:15:55.348045+00:00
KXBTCD-26SEP0518-T79999.99,KXBTCD-26SEP0518,5,no,0.92,no,True,0.0799999999999999,2026-09-10T22:58:21.250091+00:00,2026-09-05T21:15:55.348093+00:00
KXBTCD-26SEP0518-T79499.99,KXBTCD-26SEP0518,7,yes,0.97,yes,True,0.03,2026-09-10T22:58:21.250149+00:00,2026-09-05T21:15:55.348142+00:00
KXBTCD-26SEP0518-T79399.99,KXBTCD-26SEP0518,9,yes,0.99,yes,True,0.01,2026-09-10T22:58:21.250207+00:00,2026-09-05T21:15:55.348189+00:00
KXBTCD-26SEP0518-T79299.99,KXBTCD-26SEP0518,10,yes,0.99,yes,True,0.01,2026-09-10T22:58:21.250266+00:00,2026-09-05T21:15:55.348235+00:00
KXBTCD-26SEP0617-T80999.99,KXBTCD-26SEP0617,6,no,0.89,no,True,0.1099999999999999,2026-09-10T22:58:21.250342+00:00,2026-09-05T21:27:13.635183+00:00
KXBTCD-26SEP0518-T80299.99,KXBTCD-26SEP0518,10,no,0.99,no,True,0.01,2026-09-10T22:58:21.250407+00:00,2026-09-05T21:27:13.635319+00:00
KXBTCD-26SEP0518-T79599.99,KXBTCD-26SEP0518,5,yes,0.97,yes,True,0.03,2026-09-10T22:58:21.250475+00:00,2026-09-05T21:27:13.635394+00:00
KXBTCD-26SEP0617-T80749.99,KXBTCD-26SEP0617,9,no,0.83,no,True,0.17,2026-09-10T22:58:21.250533+00:00,2026-09-05T21:46:22.388743+00:00
KXBTCD-26SEP0617-T78999.99,KXBTCD-26SEP0617,5,yes,0.86,yes,True,0.14,2026-09-10T22:58:21.250597+00:00,2026-09-05T21:46:22.388818+00:00
KXBTCD-26SEP0617-T81249.99,KXBTCD-26SEP0617,8,no,0.92,no,True,0.0799999999999999,2026-09-10T22:58:21.250660+00:00,2026-09-05T22:16:25.780514+00:00
KXBTCD-26SEP0519-T80499.99,KXBTCD-26SEP0519,10,no,0.99,no,True,0.01,2026-09-10T22:58:21.250721+00:00,2026-09-05T22:16:25.780658+00:00
KXBTCD-26SEP0519-T80299.99,KXBTCD-26SEP0519,7,no,0.99,no,True,0.01,2026-09-10T22:58:21.250788+00:00,2026-09-05T22:16:25.780690+00:00
KXBTCD-26SEP0519-T80199.99,KXBTCD-26SEP0519,6,no,0.96,no,True,0.04,2026-09-10T22:58:21.250847+00:00,2026-09-05T22:16:25.780732+00:00
KXBTCD-26SEP0519-T79699.99,KXBTCD-26SEP0519,5,yes,0.97,yes,True,0.03,2026-09-10T22:58:21.250906+00:00,2026-09-05T22:16:25.780767+00:00
KXBTCD-26SEP0519-T79599.99,KXBTCD-26SEP0519,8,yes,0.98,yes,True,0.02,2026-09-10T22:58:21.250991+00:00,2026-09-05T22:16:25.780794+00:00
KXBTCD-26SEP0519-T79499.99,KXBTCD-26SEP0519,9,yes,0.99,yes,True,0.01,2026-09-10T22:58:21.251052+00:00,2026-09-05T22:16:25.780820+00:00
KXBTCD-26SEP0519-T80099.99,KXBTCD-26SEP0519,5,no,0.98,no,True,0.02,2026-09-10T22:58:21.251112+00:00,2026-09-05T22:31:22.639391+00:00
KXBTCD-26SEP0520-T80299.99,KXBTCD-26SEP0520,10,no,0.99,no,True,0.01,2026-09-10T22:58:21.251170+00:00,2026-09-05T23:06:11.880622+00:00
KXBTCD-26SEP0520-T80199.99,KXBTCD-26SEP0520,6,no,0.99,no,True,0.01,2026-09-10T22:58:21.251229+00:00,2026-09-05T23:06:11.880684+00:00
KXBTCD-26SEP0520-T80099.99,KXBTCD-26SEP0520,8,no,0.98,no,True,0.02,2026-09-10T22:58:21.251288+00:00,2026-09-05T23:06:11.880733+00:00
KXBTCD-26SEP0520-T79699.99,KXBTCD-26SEP0520,5,yes,0.73,yes,True,0.27,2026-09-10T22:58:21.251347+00:00,2026-09-05T23:06:11.880778+00:00
KXBTCD-26SEP0520-T79499.99,KXBTCD-26SEP0520,7,yes,0.98,yes,True,0.02,2026-09-10T22:58:21.251405+00:00,2026-09-05T23:06:11.880824+00:00
KXBTCD-26SEP0520-T79399.99,KXBTCD-26SEP0520,9,yes,0.98,yes,True,0.02,2026-09-10T22:58:21.251464+00:00,2026-09-05T23:06:11.880869+00:00
KXBTCD-26SEP0520-T79899.99,KXBTCD-26SEP0520,5,no,0.89,no,True,0.1099999999999999,2026-09-10T22:58:21.251529+00:00,2026-09-05T23:16:23.388344+00:00
KXBTCD-26SEP0617-T81499.99,KXBTCD-26SEP0617,10,no,0.95,no,True,0.05,2026-09-10T22:58:21.251589+00:00,2026-09-05T23:31:31.123968+00:00
KXBTCD-26SEP0520-T79999.99,KXBTCD-26SEP0520,5,no,0.97,no,True,0.03,2026-09-10T22:58:21.251648+00:00,2026-09-05T23:31:31.124276+00:00
KXBTCD-26SEP0521-T80399.99,KXBTCD-26SEP0521,9,no,0.99,no,True,0.01,2026-09-10T22:58:21.251707+00:00,2026-09-06T00:16:09.531027+00:00
KXBTCD-26SEP0521-T80299.99,KXBTCD-26SEP0521,8,no,0.99,no,True,0.01,2026-09-10T22:58:21.251765+00:00,2026-09-06T00:16:09.531082+00:00
KXBTCD-26SEP0521-T80199.99,KXBTCD-26SEP0521,6,no,0.97,no,True,0.03,2026-09-10T22:58:21.251823+00:00,2026-09-06T00:16:09.531117+00:00
KXBTCD-26SEP0521-T79699.99,KXBTCD-26SEP0521,5,yes,0.97,yes,True,0.03,2026-09-10T22:58:21.251885+00:00,2026-09-06T00:16:09.531148+00:00
KXBTCD-26SEP0521-T79599.99,KXBTCD-26SEP0521,7,yes,0.98,yes,True,0.02,2026-09-10T22:58:21.251967+00:00,2026-09-06T00:16:09.531179+00:00
KXBTCD-26SEP0521-T79499.99,KXBTCD-26SEP0521,10,yes,0.99,yes,True,0.01,2026-09-10T22:58:21.252030+00:00,2026-09-06T00:16:09.531210+00:00
KXBTCD-26SEP0617-T77999.99,KXBTCD-26SEP0617,10,yes,0.96,yes,True,0.04,2026-09-10T22:58:21.252089+00:00,2026-09-06T00:31:31.281461+00:00
KXBTCD-26SEP0617-T78249.99,KXBTCD-26SEP0617,9,yes,0.95,yes,True,0.05,2026-09-10T22:58:21.252148+00:00,2026-09-06T01:16:38.469724+00:00
KXBTCD-26SEP0522-T80499.99,KXBTCD-26SEP0522,10,no,0.99,no,True,0.01,2026-09-10T22:58:21.252206+00:00,2026-09-06T01:16:38.469787+00:00
KXBTCD-26SEP0522-T80399.99,KXBTCD-26SEP0522,9,no,0.99,no,True,0.01,2026-09-10T22:58:21.252264+00:00,2026-09-06T01:16:38.469838+00:00
KXBTCD-26SEP0522-T80299.99,KXBTCD-26SEP0522,6,no,0.97,no,True,0.03,2026-09-10T22:58:21.252322+00:00,2026-09-06T01:16:38.469886+00:00
KXBTCD-26SEP0522-T80199.99,KXBTCD-26SEP0522,5,no,0.93,no,True,0.0699999999999999,2026-09-10T22:58:21.252380+00:00,2026-09-06T01:16:38.469933+00:00
KXBTCD-26SEP0522-T79699.99,KXBTCD-26SEP0522,7,yes,0.97,yes,True,0.03,2026-09-10T22:58:21.252437+00:00,2026-09-06T01:16:38.469979+00:00
KXBTCD-26SEP0522-T79599.99,KXBTCD-26SEP0522,8,yes,0.99,yes,True,0.01,2026-09-10T22:58:21.252496+00:00,2026-09-06T01:16:38.470023+00:00
KXBTCD-26SEP0522-T79799.99,KXBTCD-26SEP0522,5,yes,0.98,yes,True,0.02,2026-09-10T22:58:21.252560+00:00,2026-09-06T01:46:08.121847+00:00
KXBTCD-26SEP0523-T80499.99,KXBTCD-26SEP0523,10,no,0.99,no,True,0.01,2026-09-10T22:58:21.252620+00:00,2026-09-06T02:15:59.598888+00:00
KXBTCD-26SEP0523-T80399.99,KXBTCD-26SEP0523,9,no,0.99,no,True,0.01,2026-09-10T22:58:21.252677+00:00,2026-09-06T02:15:59.598935+00:00
KXBTCD-26SEP0523-T80299.99,KXBTCD-26SEP0523,6,no,0.97,no,True,0.03,2026-09-10T22:58:21.252735+00:00,2026-09-06T02:15:59.598965+00:00
KXBTCD-26SEP0523-T80199.99,KXBTCD-26SEP0523,5,no,0.93,no,True,0.0699999999999999,2026-09-10T22:58:21.252793+00:00,2026-09-06T02:15:59.598990+00:00
KXBTCD-26SEP0523-T79699.99,KXBTCD-26SEP0523,7,yes,0.98,yes,True,0.02,2026-09-10T22:58:21.252851+00:00,2026-09-06T02:15:59.599014+00:00
KXBTCD-26SEP0523-T79599.99,KXBTCD-26SEP0523,8,yes,0.99,yes,True,0.01,2026-09-10T22:58:21.252909+00:00,2026-09-06T02:15:59.599037+00:00
KXBTCD-26SEP0600-T80499.99,KXBTCD-26SEP0600,9,no,0.99,no,True,0.01,2026-09-10T22:58:21.252995+00:00,2026-09-06T03:16:03.671830+00:00
KXBTCD-26SEP0600-T80299.99,KXBTCD-26SEP0600,8,no,0.99,no,True,0.01,2026-09-10T22:58:21.253060+00:00,2026-09-06T03:16:03.671887+00:00
KXBTCD-26SEP0600-T80199.99,KXBTCD-26SEP0600,6,no,0.98,no,True,0.02,2026-09-10T22:58:21.253123+00:00,2026-09-06T03:16:03.671921+00:00
KXBTCD-26SEP0600-T79699.99,KXBTCD-26SEP0600,5,yes,0.98,yes,True,0.02,2026-09-10T22:58:21.253182+00:00,2026-09-06T03:16:03.671953+00:00
KXBTCD-26SEP0600-T79599.99,KXBTCD-26SEP0600,7,yes,0.99,yes,True,0.01,2026-09-10T22:58:21.253241+00:00,2026-09-06T03:16:03.671985+00:00
KXBTCD-26SEP0600-T79499.99,KXBTCD-26SEP0600,10,yes,0.99,yes,True,0.01,2026-09-10T22:58:21.253301+00:00,2026-09-06T03:16:03.672016+00:00
KXBTCD-26SEP0600-T79099.99,KXBTCD-26SEP0600,10,yes,0.99,yes,True,0.01,2026-09-10T22:58:21.253361+00:00,2026-09-06T03:31:29.316797+00:00
KXBTCD-26SEP0600-T80399.99,KXBTCD-26SEP0600,9,no,0.98,no,True,0.02,2026-09-10T22:58:21.253420+00:00,2026-09-06T03:46:07.723852+00:00
KXBTCD-26SEP0601-T80599.99,KXBTCD-26SEP0601,9,no,0.99,no,True,0.01,2026-09-10T22:58:21.253479+00:00,2026-09-06T04:16:47.076745+00:00
KXBTCD-26SEP0601-T80499.99,KXBTCD-26SEP0601,10,no,0.99,no,True,0.01,2026-09-10T22:58:21.253539+00:00,2026-09-06T04:16:47.076802+00:00
KXBTCD-26SEP0601-T80399.99,KXBTCD-26SEP0601,8,no,0.99,no,True,0.01,2026-09-10T22:58:21.253597+00:00,2026-09-06T04:16:47.076837+00:00
KXBTCD-26SEP0601-T80299.99,KXBTCD-26SEP0601,6,no,0.98,no,True,0.02,2026-09-10T22:58:21.253656+00:00,2026-09-06T04:16:47.076869+00:00
KXBTCD-26SEP0601-T79799.99,KXBTCD-26SEP0601,5,yes,0.95,yes,True,0.05,2026-09-10T22:58:21.253715+00:00,2026-09-06T04:16:47.076900+00:00
KXBTCD-26SEP0601-T79699.99,KXBTCD-26SEP0601,7,yes,0.99,yes,True,0.01,2026-09-10T22:58:21.253774+00:00,2026-09-06T04:16:47.076934+00:00
KXBTCD-26SEP0601-T80199.99,KXBTCD-26SEP0601,5,no,0.98,no,True,0.02,2026-09-10T22:58:21.253844+00:00,2026-09-06T04:31:31.175289+00:00
KXBTCD-26SEP0601-T79599.99,KXBTCD-26SEP0601,10,yes,0.99,yes,True,0.01,2026-09-10T22:58:21.253902+00:00,2026-09-06T04:31:31.175385+00:00
KXBTCD-26SEP0601-T79499.99,KXBTCD-26SEP0601,10,yes,0.99,yes,True,0.01,2026-09-10T22:58:21.253986+00:00,2026-09-06T04:46:30.668292+00:00
KXBTCD-26SEP0602-T80399.99,KXBTCD-26SEP0602,10,no,0.99,no,True,0.01,2026-09-10T22:58:21.254048+00:00,2026-09-06T05:12:22.187792+00:00
KXBTCD-26SEP0602-T80299.99,KXBTCD-26SEP0602,9,no,0.99,no,True,0.01,2026-09-10T22:58:21.254115+00:00,2026-09-06T05:12:22.187858+00:00
KXBTCD-26SEP0602-T80199.99,KXBTCD-26SEP0602,7,no,0.98,no,True,0.02,2026-09-10T22:58:21.254175+00:00,2026-09-06T05:12:22.187907+00:00
KXBTCD-26SEP0602-T80099.99,KXBTCD-26SEP0602,5,no,0.95,no,True,0.05,2026-09-10T22:58:21.254235+00:00,2026-09-06T05:12:22.188002+00:00
KXBTCD-26SEP0602-T79599.99,KXBTCD-26SEP0602,6,yes,0.98,yes,True,0.02,2026-09-10T22:58:21.254297+00:00,2026-09-06T05:12:22.188063+00:00
KXBTCD-26SEP0602-T79499.99,KXBTCD-26SEP0602,8,yes,0.99,yes,True,0.01,2026-09-10T22:58:21.254358+00:00,2026-09-06T05:12:22.188112+00:00
KXBTCD-26SEP0602-T79699.99,KXBTCD-26SEP0602,6,yes,0.99,yes,True,0.01,2026-09-10T22:58:21.254417+00:00,2026-09-06T05:45:57.414035+00:00
KXBTCD-26SEP0603-T80799.99,KXBTCD-26SEP0603,10,no,0.99,no,True,0.01,2026-09-10T22:58:21.254475+00:00,2026-09-06T06:15:59.347776+00:00
KXBTCD-26SEP0603-T80399.99,KXBTCD-26SEP0603,9,no,0.99,no,True,0.01,2026-09-10T22:58:21.254538+00:00,2026-09-06T06:15:59.347832+00:00
KXBTCD-26SEP0603-T80299.99,KXBTCD-26SEP0603,7,no,0.99,no,True,0.01,2026-09-10T22:58:21.254598+00:00,2026-09-06T06:15:59.347865+00:00
KXBTCD-26SEP0603-T80199.99,KXBTCD-26SEP0603,6,no,0.97,no,True,0.03,2026-09-10T22:58:21.254656+00:00,2026-09-06T06:15:59.347896+00:00
KXBTCD-26SEP0603-T79699.99,KXBTCD-26SEP0603,5,yes,0.98,yes,True,0.02,2026-09-10T22:58:21.254714+00:00,2026-09-06T06:15:59.347925+00:00
KXBTCD-26SEP0603-T79599.99,KXBTCD-26SEP0603,8,yes,0.99,yes,True,0.01,2026-09-10T22:58:21.254772+00:00,2026-09-06T06:15:59.347955+00:00
KXBTCD-26SEP0603-T79499.99,KXBTCD-26SEP0603,10,yes,0.99,yes,True,0.01,2026-09-10T22:58:21.254830+00:00,2026-09-06T06:31:30.757206+00:00
KXBTCD-26SEP0603-T80099.99,KXBTCD-26SEP0603,5,no,0.99,no,True,0.01,2026-09-10T22:58:21.254889+00:00,2026-09-06T06:45:56.377483+00:00
KXBTCD-26SEP0604-T80199.99,KXBTCD-26SEP0604,9,no,0.99,no,True,0.01,2026-09-10T22:58:21.254970+00:00,2026-09-06T07:15:57.240869+00:00
KXBTCD-26SEP0604-T80099.99,KXBTCD-26SEP0604,8,no,0.98,no,True,0.02,2026-09-10T22:58:21.255038+00:00,2026-09-06T07:15:57.240926+00:00
KXBTCD-26SEP0604-T79999.99,KXBTCD-26SEP0604,5,no,0.96,no,True,0.04,2026-09-10T22:58:21.255098+00:00,2026-09-06T07:15:57.240966+00:00
KXBTCD-26SEP0604-T79499.99,KXBTCD-26SEP0604,6,yes,0.9,yes,True,0.0999999999999999,2026-09-10T22:58:21.255157+00:00,2026-09-06T07:15:57.240997+00:00
KXBTCD-26SEP0604-T79399.99,KXBTCD-26SEP0604,7,yes,0.95,yes,True,0.05,2026-09-10T22:58:21.255215+00:00,2026-09-06T07:15:57.241027+00:00
KXBTCD-26SEP0604-T79299.99,KXBTCD-26SEP0604,10,yes,0.97,yes,True,0.03,2026-09-10T22:58:21.255272+00:00,2026-09-06T07:15:57.241057+00:00
KXBTCD-26SEP0604-T79599.99,KXBTCD-26SEP0604,5,yes,0.99,yes,True,0.01,2026-09-10T22:58:21.255329+00:00,2026-09-06T07:46:46.828217+00:00
KXBTCD-26SEP0605-T80299.99,KXBTCD-26SEP0605,10,no,0.98,no,True,0.02,2026-09-10T22:58:21.255387+00:00,2026-09-06T08:16:09.138171+00:00
KXBTCD-26SEP0605-T80199.99,KXBTCD-26SEP0605,8,no,0.98,no,True,0.02,2026-09-10T22:58:21.255449+00:00,2026-09-06T08:16:09.138227+00:00
KXBTCD-26SEP0605-T80099.99,KXBTCD-26SEP0605,6,no,0.95,no,True,0.05,2026-09-10T22:58:21.255510+00:00,2026-09-06T08:16:09.138261+00:00
KXBTCD-26SEP0605-T79599.99,KXBTCD-26SEP0605,5,yes,0.97,yes,True,0.03,2026-09-10T22:58:21.255569+00:00,2026-09-06T08:16:09.138292+00:00
KXBTCD-26SEP0605-T79499.99,KXBTCD-26SEP0605,7,yes,0.98,yes,True,0.02,2026-09-10T22:58:21.255628+00:00,2026-09-06T08:16:09.138323+00:00
KXBTCD-26SEP0605-T79399.99,KXBTCD-26SEP0605,9,yes,0.99,yes,True,0.01,2026-09-10T22:58:21.255687+00:00,2026-09-06T08:16:09.138353+00:00
KXBTCD-26SEP0606-T80299.99,KXBTCD-26SEP0606,9,no,0.99,no,True,0.01,2026-09-10T22:58:21.255751+00:00,2026-09-06T09:16:22.641522+00:00
KXBTCD-26SEP0606-T80199.99,KXBTCD-26SEP0606,6,no,0.98,no,True,0.02,2026-09-10T22:58:21.255811+00:00,2026-09-06T09:16:22.641595+00:00
KXBTCD-26SEP0606-T80099.99,KXBTCD-26SEP0606,5,no,0.91,no,True,0.0899999999999999,2026-09-10T22:58:21.255869+00:00,2026-09-06T09:16:22.641647+00:00
KXBTCD-26SEP0606-T79599.99,KXBTCD-26SEP0606,7,yes,0.98,yes,True,0.02,2026-09-10T22:58:21.255945+00:00,2026-09-06T09:16:22.641726+00:00
KXBTCD-26SEP0606-T79499.99,KXBTCD-26SEP0606,8,yes,0.99,yes,True,0.01,2026-09-10T22:58:21.256010+00:00,2026-09-06T09:16:22.641776+00:00
KXBTCD-26SEP0606-T79399.99,KXBTCD-26SEP0606,10,yes,0.99,yes,True,0.01,2026-09-10T22:58:21.256069+00:00,2026-09-06T09:16:22.641823+00:00
KXBTCD-26SEP0606-T79699.99,KXBTCD-26SEP0606,5,yes,0.98,yes,True,0.02,2026-09-10T22:58:21.256128+00:00,2026-09-06T09:26:24.064645+00:00
KXBTCD-26SEP0607-T80299.99,KXBTCD-26SEP0607,7,no,0.99,no,True,0.01,2026-09-10T22:58:21.256186+00:00,2026-09-06T10:16:27.743270+00:00
KXBTCD-26SEP0607-T80199.99,KXBTCD-26SEP0607,5,no,0.98,no,True,0.02,2026-09-10T22:58:21.256244+00:00,2026-09-06T10:16:27.743333+00:00
KXBTCD-26SEP0607-T79699.99,KXBTCD-26SEP0607,6,yes,0.98,yes,True,0.02,2026-09-10T22:58:21.256302+00:00,2026-09-06T10:16:27.743371+00:00
KXBTCD-26SEP0607-T79599.99,KXBTCD-26SEP0607,8,yes,0.99,yes,True,0.01,2026-09-10T22:58:21.256361+00:00,2026-09-06T10:16:27.743405+00:00
KXBTCD-26SEP0607-T79499.99,KXBTCD-26SEP0607,9,yes,0.99,yes,True,0.01,2026-09-10T22:58:21.256420+00:00,2026-09-06T10:16:27.743437+00:00
KXBTCD-26SEP0607-T79099.99,KXBTCD-26SEP0607,10,yes,0.99,yes,True,0.01,2026-09-10T22:58:21.256485+00:00,2026-09-06T10:16:27.743468+00:00
KXBTCD-26SEP0607-T70099.99,KXBTCD-26SEP0607,10,yes,0.99,yes,True,0.01,2026-09-10T22:58:21.256545+00:00,2026-09-06T11:01:01.040898+00:00
KXBTCD-26SEP0608-T80499.99,KXBTCD-26SEP0608,10,no,0.99,no,True,0.01,2026-09-10T22:58:21.256605+00:00,2026-09-06T11:16:02.340051+00:00
KXBTCD-26SEP0608-T80399.99,KXBTCD-26SEP0608,8,no,0.99,no,True,0.01,2026-09-10T22:58:21.256672+00:00,2026-09-06T11:16:02.340118+00:00
KXBTCD-26SEP0608-T80299.99,KXBTCD-26SEP0608,6,no,0.98,no,True,0.02,2026-09-10T22:58:21.256735+00:00,2026-09-06T11:16:02.340171+00:00
KXBTCD-26SEP0608-T79799.99,KXBTCD-26SEP0608,5,yes,0.96,yes,True,0.04,2026-09-10T22:58:21.256794+00:00,2026-09-06T11:16:02.340220+00:00
KXBTCD-26SEP0608-T79699.99,KXBTCD-26SEP0608,7,yes,0.98,yes,True,0.02,2026-09-10T22:58:21.256853+00:00,2026-09-06T11:16:02.340268+00:00
KXBTCD-26SEP0608-T79599.99,KXBTCD-26SEP0608,9,yes,0.99,yes,True,0.01,2026-09-10T22:58:21.256912+00:00,2026-09-06T11:16:02.340315+00:00
KXBTCD-26SEP0608-T80199.99,KXBTCD-26SEP0608,5,no,0.99,no,True,0.01,2026-09-10T22:58:21.256998+00:00,2026-09-06T11:46:56.973610+00:00
KXBTCD-26SEP0609-T80399.99,KXBTCD-26SEP0609,10,no,0.99,no,True,0.01,2026-09-10T22:58:21.257108+00:00,2026-09-06T12:15:57.205568+00:00
KXBTCD-26SEP0609-T80299.99,KXBTCD-26SEP0609,7,no,0.99,no,True,0.01,2026-09-10T22:58:21.257167+00:00,2026-09-06T12:15:57.205628+00:00
KXBTCD-26SEP0609-T80199.99,KXBTCD-26SEP0609,6,no,0.97,no,True,0.03,2026-09-10T22:58:21.257225+00:00,2026-09-06T12:15:57.205659+00:00
KXBTCD-26SEP0609-T79699.99,KXBTCD-26SEP0609,5,yes,0.95,yes,True,0.05,2026-09-10T22:58:21.257283+00:00,2026-09-06T12:15:57.205686+00:00
KXBTCD-26SEP0609-T79599.99,KXBTCD-26SEP0609,8,yes,0.99,yes,True,0.01,2026-09-10T22:58:21.257351+00:00,2026-09-06T12:15:57.205712+00:00
KXBTCD-26SEP0609-T79499.99,KXBTCD-26SEP0609,9,yes,0.99,yes,True,0.01,2026-09-10T22:58:21.257409+00:00,2026-09-06T12:15:57.205737+00:00
KXBTCD-26SEP0610-T80299.99,KXBTCD-26SEP0610,7,no,0.98,no,True,0.02,2026-09-10T22:58:21.257468+00:00,2026-09-06T13:02:00.009526+00:00
KXBTCD-26SEP0610-T79699.99,KXBTCD-26SEP0610,5,yes,0.96,yes,True,0.04,2026-09-10T22:58:21.257525+00:00,2026-09-06T13:02:00.009662+00:00
KXBTCD-26SEP0610-T79599.99,KXBTCD-26SEP0610,8,yes,0.98,yes,True,0.02,2026-09-10T22:58:21.257583+00:00,2026-09-06T13:02:00.009713+00:00
KXBTCD-26SEP0610-T79099.99,KXBTCD-26SEP0610,9,yes,0.98,yes,True,0.02,2026-09-10T22:58:21.257641+00:00,2026-09-06T13:02:00.009761+00:00
KXBTCD-26SEP0610-T78999.99,KXBTCD-26SEP0610,10,yes,0.99,yes,True,0.01,2026-09-10T22:58:21.257698+00:00,2026-09-06T13:02:00.009807+00:00
KXBTCD-26SEP0610-T80399.99,KXBTCD-26SEP0610,10,no,0.98,no,True,0.02,2026-09-10T22:58:21.257756+00:00,2026-09-06T13:16:23.473147+00:00
KXBTCD-26SEP0610-T80199.99,KXBTCD-26SEP0610,6,no,0.97,no,True,0.03,2026-09-10T22:58:21.257817+00:00,2026-09-06T13:16:23.473233+00:00
KXBTCD-26SEP0610-T79499.99,KXBTCD-26SEP0610,9,yes,0.99,yes,True,0.01,2026-09-10T22:58:21.257877+00:00,2026-09-06T13:16:23.473312+00:00
KXBTCD-26SEP0610-T80499.99,KXBTCD-26SEP0610,10,no,0.99,no,True,0.01,2026-09-10T22:58:21.257956+00:00,2026-09-06T13:31:04.574559+00:00
KXBTCD-26SEP0610-T80099.99,KXBTCD-26SEP0610,5,no,0.97,no,True,0.03,2026-09-10T22:58:21.258022+00:00,2026-09-06T13:31:04.574693+00:00
KXBTCD-26SEP0611-T80299.99,KXBTCD-26SEP0611,10,no,0.99,no,True,0.01,2026-09-10T22:58:21.258081+00:00,2026-09-06T14:16:27.256958+00:00
KXBTCD-26SEP0611-T80199.99,KXBTCD-26SEP0611,7,no,0.99,no,True,0.01,2026-09-10T22:58:21.258139+00:00,2026-09-06T14:16:27.257023+00:00
KXBTCD-26SEP0611-T80099.99,KXBTCD-26SEP0611,6,no,0.97,no,True,0.03,2026-09-10T22:58:21.258197+00:00,2026-09-06T14:16:27.257062+00:00
KXBTCD-26SEP0611-T79999.99,KXBTCD-26SEP0611,5,no,0.93,no,True,0.0699999999999999,2026-09-10T22:58:21.258255+00:00,2026-09-06T14:16:27.257096+00:00
KXBTCD-26SEP0611-T79499.99,KXBTCD-26SEP0611,8,yes,0.97,yes,True,0.03,2026-09-10T22:58:21.258312+00:00,2026-09-06T14:16:27.257129+00:00
KXBTCD-26SEP0611-T79399.99,KXBTCD-26SEP0611,9,yes,0.98,yes,True,0.02,2026-09-10T22:58:21.258370+00:00,2026-09-06T14:16:27.257160+00:00
KXBTCD-26SEP0611-T79299.99,KXBTCD-26SEP0611,10,yes,0.98,yes,True,0.02,2026-09-10T22:58:21.258435+00:00,2026-09-06T14:31:29.051158+00:00
KXBTCD-26SEP0617-T78499.99,KXBTCD-26SEP0617,10,yes,0.95,yes,True,0.05,2026-09-10T22:58:21.258493+00:00,2026-09-06T14:31:29.051331+00:00
KXBTCD-26SEP0611-T79899.99,KXBTCD-26SEP0611,5,no,0.92,no,True,0.0799999999999999,2026-09-10T22:58:21.258551+00:00,2026-09-06T14:46:48.778989+00:00
KXBTCD-26SEP0612-T79999.99,KXBTCD-26SEP0612,10,no,0.97,no,True,0.03,2026-09-10T22:58:21.258609+00:00,2026-09-06T15:02:21.419480+00:00
KXBTCD-26SEP0612-T79899.99,KXBTCD-26SEP0612,7,no,0.95,no,True,0.05,2026-09-10T22:58:21.258666+00:00,2026-09-06T15:02:21.419548+00:00
KXBTCD-26SEP0612-T79799.99,KXBTCD-26SEP0612,9,no,0.9,no,True,0.0999999999999999,2026-09-10T22:58:21.258724+00:00,2026-09-06T15:02:21.419599+00:00
KXBTCD-26SEP0612-T79599.99,KXBTCD-26SEP0612,8,no,0.64,yes,False,-0.64,2026-09-10T22:58:21.258781+00:00,2026-09-06T15:02:21.419648+00:00
KXBTCD-26SEP0612-T79399.99,KXBTCD-26SEP0612,5,yes,0.71,yes,True,0.29,2026-09-10T22:58:21.258839+00:00,2026-09-06T15:02:21.419695+00:00
KXBTCD-26SEP0612-T79299.99,KXBTCD-26SEP0612,6,yes,0.84,yes,True,0.16,2026-09-10T22:58:21.258898+00:00,2026-09-06T15:02:21.419740+00:00
KXBTCD-26SEP0612-T79199.99,KXBTCD-26SEP0612,7,yes,0.94,yes,True,0.06,2026-09-10T22:58:21.258980+00:00,2026-09-06T15:16:05.268531+00:00
KXBTCD-26SEP0612-T79099.99,KXBTCD-26SEP0612,6,yes,0.94,yes,True,0.06,2026-09-10T22:58:21.259046+00:00,2026-09-06T15:16:05.268593+00:00
KXBTCD-26SEP0612-T78999.99,KXBTCD-26SEP0612,8,yes,0.98,yes,True,0.02,2026-09-10T22:58:21.259107+00:00,2026-09-06T15:16:05.268642+00:00
KXBTCD-26SEP0613-T80499.99,KXBTCD-26SEP0613,10,no,0.99,no,True,0.01,2026-09-10T22:58:21.259165+00:00,2026-09-06T16:10:34.078630+00:00
KXBTCD-26SEP0613-T80099.99,KXBTCD-26SEP0613,5,no,0.99,no,True,0.01,2026-09-10T22:58:21.259224+00:00,2026-09-06T16:10:34.078671+00:00
KXBTCD-26SEP0613-T79999.99,KXBTCD-26SEP0613,7,no,0.97,no,True,0.03,2026-09-10T22:58:21.259282+00:00,2026-09-06T16:10:34.078695+00:00
KXBTCD-26SEP0613-T79899.99,KXBTCD-26SEP0613,6,no,0.94,no,True,0.06,2026-09-10T22:58:21.259346+00:00,2026-09-06T16:10:34.078716+00:00
KXBTCD-26SEP0613-T79399.99,KXBTCD-26SEP0613,9,yes,0.92,yes,True,0.0799999999999999,2026-09-10T22:58:21.259406+00:00,2026-09-06T16:10:34.078737+00:00
KXBTCD-26SEP0613-T79299.99,KXBTCD-26SEP0613,8,yes,0.96,yes,True,0.04,2026-09-10T22:58:21.259465+00:00,2026-09-06T16:10:34.078756+00:00
KXBTCD-26SEP0614-T80099.99,KXBTCD-26SEP0614,9,no,0.99,no,True,0.01,2026-09-10T22:58:21.259522+00:00,2026-09-06T17:16:17.933225+00:00
KXBTCD-26SEP0614-T79999.99,KXBTCD-26SEP0614,8,no,0.98,no,True,0.02,2026-09-10T22:58:21.259580+00:00,2026-09-06T17:16:17.933287+00:00
KXBTCD-26SEP0614-T79899.99,KXBTCD-26SEP0614,6,no,0.95,no,True,0.05,2026-09-10T22:58:21.259638+00:00,2026-09-06T17:16:17.933325+00:00
KXBTCD-26SEP0614-T79399.99,KXBTCD-26SEP0614,5,yes,0.93,yes,True,0.0699999999999999,2026-09-10T22:58:21.259696+00:00,2026-09-06T17:16:17.933360+00:00
KXBTCD-26SEP0614-T79299.99,KXBTCD-26SEP0614,7,yes,0.97,yes,True,0.03,2026-09-10T22:58:21.259754+00:00,2026-09-06T17:16:17.933393+00:00
KXBTCD-26SEP0614-T79199.99,KXBTCD-26SEP0614,10,yes,0.98,yes,True,0.02,2026-09-10T22:58:21.259812+00:00,2026-09-06T17:16:17.933425+00:00
KXBTCD-26SEP0614-T79499.99,KXBTCD-26SEP0614,5,yes,0.99,yes,True,0.01,2026-09-10T22:58:21.259933+00:00,2026-09-06T18:01:10.915164+00:00
KXBTCD-26SEP0615-T80299.99,KXBTCD-26SEP0615,10,no,0.99,no,True,0.01,2026-09-10T22:58:21.260001+00:00,2026-09-06T18:16:07.936034+00:00
KXBTCD-26SEP0615-T80199.99,KXBTCD-26SEP0615,8,no,0.99,no,True,0.01,2026-09-10T22:58:21.260060+00:00,2026-09-06T18:16:07.936110+00:00
KXBTCD-26SEP0615-T80099.99,KXBTCD-26SEP0615,5,no,0.96,no,True,0.04,2026-09-10T22:58:21.260119+00:00,2026-09-06T18:16:07.936162+00:00
KXBTCD-26SEP0615-T79599.99,KXBTCD-26SEP0615,6,yes,0.97,yes,True,0.03,2026-09-10T22:58:21.260181+00:00,2026-09-06T18:16:07.936212+00:00
KXBTCD-26SEP0615-T79499.99,KXBTCD-26SEP0615,7,yes,0.99,yes,True,0.01,2026-09-10T22:58:21.260242+00:00,2026-09-06T18:16:07.936259+00:00
KXBTCD-26SEP0615-T79399.99,KXBTCD-26SEP0615,9,yes,0.99,yes,True,0.01,2026-09-10T22:58:21.260301+00:00,2026-09-06T18:16:07.936305+00:00
KXBTCD-26SEP0616-T80399.99,KXBTCD-26SEP0616,9,no,0.99,no,True,0.01,2026-09-10T22:58:21.260361+00:00,2026-09-06T19:16:06.000812+00:00
KXBTCD-26SEP0616-T80299.99,KXBTCD-26SEP0616,8,no,0.99,no,True,0.01,2026-09-10T22:58:21.260425+00:00,2026-09-06T19:16:06.000884+00:00
KXBTCD-26SEP0616-T80199.99,KXBTCD-26SEP0616,7,no,0.99,no,True,0.01,2026-09-10T22:58:21.260485+00:00,2026-09-06T19:16:06.000936+00:00
KXBTCD-26SEP0616-T80099.99,KXBTCD-26SEP0616,5,no,0.97,no,True,0.03,2026-09-10T22:58:21.260544+00:00,2026-09-06T19:16:06.000984+00:00
KXBTCD-26SEP0616-T79599.99,KXBTCD-26SEP0616,6,yes,0.98,yes,True,0.02,2026-09-10T22:58:21.260613+00:00,2026-09-06T19:16:06.001059+00:00
KXBTCD-26SEP0616-T79499.99,KXBTCD-26SEP0616,10,yes,0.99,yes,True,0.01,2026-09-10T22:58:21.260672+00:00,2026-09-06T19:16:06.001114+00:00
KXBTCD-26SEP0717-T89249.99,KXBTCD-26SEP0717,5,no,0.99,no,True,0.01,2026-09-10T22:58:21.260730+00:00,2026-09-06T20:28:23.621884+00:00
KXBTCD-26SEP0717-T79249.99,KXBTCD-26SEP0717,6,yes,0.67,no,False,-0.67,2026-09-10T22:58:21.260788+00:00,2026-09-06T20:28:23.621981+00:00
KXBTCD-26SEP0717-T78999.99,KXBTCD-26SEP0717,5,yes,0.74,yes,True,0.26,2026-09-10T22:58:21.260847+00:00,2026-09-06T20:46:18.955431+00:00
KXBTCD-26SEP0717-T80749.99,KXBTCD-26SEP0717,6,no,0.73,no,True,0.27,2026-09-10T22:58:21.260976+00:00,2026-09-06T21:01:14.128760+00:00
KXBTCD-26SEP0717-T78499.99,KXBTCD-26SEP0717,5,yes,0.6,yes,True,0.4,2026-09-10T22:58:21.261039+00:00,2026-09-06T21:01:14.128834+00:00
KXBTCD-26SEP0717-T81749.99,KXBTCD-26SEP0717,9,no,0.91,no,True,0.0899999999999999,2026-09-10T22:58:21.261099+00:00,2026-09-06T21:16:46.540372+00:00
KXBTCD-26SEP0717-T81499.99,KXBTCD-26SEP0717,7,no,0.88,no,True,0.12,2026-09-10T22:58:21.261158+00:00,2026-09-06T21:16:46.540447+00:00
KXBTCD-26SEP0717-T78249.99,KXBTCD-26SEP0717,5,yes,0.9,yes,True,0.0999999999999999,2026-09-10T22:58:21.261218+00:00,2026-09-06T21:16:46.540503+00:00
KXBTCD-26SEP0717-T77999.99,KXBTCD-26SEP0717,8,yes,0.93,yes,True,0.0699999999999999,2026-09-10T22:58:21.261277+00:00,2026-09-06T21:16:46.540531+00:00
KXBTCD-26SEP0717-T77499.99,KXBTCD-26SEP0717,10,yes,0.95,yes,True,0.05,2026-09-10T22:58:21.261335+00:00,2026-09-06T21:16:46.540558+00:00
KXBTCD-26SEP0618-T80499.99,KXBTCD-26SEP0618,10,no,0.99,no,True,0.01,2026-09-10T22:58:21.261398+00:00,2026-09-06T21:16:46.540586+00:00
KXBTCD-26SEP0618-T80399.99,KXBTCD-26SEP0618,8,no,0.98,no,True,0.02,2026-09-10T22:58:21.261460+00:00,2026-09-06T21:16:46.540617+00:00
KXBTCD-26SEP0618-T80299.99,KXBTCD-26SEP0618,7,no,0.96,no,True,0.04,2026-09-10T22:58:21.261519+00:00,2026-09-06T21:16:46.540645+00:00
KXBTCD-26SEP0618-T80199.99,KXBTCD-26SEP0618,5,no,0.89,no,True,0.1099999999999999,2026-09-10T22:58:21.261578+00:00,2026-09-06T21:16:46.540673+00:00
KXBTCD-26SEP0618-T79699.99,KXBTCD-26SEP0618,6,yes,0.95,yes,True,0.05,2026-09-10T22:58:21.261637+00:00,2026-09-06T21:16:46.540700+00:00
KXBTCD-26SEP0618-T79599.99,KXBTCD-26SEP0618,9,yes,0.98,yes,True,0.02,2026-09-10T22:58:21.261694+00:00,2026-09-06T21:16:46.540726+00:00
KXBTCD-26SEP0717-T81249.99,KXBTCD-26SEP0717,8,no,0.84,no,True,0.16,2026-09-10T22:58:21.261752+00:00,2026-09-06T21:32:03.733977+00:00
KXBTCD-26SEP0717-T80999.99,KXBTCD-26SEP0717,10,no,0.79,no,True,0.2099999999999999,2026-09-10T22:58:21.261810+00:00,2026-09-06T21:32:03.734042+00:00
KXBTCD-26SEP0717-T80249.99,KXBTCD-26SEP0717,6,no,0.6,no,True,0.4,2026-09-10T22:58:21.261868+00:00,2026-09-06T21:32:03.734091+00:00
KXBTCD-26SEP0717-T83249.99,KXBTCD-26SEP0717,7,no,0.97,no,True,0.03,2026-09-10T22:58:21.261944+00:00,2026-09-06T22:15:06.927253+00:00
KXBTCD-26SEP0717-T82499.99,KXBTCD-26SEP0717,6,no,0.95,no,True,0.05,2026-09-10T22:58:21.262010+00:00,2026-09-06T22:15:06.927318+00:00
KXBTCD-26SEP0619-T80299.99,KXBTCD-26SEP0619,8,no,0.97,no,True,0.03,2026-09-10T22:58:21.262080+00:00,2026-09-06T22:15:06.927432+00:00
KXBTCD-26SEP0619-T80199.99,KXBTCD-26SEP0619,9,no,0.95,no,True,0.05,2026-09-10T22:58:21.262140+00:00,2026-09-06T22:15:06.927468+00:00
KXBTCD-26SEP0619-T80099.99,KXBTCD-26SEP0619,7,no,0.92,no,True,0.0799999999999999,2026-09-10T22:58:21.262199+00:00,2026-09-06T22:15:06.927501+00:00
KXBTCD-26SEP0619-T79999.99,KXBTCD-26SEP0619,5,no,0.85,yes,False,-0.85,2026-09-10T22:58:21.262258+00:00,2026-09-06T22:15:06.927532+00:00
KXBTCD-26SEP0619-T79499.99,KXBTCD-26SEP0619,6,yes,0.82,yes,True,0.18,2026-09-10T22:58:21.262315+00:00,2026-09-06T22:15:06.927561+00:00
KXBTCD-26SEP0619-T79399.99,KXBTCD-26SEP0619,10,yes,0.91,yes,True,0.0899999999999999,2026-09-10T22:58:21.262379+00:00,2026-09-06T22:15:06.927589+00:00
KXBTCD-26SEP0717-T80499.99,KXBTCD-26SEP0717,8,no,0.66,no,True,0.3399999999999999,2026-09-10T22:58:21.262438+00:00,2026-09-06T22:46:37.689686+00:00
KXBTCD-26SEP0619-T79599.99,KXBTCD-26SEP0619,5,yes,0.96,yes,True,0.04,2026-09-10T22:58:21.262497+00:00,2026-09-06T22:46:37.689925+00:00
KXBTCD-26SEP0619-T79799.99,KXBTCD-26SEP0619,5,yes,0.99,yes,True,0.01,2026-09-10T22:58:21.262558+00:00,2026-09-06T23:01:24.716843+00:00
KXBTCD-26SEP0620-T80599.99,KXBTCD-26SEP0620,10,no,0.94,no,True,0.06,2026-09-10T22:58:21.262619+00:00,2026-09-06T23:16:57.375708+00:00
KXBTCD-26SEP0620-T80499.99,KXBTCD-26SEP0620,8,no,0.9,no,True,0.0999999999999999,2026-09-10T22:58:21.262678+00:00,2026-09-06T23:16:57.375771+00:00
KXBTCD-26SEP0620-T80399.99,KXBTCD-26SEP0620,6,no,0.82,no,True,0.18,2026-09-10T22:58:21.262737+00:00,2026-09-06T23:16:57.375820+00:00
KXBTCD-26SEP0620-T80299.99,KXBTCD-26SEP0620,5,no,0.67,yes,False,-0.67,2026-09-10T22:58:21.262796+00:00,2026-09-06T23:16:57.375867+00:00
KXBTCD-26SEP0620-T79799.99,KXBTCD-26SEP0620,9,yes,0.95,yes,True,0.05,2026-09-10T22:58:21.262854+00:00,2026-09-06T23:16:57.375912+00:00
KXBTCD-26SEP0620-T79699.99,KXBTCD-26SEP0620,7,yes,0.96,yes,True,0.04,2026-09-10T22:58:21.262911+00:00,2026-09-06T23:16:57.375956+00:00
KXBTCD-26SEP0620-T79899.99,KXBTCD-26SEP0620,5,yes,0.91,yes,True,0.0899999999999999,2026-09-10T22:58:21.263004+00:00,2026-09-06T23:31:45.120216+00:00
KXBTCD-26SEP0620-T79999.99,KXBTCD-26SEP0620,5,yes,0.98,yes,True,0.02,2026-09-10T22:58:21.263065+00:00,2026-09-06T23:46:34.512062+00:00
KXBTCD-26SEP0620-T80699.99,KXBTCD-26SEP0620,9,no,0.99,no,True,0.01,2026-09-10T22:58:21.263125+00:00,2026-09-06T23:56:28.389397+00:00
KXBTCD-26SEP0620-T80099.99,KXBTCD-26SEP0620,5,yes,0.99,yes,True,0.01,2026-09-10T22:58:21.263185+00:00,2026-09-06T23:56:28.389494+00:00
KXBTCD-26SEP0717-T81999.99,KXBTCD-26SEP0717,10,no,0.88,no,True,0.12,2026-09-10T22:58:21.263243+00:00,2026-09-07T00:16:31.479688+00:00
KXBTCD-26SEP0621-T80799.99,KXBTCD-26SEP0621,9,no,0.94,no,True,0.06,2026-09-10T22:58:21.263302+00:00,2026-09-07T00:16:31.479796+00:00
KXBTCD-26SEP0621-T80699.99,KXBTCD-26SEP0621,10,no,0.91,no,True,0.0899999999999999,2026-09-10T22:58:21.263360+00:00,2026-09-07T00:16:31.479820+00:00
KXBTCD-26SEP0621-T80599.99,KXBTCD-26SEP0621,5,no,0.86,no,True,0.14,2026-09-10T22:58:21.263418+00:00,2026-09-07T00:16:31.479841+00:00
KXBTCD-26SEP0621-T80099.99,KXBTCD-26SEP0621,7,yes,0.85,yes,True,0.15,2026-09-10T22:58:21.263477+00:00,2026-09-07T00:16:31.479862+00:00
KXBTCD-26SEP0621-T79999.99,KXBTCD-26SEP0621,6,yes,0.91,yes,True,0.0899999999999999,2026-09-10T22:58:21.263535+00:00,2026-09-07T00:16:31.479882+00:00
KXBTCD-26SEP0621-T79899.99,KXBTCD-26SEP0621,8,yes,0.95,yes,True,0.05,2026-09-10T22:58:21.263593+00:00,2026-09-07T00:16:31.479902+00:00
KXBTCD-26SEP0717-T78749.99,KXBTCD-26SEP0717,9,yes,0.85,yes,True,0.15,2026-09-10T22:58:21.263652+00:00,2026-09-07T00:31:15.373936+00:00
KXBTCD-26SEP0621-T80499.99,KXBTCD-26SEP0621,5,no,0.9,no,True,0.0999999999999999,2026-09-10T22:58:21.263709+00:00,2026-09-07T00:31:15.374092+00:00
KXBTCD-26SEP0621-T79799.99,KXBTCD-26SEP0621,10,yes,0.97,yes,True,0.03,2026-09-10T22:58:21.263781+00:00,2026-09-07T00:46:39.844573+00:00
KXBTCD-26SEP0622-T80499.99,KXBTCD-26SEP0622,8,no,0.96,no,True,0.04,2026-09-10T22:58:21.263843+00:00,2026-09-07T01:16:59.295169+00:00
KXBTCD-26SEP0622-T80399.99,KXBTCD-26SEP0622,7,no,0.93,no,True,0.0699999999999999,2026-09-10T22:58:21.263901+00:00,2026-09-07T01:16:59.295237+00:00
KXBTCD-26SEP0622-T80299.99,KXBTCD-26SEP0622,6,no,0.88,no,True,0.12,2026-09-10T22:58:21.263983+00:00,2026-09-07T01:16:59.295286+00:00
KXBTCD-26SEP0622-T80199.99,KXBTCD-26SEP0622,5,no,0.8,no,True,0.1999999999999999,2026-09-10T22:58:21.264044+00:00,2026-09-07T01:16:59.295355+00:00
KXBTCD-26SEP0622-T79699.99,KXBTCD-26SEP0622,9,yes,0.86,yes,True,0.14,2026-09-10T22:58:21.264103+00:00,2026-09-07T01:16:59.295407+00:00
KXBTCD-26SEP0622-T79499.99,KXBTCD-26SEP0622,10,yes,0.94,yes,True,0.06,2026-09-10T22:58:21.264162+00:00,2026-09-07T01:16:59.295453+00:00
KXBTCD-26SEP0622-T79599.99,KXBTCD-26SEP0622,10,yes,0.94,yes,True,0.06,2026-09-10T22:58:21.264220+00:00,2026-09-07T01:31:44.828505+00:00
KXBTCD-26SEP0623-T80399.99,KXBTCD-26SEP0623,9,no,0.98,no,True,0.02,2026-09-10T22:58:21.264279+00:00,2026-09-07T02:13:54.165761+00:00
KXBTCD-26SEP0623-T80299.99,KXBTCD-26SEP0623,7,no,0.97,no,True,0.03,2026-09-10T22:58:21.264344+00:00,2026-09-07T02:13:54.165831+00:00
KXBTCD-26SEP0623-T80199.99,KXBTCD-26SEP0623,6,no,0.95,no,True,0.05,2026-09-10T22:58:21.264404+00:00,2026-09-07T02:13:54.165881+00:00
KXBTCD-26SEP0623-T80099.99,KXBTCD-26SEP0623,5,no,0.89,no,True,0.1099999999999999,2026-09-10T22:58:21.264464+00:00,2026-09-07T02:13:54.165928+00:00
KXBTCD-26SEP0623-T79599.99,KXBTCD-26SEP0623,8,yes,0.88,yes,True,0.12,2026-09-10T22:58:21.264523+00:00,2026-09-07T02:13:54.165973+00:00
KXBTCD-26SEP0623-T79399.99,KXBTCD-26SEP0623,10,yes,0.97,yes,True,0.03,2026-09-10T22:58:21.264581+00:00,2026-09-07T02:13:54.166020+00:00
KXBTCD-26SEP0623-T80599.99,KXBTCD-26SEP0623,10,no,0.98,no,True,0.02,2026-09-10T22:58:21.264646+00:00,2026-09-07T02:46:41.436509+00:00
KXBTCD-26SEP0623-T80499.99,KXBTCD-26SEP0623,9,no,0.96,no,True,0.04,2026-09-10T22:58:21.264706+00:00,2026-09-07T02:46:41.436575+00:00
KXBTCD-26SEP0623-T79699.99,KXBTCD-26SEP0623,8,yes,0.99,yes,True,0.01,2026-09-10T22:58:21.264764+00:00,2026-09-07T02:46:41.436716+00:00
KXBTCD-26SEP0623-T79799.99,KXBTCD-26SEP0623,6,yes,0.99,yes,True,0.01,2026-09-10T22:58:21.264823+00:00,2026-09-07T03:01:46.531500+00:00
KXBTCD-26SEP0700-T80399.99,KXBTCD-26SEP0700,10,no,0.98,no,True,0.02,2026-09-10T22:58:21.264881+00:00,2026-09-07T03:16:43.052131+00:00
KXBTCD-26SEP0700-T80299.99,KXBTCD-26SEP0700,8,no,0.96,no,True,0.04,2026-09-10T22:58:21.264964+00:00,2026-09-07T03:16:43.052176+00:00
KXBTCD-26SEP0700-T80199.99,KXBTCD-26SEP0700,9,no,0.94,no,True,0.06,2026-09-10T22:58:21.265030+00:00,2026-09-07T03:16:43.052202+00:00
KXBTCD-26SEP0700-T80099.99,KXBTCD-26SEP0700,6,no,0.9,no,True,0.0999999999999999,2026-09-10T22:58:21.265089+00:00,2026-09-07T03:16:43.052228+00:00
KXBTCD-26SEP0700-T79599.99,KXBTCD-26SEP0700,5,yes,0.8,no,False,-0.8,2026-09-10T22:58:21.265148+00:00,2026-09-07T03:16:43.052253+00:00
KXBTCD-26SEP0700-T79499.99,KXBTCD-26SEP0700,7,yes,0.89,yes,True,0.1099999999999999,2026-09-10T22:58:21.265206+00:00,2026-09-07T03:16:43.052277+00:00
KXBTCD-26SEP0700-T79399.99,KXBTCD-26SEP0700,10,yes,0.97,yes,True,0.03,2026-09-10T22:58:21.265275+00:00,2026-09-07T03:31:50.019833+00:00
KXBTCD-26SEP0700-T79999.99,KXBTCD-26SEP0700,6,no,0.98,no,True,0.02,2026-09-10T22:58:21.265333+00:00,2026-09-07T03:47:16.275782+00:00
KXBTCD-26SEP0701-T79999.99,KXBTCD-26SEP0701,8,no,0.94,no,True,0.06,2026-09-10T22:58:21.265390+00:00,2026-09-07T04:16:36.911368+00:00
KXBTCD-26SEP0701-T79899.99,KXBTCD-26SEP0701,6,no,0.86,no,True,0.14,2026-09-10T22:58:21.265449+00:00,2026-09-07T04:16:36.911414+00:00
KXBTCD-26SEP0701-T79399.99,KXBTCD-26SEP0701,5,yes,0.9,yes,True,0.0999999999999999,2026-09-10T22:58:21.265507+00:00,2026-09-07T04:16:36.911440+00:00
KXBTCD-26SEP0701-T79299.99,KXBTCD-26SEP0701,7,yes,0.94,yes,True,0.06,2026-09-10T22:58:21.265565+00:00,2026-09-07T04:16:36.911464+00:00
KXBTCD-26SEP0701-T79199.99,KXBTCD-26SEP0701,9,yes,0.97,yes,True,0.03,2026-09-10T22:58:21.265623+00:00,2026-09-07T04:16:36.911486+00:00
KXBTCD-26SEP0701-T78999.99,KXBTCD-26SEP0701,10,yes,0.98,yes,True,0.02,2026-09-10T22:58:21.265687+00:00,2026-09-07T04:16:36.911508+00:00
KXBTCD-26SEP0702-T80199.99,KXBTCD-26SEP0702,10,no,0.97,no,True,0.03,2026-09-10T22:58:21.265747+00:00,2026-09-07T05:16:22.480407+00:00
KXBTCD-26SEP0702-T80099.99,KXBTCD-26SEP0702,8,no,0.95,no,True,0.05,2026-09-10T22:58:21.265805+00:00,2026-09-07T05:16:22.480465+00:00
KXBTCD-26SEP0702-T79999.99,KXBTCD-26SEP0702,6,no,0.89,no,True,0.1099999999999999,2026-09-10T22:58:21.265863+00:00,2026-09-07T05:16:22.480501+00:00
KXBTCD-26SEP0702-T79499.99,KXBTCD-26SEP0702,5,yes,0.91,yes,True,0.0899999999999999,2026-09-10T22:58:21.265939+00:00,2026-09-07T05:16:22.480534+00:00
KXBTCD-26SEP0702-T79399.99,KXBTCD-26SEP0702,7,yes,0.96,yes,True,0.04,2026-09-10T22:58:21.266006+00:00,2026-09-07T05:16:22.480565+00:00
KXBTCD-26SEP0702-T79299.99,KXBTCD-26SEP0702,9,yes,0.98,yes,True,0.02,2026-09-10T22:58:21.266065+00:00,2026-09-07T05:16:22.480596+00:00
KXBTCD-26SEP0702-T80299.99,KXBTCD-26SEP0702,10,no,0.99,no,True,0.01,2026-09-10T22:58:21.266123+00:00,2026-09-07T05:46:34.441755+00:00
KXBTCD-26SEP0702-T79599.99,KXBTCD-26SEP0702,5,yes,0.99,yes,True,0.01,2026-09-10T22:58:21.266187+00:00,2026-09-07T06:01:40.726148+00:00
KXBTCD-26SEP0703-T80199.99,KXBTCD-26SEP0703,10,no,0.98,no,True,0.02,2026-09-10T22:58:21.266247+00:00,2026-09-07T06:16:36.561294+00:00
KXBTCD-26SEP0703-T80099.99,KXBTCD-26SEP0703,7,no,0.96,no,True,0.04,2026-09-10T22:58:21.266310+00:00,2026-09-07T06:16:36.561346+00:00
KXBTCD-26SEP0703-T79999.99,KXBTCD-26SEP0703,5,no,0.9,no,True,0.0999999999999999,2026-09-10T22:58:21.266370+00:00,2026-09-07T06:16:36.561376+00:00
KXBTCD-26SEP0703-T79499.99,KXBTCD-26SEP0703,6,yes,0.96,yes,True,0.04,2026-09-10T22:58:21.266428+00:00,2026-09-07T06:16:36.561403+00:00
KXBTCD-26SEP0703-T79399.99,KXBTCD-26SEP0703,8,yes,0.98,yes,True,0.02,2026-09-10T22:58:21.266486+00:00,2026-09-07T06:16:36.561428+00:00
KXBTCD-26SEP0703-T79299.99,KXBTCD-26SEP0703,9,yes,0.99,yes,True,0.01,2026-09-10T22:58:21.266544+00:00,2026-09-07T06:16:36.561452+00:00
KXBTCD-26SEP0704-T79299.99,KXBTCD-26SEP0704,5,yes,0.97,yes,True,0.03,2026-09-10T22:58:21.266602+00:00,2026-09-07T07:01:52.336600+00:00
KXBTCD-26SEP0704-T80099.99,KXBTCD-26SEP0704,10,no,0.99,no,True,0.01,2026-09-10T22:58:21.266660+00:00,2026-09-07T07:16:15.624144+00:00
KXBTCD-26SEP0704-T79999.99,KXBTCD-26SEP0704,8,no,0.98,no,True,0.02,2026-09-10T22:58:21.266718+00:00,2026-09-07T07:16:15.624221+00:00
KXBTCD-26SEP0704-T79899.99,KXBTCD-26SEP0704,6,no,0.95,no,True,0.05,2026-09-10T22:58:21.266776+00:00,2026-09-07T07:16:15.624274+00:00
KXBTCD-26SEP0704-T79799.99,KXBTCD-26SEP0704,5,no,0.86,no,True,0.14,2026-09-10T22:58:21.266835+00:00,2026-09-07T07:16:15.624323+00:00
KXBTCD-26SEP0704-T79199.99,KXBTCD-26SEP0704,9,yes,0.98,yes,True,0.02,2026-09-10T22:58:21.266892+00:00,2026-09-07T07:16:15.624400+00:00
KXBTCD-26SEP0704-T79399.99,KXBTCD-26SEP0704,5,yes,0.92,no,False,-0.92,2026-09-10T22:58:21.266972+00:00,2026-09-07T07:20:21.073898+00:00
KXBTCD-26SEP0704-T79099.99,KXBTCD-26SEP0704,10,yes,0.97,yes,True,0.03,2026-09-10T22:58:21.267034+00:00,2026-09-07T07:31:51.785493+00:00
KXBTCD-26SEP0704-T79699.99,KXBTCD-26SEP0704,6,no,0.98,no,True,0.02,2026-09-10T22:58:21.267093+00:00,2026-09-07T07:46:48.076062+00:00
KXBTCD-26SEP0704-T78999.99,KXBTCD-26SEP0704,8,yes,0.95,yes,True,0.05,2026-09-10T22:58:21.267151+00:00,2026-09-07T07:46:48.076181+00:00
KXBTCD-26SEP0704-T78899.99,KXBTCD-26SEP0704,10,yes,0.98,yes,True,0.02,2026-09-10T22:58:21.267215+00:00,2026-09-07T07:46:48.076223+00:00
KXBTCD-26SEP0705-T79999.99,KXBTCD-26SEP0705,10,no,0.99,no,True,0.01,2026-09-10T22:58:21.267274+00:00,2026-09-07T08:16:50.173646+00:00
KXBTCD-26SEP0705-T79799.99,KXBTCD-26SEP0705,8,no,0.96,no,True,0.04,2026-09-10T22:58:21.267335+00:00,2026-09-07T08:16:50.173716+00:00
KXBTCD-26SEP0705-T79699.99,KXBTCD-26SEP0705,6,no,0.92,no,True,0.0799999999999999,2026-09-10T22:58:21.267396+00:00,2026-09-07T08:16:50.173768+00:00
KXBTCD-26SEP0705-T79199.99,KXBTCD-26SEP0705,5,yes,0.91,yes,True,0.0899999999999999,2026-09-10T22:58:21.267455+00:00,2026-09-07T08:16:50.173817+00:00
KXBTCD-26SEP0705-T79099.99,KXBTCD-26SEP0705,9,yes,0.96,yes,True,0.04,2026-09-10T22:58:21.267513+00:00,2026-09-07T08:16:50.173865+00:00
KXBTCD-26SEP0705-T78999.99,KXBTCD-26SEP0705,7,yes,0.97,yes,True,0.03,2026-09-10T22:58:21.267570+00:00,2026-09-07T08:16:50.173912+00:00
KXBTCD-26SEP0705-T79899.99,KXBTCD-26SEP0705,10,no,0.99,no,True,0.01,2026-09-10T22:58:21.267628+00:00,2026-09-07T08:31:26.450509+00:00
KXBTCD-26SEP0706-T79999.99,KXBTCD-26SEP0706,10,no,0.99,no,True,0.01,2026-09-10T22:58:21.267687+00:00,2026-09-07T09:17:08.969083+00:00
KXBTCD-26SEP0706-T79899.99,KXBTCD-26SEP0706,8,no,0.97,no,True,0.03,2026-09-10T22:58:21.267745+00:00,2026-09-07T09:17:08.969155+00:00
KXBTCD-26SEP0706-T79799.99,KXBTCD-26SEP0706,9,no,0.94,no,True,0.06,2026-09-10T22:58:21.267803+00:00,2026-09-07T09:17:08.969208+00:00
KXBTCD-26SEP0706-T79699.99,KXBTCD-26SEP0706,5,no,0.85,no,True,0.15,2026-09-10T22:58:21.267860+00:00,2026-09-07T09:17:08.969259+00:00
KXBTCD-26SEP0706-T79199.99,KXBTCD-26SEP0706,7,yes,0.96,yes,True,0.04,2026-09-10T22:58:21.267938+00:00,2026-09-07T09:17:08.969305+00:00
KXBTCD-26SEP0706-T79099.99,KXBTCD-26SEP0706,6,yes,0.97,yes,True,0.03,2026-09-10T22:58:21.268006+00:00,2026-09-07T09:17:08.969352+00:00
KXBTCD-26SEP0706-T78999.99,KXBTCD-26SEP0706,10,yes,0.99,yes,True,0.01,2026-09-10T22:58:21.268066+00:00,2026-09-07T09:31:29.588600+00:00
KXBTCD-26SEP0707-T79899.99,KXBTCD-26SEP0707,10,no,0.99,no,True,0.01,2026-09-10T22:58:21.268125+00:00,2026-09-07T10:16:37.761068+00:00
KXBTCD-26SEP0707-T79799.99,KXBTCD-26SEP0707,8,no,0.98,no,True,0.02,2026-09-10T22:58:21.268184+00:00,2026-09-07T10:16:37.761130+00:00
KXBTCD-26SEP0707-T79699.99,KXBTCD-26SEP0707,9,no,0.96,no,True,0.04,2026-09-10T22:58:21.268249+00:00,2026-09-07T10:16:37.761169+00:00
KXBTCD-26SEP0707-T79599.99,KXBTCD-26SEP0707,6,no,0.92,no,True,0.0799999999999999,2026-09-10T22:58:21.268308+00:00,2026-09-07T10:16:37.761207+00:00
KXBTCD-26SEP0707-T79099.99,KXBTCD-26SEP0707,5,yes,0.93,yes,True,0.0699999999999999,2026-09-10T22:58:21.268368+00:00,2026-09-07T10:16:37.761245+00:00
KXBTCD-26SEP0707-T78999.99,KXBTCD-26SEP0707,7,yes,0.97,yes,True,0.03,2026-09-10T22:58:21.268426+00:00,2026-09-07T10:16:37.761293+00:00
KXBTCD-26SEP0707-T78899.99,KXBTCD-26SEP0707,10,yes,0.99,yes,True,0.01,2026-09-10T22:58:21.268485+00:00,2026-09-07T10:32:08.828823+00:00
KXBTCD-26SEP0708-T79799.99,KXBTCD-26SEP0708,10,no,0.99,no,True,0.01,2026-09-10T22:58:21.268546+00:00,2026-09-07T11:16:38.141603+00:00
KXBTCD-26SEP0708-T79699.99,KXBTCD-26SEP0708,8,no,0.98,no,True,0.02,2026-09-10T22:58:21.268607+00:00,2026-09-07T11:16:38.141663+00:00
KXBTCD-26SEP0708-T79599.99,KXBTCD-26SEP0708,6,no,0.93,no,True,0.0699999999999999,2026-09-10T22:58:21.268666+00:00,2026-09-07T11:16:38.141702+00:00
KXBTCD-26SEP0708-T79099.99,KXBTCD-26SEP0708,5,yes,0.96,yes,True,0.04,2026-09-10T22:58:21.268725+00:00,2026-09-07T11:16:38.141739+00:00
KXBTCD-26SEP0708-T78999.99,KXBTCD-26SEP0708,7,yes,0.98,yes,True,0.02,2026-09-10T22:58:21.268783+00:00,2026-09-07T11:16:38.141776+00:00
KXBTCD-26SEP0708-T78899.99,KXBTCD-26SEP0708,9,yes,0.99,yes,True,0.01,2026-09-10T22:58:21.268841+00:00,2026-09-07T11:16:38.141811+00:00
KXBTCD-26SEP0708-T70099.99,KXBTCD-26SEP0708,10,yes,0.99,yes,True,0.01,2026-09-10T22:58:21.268900+00:00,2026-09-07T11:32:09.071189+00:00
KXBTCD-26SEP0709-T79799.99,KXBTCD-26SEP0709,7,no,0.97,no,True,0.03,2026-09-10T22:58:21.269004+00:00,2026-09-07T12:16:44.593497+00:00
KXBTCD-26SEP0709-T79699.99,KXBTCD-26SEP0709,6,no,0.94,no,True,0.06,2026-09-10T22:58:21.269070+00:00,2026-09-07T12:16:44.593560+00:00
KXBTCD-26SEP0709-T79199.99,KXBTCD-26SEP0709,5,yes,0.93,yes,True,0.0699999999999999,2026-09-10T22:58:21.269130+00:00,2026-09-07T12:16:44.593598+00:00
KXBTCD-26SEP0709-T79099.99,KXBTCD-26SEP0709,8,yes,0.97,yes,True,0.03,2026-09-10T22:58:21.269188+00:00,2026-09-07T12:16:44.593631+00:00
KXBTCD-26SEP0709-T78999.99,KXBTCD-26SEP0709,9,yes,0.98,yes,True,0.02,2026-09-10T22:58:21.269247+00:00,2026-09-07T12:16:44.593663+00:00
KXBTCD-26SEP0709-T70099.99,KXBTCD-26SEP0709,10,yes,0.99,yes,True,0.01,2026-09-10T22:58:21.269306+00:00,2026-09-07T12:16:44.593693+00:00
KXBTCD-26SEP0709-T79899.99,KXBTCD-26SEP0709,10,no,0.99,no,True,0.01,2026-09-10T22:58:21.269364+00:00,2026-09-07T12:31:55.722892+00:00
KXBTCD-26SEP0710-T79799.99,KXBTCD-26SEP0710,5,no,0.94,no,True,0.06,2026-09-10T22:58:21.269423+00:00,2026-09-07T13:01:55.396501+00:00
KXBTCD-26SEP0710-T79699.99,KXBTCD-26SEP0710,7,no,0.79,no,True,0.2099999999999999,2026-09-10T22:58:21.269481+00:00,2026-09-07T13:01:55.396571+00:00
KXBTCD-26SEP0710-T79399.99,KXBTCD-26SEP0710,6,yes,0.92,no,False,-0.92,2026-09-10T22:58:21.269539+00:00,2026-09-07T13:01:55.396615+00:00
KXBTCD-26SEP0710-T79299.99,KXBTCD-26SEP0710,8,yes,0.97,yes,True,0.03,2026-09-10T22:58:21.269598+00:00,2026-09-07T13:01:55.396653+00:00
KXBTCD-26SEP0710-T79999.99,KXBTCD-26SEP0710,8,no,0.96,no,True,0.04,2026-09-10T22:58:21.269656+00:00,2026-09-07T13:17:46.493530+00:00
KXBTCD-26SEP0710-T79899.99,KXBTCD-26SEP0710,7,no,0.93,no,True,0.0699999999999999,2026-09-10T22:58:21.269718+00:00,2026-09-07T13:17:46.493582+00:00
KXBTCD-26SEP0710-T79199.99,KXBTCD-26SEP0710,9,yes,0.96,yes,True,0.04,2026-09-10T22:58:21.269779+00:00,2026-09-07T13:17:46.493648+00:00
KXBTCD-26SEP0710-T79099.99,KXBTCD-26SEP0710,10,yes,0.98,yes,True,0.02,2026-09-10T22:58:21.269842+00:00,2026-09-07T13:17:46.493675+00:00
KXBTCD-26SEP0710-T80099.99,KXBTCD-26SEP0710,10,no,0.99,no,True,0.01,2026-09-10T22:58:21.269900+00:00,2026-09-07T13:32:26.003987+00:00
KXBTCD-26SEP0711-T79699.99,KXBTCD-26SEP0711,9,no,0.97,no,True,0.03,2026-09-10T22:58:21.269985+00:00,2026-09-07T14:16:28.527259+00:00
KXBTCD-26SEP0711-T79599.99,KXBTCD-26SEP0711,8,no,0.95,no,True,0.05,2026-09-10T22:58:21.270046+00:00,2026-09-07T14:16:28.527323+00:00
KXBTCD-26SEP0711-T79499.99,KXBTCD-26SEP0711,6,no,0.91,no,True,0.0899999999999999,2026-09-10T22:58:21.270105+00:00,2026-09-07T14:16:28.527362+00:00
KXBTCD-26SEP0711-T78999.99,KXBTCD-26SEP0711,5,yes,0.74,yes,True,0.26,2026-09-10T22:58:21.270164+00:00,2026-09-07T14:16:28.527398+00:00
KXBTCD-26SEP0711-T78899.99,KXBTCD-26SEP0711,7,yes,0.85,yes,True,0.15,2026-09-10T22:58:21.270229+00:00,2026-09-07T14:16:28.527431+00:00
KXBTCD-26SEP0711-T78799.99,KXBTCD-26SEP0711,10,yes,0.92,yes,True,0.0799999999999999,2026-09-10T22:58:21.270288+00:00,2026-09-07T14:16:28.527463+00:00
KXBTCD-26SEP0711-T79399.99,KXBTCD-26SEP0711,5,no,0.93,no,True,0.0699999999999999,2026-09-10T22:58:21.270347+00:00,2026-09-07T14:31:46.229556+00:00
KXBTCD-26SEP0711-T78699.99,KXBTCD-26SEP0711,9,yes,0.96,yes,True,0.04,2026-09-10T22:58:21.270404+00:00,2026-09-07T14:31:46.229634+00:00
KXBTCD-26SEP0712-T79599.99,KXBTCD-26SEP0712,10,no,0.98,no,True,0.02,2026-09-10T22:58:21.270462+00:00,2026-09-07T15:16:30.817286+00:00
KXBTCD-26SEP0712-T79499.99,KXBTCD-26SEP0712,8,no,0.97,no,True,0.03,2026-09-10T22:58:21.270520+00:00,2026-09-07T15:16:30.817352+00:00
KXBTCD-26SEP0712-T79399.99,KXBTCD-26SEP0712,7,no,0.95,no,True,0.05,2026-09-10T22:58:21.270578+00:00,2026-09-07T15:16:30.817391+00:00
KXBTCD-26SEP0712-T79299.99,KXBTCD-26SEP0712,5,no,0.91,no,True,0.0899999999999999,2026-09-10T22:58:21.270636+00:00,2026-09-07T15:16:30.817427+00:00
KXBTCD-26SEP0712-T78799.99,KXBTCD-26SEP0712,6,yes,0.87,yes,True,0.13,2026-09-10T22:58:21.270693+00:00,2026-09-07T15:16:30.817461+00:00
KXBTCD-26SEP0712-T78699.99,KXBTCD-26SEP0712,9,yes,0.96,yes,True,0.04,2026-09-10T22:58:21.270751+00:00,2026-09-07T15:16:30.817494+00:00
KXBTCD-26SEP0712-T78599.99,KXBTCD-26SEP0712,10,yes,0.98,yes,True,0.02,2026-09-10T22:58:21.270815+00:00,2026-09-07T15:31:49.612792+00:00
KXBTCD-26SEP0712-T79199.99,KXBTCD-26SEP0712,6,no,0.99,no,True,0.01,2026-09-10T22:58:21.270875+00:00,2026-09-07T15:47:17.924131+00:00
KXBTCD-26SEP0712-T78499.99,KXBTCD-26SEP0712,9,yes,0.97,yes,True,0.03,2026-09-10T22:58:21.270957+00:00,2026-09-07T15:47:17.924306+00:00
KXBTCD-26SEP0713-T79399.99,KXBTCD-26SEP0713,7,no,0.98,no,True,0.02,2026-09-10T22:58:21.271024+00:00,2026-09-07T16:17:32.022298+00:00
KXBTCD-26SEP0713-T79299.99,KXBTCD-26SEP0713,10,no,0.97,no,True,0.03,2026-09-10T22:58:21.271083+00:00,2026-09-07T16:17:32.022353+00:00
KXBTCD-26SEP0713-T79199.99,KXBTCD-26SEP0713,8,no,0.94,no,True,0.06,2026-09-10T22:58:21.271142+00:00,2026-09-07T16:17:32.022376+00:00
KXBTCD-26SEP0713-T79099.99,KXBTCD-26SEP0713,6,no,0.86,no,True,0.14,2026-09-10T22:58:21.271201+00:00,2026-09-07T16:17:32.022397+00:00
KXBTCD-26SEP0713-T78599.99,KXBTCD-26SEP0713,5,yes,0.92,yes,True,0.0799999999999999,2026-09-10T22:58:21.271260+00:00,2026-09-07T16:17:32.022416+00:00
KXBTCD-26SEP0713-T78499.99,KXBTCD-26SEP0713,9,yes,0.96,yes,True,0.04,2026-09-10T22:58:21.271318+00:00,2026-09-07T16:17:32.022435+00:00
KXBTCD-26SEP0713-T78699.99,KXBTCD-26SEP0713,5,yes,0.98,yes,True,0.02,2026-09-10T22:58:21.271422+00:00,2026-09-07T16:47:18.363085+00:00
KXBTCD-26SEP0714-T79499.99,KXBTCD-26SEP0714,8,no,0.97,no,True,0.03,2026-09-10T22:58:21.271529+00:00,2026-09-07T17:16:21.901585+00:00
KXBTCD-26SEP0714-T79399.99,KXBTCD-26SEP0714,7,no,0.94,no,True,0.06,2026-09-10T22:58:21.271588+00:00,2026-09-07T17:16:21.901647+00:00
KXBTCD-26SEP0714-T79299.99,KXBTCD-26SEP0714,5,no,0.83,no,True,0.17,2026-09-10T22:58:21.271646+00:00,2026-09-07T17:16:21.901687+00:00
KXBTCD-26SEP0714-T78799.99,KXBTCD-26SEP0714,6,yes,0.97,yes,True,0.03,2026-09-10T22:58:21.271705+00:00,2026-09-07T17:16:21.901724+00:00
KXBTCD-26SEP0714-T78699.99,KXBTCD-26SEP0714,9,yes,0.98,yes,True,0.02,2026-09-10T22:58:21.271762+00:00,2026-09-07T17:16:21.901757+00:00
KXBTCD-26SEP0714-T78599.99,KXBTCD-26SEP0714,10,yes,0.99,yes,True,0.01,2026-09-10T22:58:21.271820+00:00,2026-09-07T17:16:21.901789+00:00
KXBTCD-26SEP0714-T78899.99,KXBTCD-26SEP0714,5,yes,0.99,yes,True,0.01,2026-09-10T22:58:21.271956+00:00,2026-09-07T17:46:20.118962+00:00
KXBTCD-26SEP0715-T79599.99,KXBTCD-26SEP0715,9,no,0.99,no,True,0.01,2026-09-10T22:58:21.272019+00:00,2026-09-07T18:16:47.093524+00:00
KXBTCD-26SEP0715-T79499.99,KXBTCD-26SEP0715,8,no,0.98,no,True,0.02,2026-09-10T22:58:21.272081+00:00,2026-09-07T18:16:47.093595+00:00
KXBTCD-26SEP0715-T79399.99,KXBTCD-26SEP0715,5,no,0.94,no,True,0.06,2026-09-10T22:58:21.272141+00:00,2026-09-07T18:16:47.093648+00:00
KXBTCD-26SEP0715-T78899.99,KXBTCD-26SEP0715,6,yes,0.96,yes,True,0.04,2026-09-10T22:58:21.272204+00:00,2026-09-07T18:16:47.093697+00:00
KXBTCD-26SEP0715-T78799.99,KXBTCD-26SEP0715,7,yes,0.99,yes,True,0.01,2026-09-10T22:58:21.272263+00:00,2026-09-07T18:16:47.093745+00:00
KXBTCD-26SEP0715-T78699.99,KXBTCD-26SEP0715,10,yes,0.99,yes,True,0.01,2026-09-10T22:58:21.272321+00:00,2026-09-07T18:16:47.093793+00:00
KXBTCD-26SEP0716-T79599.99,KXBTCD-26SEP0716,9,no,0.99,no,True,0.01,2026-09-10T22:58:21.272378+00:00,2026-09-07T19:16:23.893228+00:00
KXBTCD-26SEP0716-T79499.99,KXBTCD-26SEP0716,8,no,0.98,no,True,0.02,2026-09-10T22:58:21.272435+00:00,2026-09-07T19:16:23.893290+00:00
KXBTCD-26SEP0716-T79399.99,KXBTCD-26SEP0716,5,no,0.96,no,True,0.04,2026-09-10T22:58:21.272493+00:00,2026-09-07T19:16:23.893329+00:00
KXBTCD-26SEP0716-T78899.99,KXBTCD-26SEP0716,6,yes,0.97,yes,True,0.03,2026-09-10T22:58:21.272551+00:00,2026-09-07T19:16:23.893364+00:00
KXBTCD-26SEP0716-T78799.99,KXBTCD-26SEP0716,10,yes,0.98,yes,True,0.02,2026-09-10T22:58:21.272614+00:00,2026-09-07T19:16:23.893396+00:00
KXBTCD-26SEP0716-T70099.99,KXBTCD-26SEP0716,7,yes,0.99,yes,True,0.01,2026-09-10T22:58:21.272673+00:00,2026-09-07T19:16:23.893445+00:00
KXBTCD-26SEP0716-T78999.99,KXBTCD-26SEP0716,6,yes,0.99,yes,True,0.01,2026-09-10T22:58:21.272730+00:00,2026-09-07T19:46:56.390154+00:00
KXBTCD-26SEP0717-T79749.99,KXBTCD-26SEP0717,5,no,0.95,no,True,0.05,2026-09-10T22:58:21.272787+00:00,2026-09-07T19:46:56.390442+00:00
KXBTCD-26SEP0716-T79099.99,KXBTCD-26SEP0716,5,yes,0.99,yes,True,0.01,2026-09-10T22:58:21.272844+00:00,2026-09-07T20:01:28.166903+00:00
KXBTCD-26SEP0817-T88249.99,KXBTCD-26SEP0817,6,no,0.98,no,True,0.02,2026-09-10T22:58:21.272901+00:00,2026-09-07T20:16:46.945080+00:00
KXBTCD-26SEP0817-T79999.99,KXBTCD-26SEP0817,7,no,0.74,no,True,0.26,2026-09-10T22:58:21.272983+00:00,2026-09-07T20:16:46.945151+00:00
KXBTCD-26SEP0817-T78499.99,KXBTCD-26SEP0817,5,yes,0.72,no,False,-0.72,2026-09-10T22:58:21.273045+00:00,2026-09-07T20:31:59.560643+00:00
KXBTCD-26SEP0817-T79749.99,KXBTCD-26SEP0817,7,no,0.67,no,True,0.3299999999999999,2026-09-10T22:58:21.273103+00:00,2026-09-07T20:46:22.629710+00:00
KXBTCD-26SEP0817-T80499.99,KXBTCD-26SEP0817,5,no,0.86,no,True,0.14,2026-09-10T22:58:21.273161+00:00,2026-09-07T21:01:58.539680+00:00
KXBTCD-26SEP0817-T81499.99,KXBTCD-26SEP0817,7,no,0.96,no,True,0.04,2026-09-10T22:58:21.273219+00:00,2026-09-07T21:16:13.465310+00:00
KXBTCD-26SEP0817-T80999.99,KXBTCD-26SEP0817,8,no,0.93,no,True,0.0699999999999999,2026-09-10T22:58:21.273281+00:00,2026-09-07T21:16:13.465382+00:00
KXBTCD-26SEP0817-T80249.99,KXBTCD-26SEP0817,9,no,0.81,no,True,0.1899999999999999,2026-09-10T22:58:21.273341+00:00,2026-09-07T21:16:13.465435+00:00
KXBTCD-26SEP0817-T76749.99,KXBTCD-26SEP0817,10,yes,0.96,yes,True,0.04,2026-09-10T22:58:21.273400+00:00,2026-09-07T21:16:13.465558+00:00
KXBTCD-26SEP0718-T79699.99,KXBTCD-26SEP0718,10,no,0.99,no,True,0.01,2026-09-10T22:58:21.273458+00:00,2026-09-07T21:16:13.465607+00:00
KXBTCD-26SEP0718-T79599.99,KXBTCD-26SEP0718,7,no,0.98,no,True,0.02,2026-09-10T22:58:21.273516+00:00,2026-09-07T21:16:13.465658+00:00
KXBTCD-26SEP0718-T79499.99,KXBTCD-26SEP0718,5,no,0.96,no,True,0.04,2026-09-10T22:58:21.273574+00:00,2026-09-07T21:16:13.465741+00:00
KXBTCD-26SEP0718-T78999.99,KXBTCD-26SEP0718,6,yes,0.95,yes,True,0.05,2026-09-10T22:58:21.273632+00:00,2026-09-07T21:16:13.465791+00:00
KXBTCD-26SEP0718-T78899.99,KXBTCD-26SEP0718,8,yes,0.98,yes,True,0.02,2026-09-10T22:58:21.273689+00:00,2026-09-07T21:16:13.465839+00:00
KXBTCD-26SEP0718-T78799.99,KXBTCD-26SEP0718,9,yes,0.99,yes,True,0.01,2026-09-10T22:58:21.273747+00:00,2026-09-07T21:16:13.465886+00:00
KXBTCD-26SEP0817-T79499.99,KXBTCD-26SEP0817,6,no,0.6,no,True,0.4,2026-09-10T22:58:21.273805+00:00,2026-09-07T21:32:03.892929+00:00
KXBTCD-26SEP0817-T78749.99,KXBTCD-26SEP0817,9,yes,0.65,no,False,-0.65,2026-09-10T22:58:21.273863+00:00,2026-09-07T21:37:44.506440+00:00
KXBTCD-26SEP0817-T77999.99,KXBTCD-26SEP0817,7,yes,0.84,yes,True,0.16,2026-09-10T22:58:21.273937+00:00,2026-09-07T22:16:35.067640+00:00
KXBTCD-26SEP0719-T79599.99,KXBTCD-26SEP0719,9,no,0.99,no,True,0.01,2026-09-10T22:58:21.274003+00:00,2026-09-07T22:16:35.067692+00:00
KXBTCD-26SEP0719-T79499.99,KXBTCD-26SEP0719,8,no,0.99,no,True,0.01,2026-09-10T22:58:21.274061+00:00,2026-09-07T22:16:35.067729+00:00
KXBTCD-26SEP0719-T79399.99,KXBTCD-26SEP0719,6,no,0.96,no,True,0.04,2026-09-10T22:58:21.274126+00:00,2026-09-07T22:16:35.067761+00:00
KXBTCD-26SEP0719-T78899.99,KXBTCD-26SEP0719,5,yes,0.93,yes,True,0.0699999999999999,2026-09-10T22:58:21.274185+00:00,2026-09-07T22:16:35.067793+00:00
KXBTCD-26SEP0719-T78799.99,KXBTCD-26SEP0719,7,yes,0.97,yes,True,0.03,2026-09-10T22:58:21.274243+00:00,2026-09-07T22:16:35.067824+00:00
KXBTCD-26SEP0719-T78699.99,KXBTCD-26SEP0719,10,yes,0.99,yes,True,0.01,2026-09-10T22:58:21.274301+00:00,2026-09-07T22:16:35.067854+00:00
KXBTCD-26SEP0817-T80749.99,KXBTCD-26SEP0817,6,no,0.91,no,True,0.0899999999999999,2026-09-10T22:58:21.274358+00:00,2026-09-07T22:32:05.982841+00:00
KXBTCD-26SEP0719-T79299.99,KXBTCD-26SEP0719,5,no,0.99,no,True,0.01,2026-09-10T22:58:21.274421+00:00,2026-09-07T22:46:35.004951+00:00
KXBTCD-26SEP0719-T78599.99,KXBTCD-26SEP0719,9,yes,0.96,yes,True,0.04,2026-09-10T22:58:21.274482+00:00,2026-09-07T22:46:35.005040+00:00
KXBTCD-26SEP0817-T77249.99,KXBTCD-26SEP0817,6,yes,0.9,yes,True,0.0999999999999999,2026-09-10T22:58:21.274587+00:00,2026-09-07T23:01:38.408850+00:00
KXBTCD-26SEP0720-T79499.99,KXBTCD-26SEP0720,9,no,0.97,no,True,0.03,2026-09-10T22:58:21.274645+00:00,2026-09-07T23:16:22.057160+00:00
KXBTCD-26SEP0720-T79399.99,KXBTCD-26SEP0720,8,no,0.94,no,True,0.06,2026-09-10T22:58:21.274703+00:00,2026-09-07T23:16:22.057228+00:00
KXBTCD-26SEP0720-T79299.99,KXBTCD-26SEP0720,5,no,0.84,no,True,0.16,2026-09-10T22:58:21.274761+00:00,2026-09-07T23:16:22.057280+00:00
KXBTCD-26SEP0720-T78799.99,KXBTCD-26SEP0720,6,yes,0.94,yes,True,0.06,2026-09-10T22:58:21.274818+00:00,2026-09-07T23:16:22.057330+00:00
KXBTCD-26SEP0720-T78699.99,KXBTCD-26SEP0720,7,yes,0.97,yes,True,0.03,2026-09-10T22:58:21.274876+00:00,2026-09-07T23:16:22.057377+00:00
KXBTCD-26SEP0720-T78599.99,KXBTCD-26SEP0720,10,yes,0.98,yes,True,0.02,2026-09-10T22:58:21.274953+00:00,2026-09-07T23:16:22.057426+00:00
KXBTCD-26SEP0721-T79499.99,KXBTCD-26SEP0721,9,no,0.98,no,True,0.02,2026-09-10T22:58:21.275018+00:00,2026-09-08T00:16:27.698594+00:00
KXBTCD-26SEP0721-T79399.99,KXBTCD-26SEP0721,7,no,0.96,no,True,0.04,2026-09-10T22:58:21.275077+00:00,2026-09-08T00:16:27.698663+00:00
KXBTCD-26SEP0721-T79299.99,KXBTCD-26SEP0721,6,no,0.91,no,True,0.0899999999999999,2026-09-10T22:58:21.275135+00:00,2026-09-08T00:16:27.698714+00:00
KXBTCD-26SEP0721-T78799.99,KXBTCD-26SEP0721,5,yes,0.87,yes,True,0.13,2026-09-10T22:58:21.275198+00:00,2026-09-08T00:16:27.698762+00:00
KXBTCD-26SEP0721-T78699.99,KXBTCD-26SEP0721,8,yes,0.94,yes,True,0.06,2026-09-10T22:58:21.275256+00:00,2026-09-08T00:16:27.698810+00:00
KXBTCD-26SEP0721-T78599.99,KXBTCD-26SEP0721,10,yes,0.97,yes,True,0.03,2026-09-10T22:58:21.275314+00:00,2026-09-08T00:16:27.698856+00:00
KXBTCD-26SEP0721-T78899.99,KXBTCD-26SEP0721,5,yes,0.99,yes,True,0.01,2026-09-10T22:58:21.275371+00:00,2026-09-08T01:01:30.512302+00:00
KXBTCD-26SEP0722-T79699.99,KXBTCD-26SEP0722,8,no,0.96,no,True,0.04,2026-09-10T22:58:21.275429+00:00,2026-09-08T01:16:18.482882+00:00
KXBTCD-26SEP0722-T79599.99,KXBTCD-26SEP0722,6,no,0.92,no,True,0.0799999999999999,2026-09-10T22:58:21.275486+00:00,2026-09-08T01:16:18.482938+00:00
KXBTCD-26SEP0722-T79099.99,KXBTCD-26SEP0722,5,yes,0.86,yes,True,0.14,2026-09-10T22:58:21.275545+00:00,2026-09-08T01:16:18.482971+00:00
KXBTCD-26SEP0722-T78999.99,KXBTCD-26SEP0722,7,yes,0.94,yes,True,0.06,2026-09-10T22:58:21.275605+00:00,2026-09-08T01:16:18.483003+00:00
KXBTCD-26SEP0722-T78899.99,KXBTCD-26SEP0722,10,yes,0.97,yes,True,0.03,2026-09-10T22:58:21.275672+00:00,2026-09-08T01:16:18.483034+00:00
KXBTCD-26SEP0722-T78799.99,KXBTCD-26SEP0722,9,yes,0.98,yes,True,0.02,2026-09-10T22:58:21.275730+00:00,2026-09-08T01:16:18.483064+00:00
KXBTCD-26SEP0817-T78999.99,KXBTCD-26SEP0817,5,yes,0.62,no,False,-0.62,2026-09-10T22:58:21.275788+00:00,2026-09-08T01:28:06.330193+00:00
KXBTCD-26SEP0722-T79799.99,KXBTCD-26SEP0722,9,no,0.98,no,True,0.02,2026-09-10T22:58:21.275846+00:00,2026-09-08T01:28:06.330288+00:00
KXBTCD-26SEP0723-T79799.99,KXBTCD-26SEP0723,8,no,0.98,no,True,0.02,2026-09-10T22:58:21.275903+00:00,2026-09-08T02:16:52.668973+00:00
KXBTCD-26SEP0723-T79699.99,KXBTCD-26SEP0723,9,no,0.97,no,True,0.03,2026-09-10T22:58:21.275985+00:00,2026-09-08T02:16:52.669018+00:00
KXBTCD-26SEP0723-T79599.99,KXBTCD-26SEP0723,5,no,0.94,no,True,0.06,2026-09-10T22:58:21.276050+00:00,2026-09-08T02:16:52.669044+00:00
KXBTCD-26SEP0723-T79099.99,KXBTCD-26SEP0723,6,yes,0.9,no,False,-0.9,2026-09-10T22:58:21.276109+00:00,2026-09-08T02:16:52.669068+00:00
KXBTCD-26SEP0723-T78999.99,KXBTCD-26SEP0723,7,yes,0.96,no,False,-0.96,2026-09-10T22:58:21.276167+00:00,2026-09-08T02:16:52.669091+00:00
KXBTCD-26SEP0723-T78899.99,KXBTCD-26SEP0723,10,yes,0.98,yes,True,0.02,2026-09-10T22:58:21.276224+00:00,2026-09-08T02:16:52.669113+00:00
KXBTCD-26SEP0723-T79499.99,KXBTCD-26SEP0723,5,no,0.99,no,True,0.01,2026-09-10T22:58:21.276282+00:00,2026-09-08T02:46:16.682710+00:00
KXBTCD-26SEP0800-T79399.99,KXBTCD-26SEP0800,10,no,0.98,no,True,0.02,2026-09-10T22:58:21.276339+00:00,2026-09-08T03:16:53.575294+00:00
KXBTCD-26SEP0800-T79299.99,KXBTCD-26SEP0800,7,no,0.96,no,True,0.04,2026-09-10T22:58:21.276398+00:00,2026-09-08T03:16:53.575342+00:00
KXBTCD-26SEP0800-T79199.99,KXBTCD-26SEP0800,5,no,0.92,no,True,0.0799999999999999,2026-09-10T22:58:21.276456+00:00,2026-09-08T03:16:53.575366+00:00
KXBTCD-26SEP0800-T78699.99,KXBTCD-26SEP0800,6,yes,0.87,yes,True,0.13,2026-09-10T22:58:21.276514+00:00,2026-09-08T03:16:53.575389+00:00
KXBTCD-26SEP0800-T78599.99,KXBTCD-26SEP0800,8,yes,0.94,yes,True,0.06,2026-09-10T22:58:21.276572+00:00,2026-09-08T03:16:53.575417+00:00
KXBTCD-26SEP0800-T78499.99,KXBTCD-26SEP0800,9,yes,0.97,yes,True,0.03,2026-09-10T22:58:21.276629+00:00,2026-09-08T03:16:53.575438+00:00
KXBTCD-26SEP0800-T79099.99,KXBTCD-26SEP0800,5,no,0.91,no,True,0.0899999999999999,2026-09-10T22:58:21.276687+00:00,2026-09-08T03:32:48.425935+00:00
KXBTCD-26SEP0800-T78399.99,KXBTCD-26SEP0800,10,yes,0.97,yes,True,0.03,2026-09-10T22:58:21.276748+00:00,2026-09-08T03:32:48.426019+00:00
KXBTCD-26SEP0801-T78399.99,KXBTCD-26SEP0801,5,yes,0.97,yes,True,0.03,2026-09-10T22:58:21.276808+00:00,2026-09-08T04:02:28.508614+00:00
KXBTCD-26SEP0801-T78299.99,KXBTCD-26SEP0801,6,yes,0.98,yes,True,0.02,2026-09-10T22:58:21.276866+00:00,2026-09-08T04:02:28.508687+00:00
KXBTCD-26SEP0801-T79299.99,KXBTCD-26SEP0801,10,no,0.98,no,True,0.02,2026-09-10T22:58:21.276945+00:00,2026-09-08T04:17:04.770067+00:00
KXBTCD-26SEP0801-T79199.99,KXBTCD-26SEP0801,8,no,0.96,no,True,0.04,2026-09-10T22:58:21.277011+00:00,2026-09-08T04:17:04.770115+00:00
KXBTCD-26SEP0801-T79099.99,KXBTCD-26SEP0801,7,no,0.93,no,True,0.0699999999999999,2026-09-10T22:58:21.277070+00:00,2026-09-08T04:17:04.770145+00:00
KXBTCD-26SEP0801-T78599.99,KXBTCD-26SEP0801,5,yes,0.83,yes,True,0.17,2026-09-10T22:58:21.277129+00:00,2026-09-08T04:17:04.770171+00:00
KXBTCD-26SEP0801-T78499.99,KXBTCD-26SEP0801,6,yes,0.92,yes,True,0.0799999999999999,2026-09-10T22:58:21.277187+00:00,2026-09-08T04:17:04.770195+00:00
KXBTCD-26SEP0801-T78999.99,KXBTCD-26SEP0801,5,no,0.99,no,True,0.01,2026-09-10T22:58:21.277244+00:00,2026-09-08T05:01:41.433797+00:00
KXBTCD-26SEP0802-T79099.99,KXBTCD-26SEP0802,10,no,0.97,no,True,0.03,2026-09-10T22:58:21.277301+00:00,2026-09-08T05:17:38.512849+00:00
KXBTCD-26SEP0802-T78999.99,KXBTCD-26SEP0802,8,no,0.93,no,True,0.0699999999999999,2026-09-10T22:58:21.277358+00:00,2026-09-08T05:17:38.512910+00:00
KXBTCD-26SEP0802-T78899.99,KXBTCD-26SEP0802,6,no,0.87,no,True,0.13,2026-09-10T22:58:21.277416+00:00,2026-09-08T05:17:38.512943+00:00
KXBTCD-26SEP0802-T78399.99,KXBTCD-26SEP0802,5,yes,0.87,yes,True,0.13,2026-09-10T22:58:21.277475+00:00,2026-09-08T05:17:38.512973+00:00
KXBTCD-26SEP0802-T78299.99,KXBTCD-26SEP0802,7,yes,0.93,yes,True,0.0699999999999999,2026-09-10T22:58:21.277532+00:00,2026-09-08T05:17:38.513001+00:00
KXBTCD-26SEP0802-T78199.99,KXBTCD-26SEP0802,9,yes,0.96,yes,True,0.04,2026-09-10T22:58:21.277590+00:00,2026-09-08T05:17:38.513029+00:00
KXBTCD-26SEP0803-T78899.99,KXBTCD-26SEP0803,8,no,0.95,no,True,0.05,2026-09-10T22:58:21.277648+00:00,2026-09-08T06:14:35.233883+00:00
KXBTCD-26SEP0803-T78799.99,KXBTCD-26SEP0803,6,no,0.9,no,True,0.0999999999999999,2026-09-10T22:58:21.277712+00:00,2026-09-08T06:14:35.233949+00:00
KXBTCD-26SEP0803-T78699.99,KXBTCD-26SEP0803,5,no,0.81,no,True,0.1899999999999999,2026-09-10T22:58:21.277770+00:00,2026-09-08T06:14:35.233989+00:00
KXBTCD-26SEP0803-T78199.99,KXBTCD-26SEP0803,7,yes,0.88,yes,True,0.12,2026-09-10T22:58:21.277828+00:00,2026-09-08T06:14:35.234026+00:00
KXBTCD-26SEP0803-T78099.99,KXBTCD-26SEP0803,9,yes,0.93,yes,True,0.0699999999999999,2026-09-10T22:58:21.277886+00:00,2026-09-08T06:14:35.234061+00:00
KXBTCD-26SEP0803-T77999.99,KXBTCD-26SEP0803,10,yes,0.96,yes,True,0.04,2026-09-10T22:58:21.277977+00:00,2026-09-08T06:14:35.234093+00:00
KXBTCD-26SEP0804-T78599.99,KXBTCD-26SEP0804,9,no,0.89,no,True,0.1099999999999999,2026-09-10T22:58:21.278044+00:00,2026-09-08T07:03:02.551979+00:00
KXBTCD-26SEP0804-T78399.99,KXBTCD-26SEP0804,7,no,0.66,yes,False,-0.66,2026-09-10T22:58:21.278102+00:00,2026-09-08T07:03:02.552051+00:00
KXBTCD-26SEP0804-T78099.99,KXBTCD-26SEP0804,6,yes,0.81,yes,True,0.1899999999999999,2026-09-10T22:58:21.278160+00:00,2026-09-08T07:03:02.552105+00:00
KXBTCD-26SEP0804-T77799.99,KXBTCD-26SEP0804,5,yes,0.95,yes,True,0.05,2026-09-10T22:58:21.278217+00:00,2026-09-08T07:03:02.552155+00:00
KXBTCD-26SEP0804-T77699.99,KXBTCD-26SEP0804,10,yes,0.97,yes,True,0.03,2026-09-10T22:58:21.278274+00:00,2026-09-08T07:03:02.552205+00:00
KXBTCD-26SEP0804-T77499.99,KXBTCD-26SEP0804,8,yes,0.98,yes,True,0.02,2026-09-10T22:58:21.278332+00:00,2026-09-08T07:03:02.552254+00:00
KXBTCD-26SEP0804-T78899.99,KXBTCD-26SEP0804,10,no,0.98,no,True,0.02,2026-09-10T22:58:21.278389+00:00,2026-09-08T07:32:27.897684+00:00
KXBTCD-26SEP0804-T78699.99,KXBTCD-26SEP0804,7,no,0.93,no,True,0.0699999999999999,2026-09-10T22:58:21.278447+00:00,2026-09-08T07:32:27.897758+00:00
KXBTCD-26SEP0804-T77999.99,KXBTCD-26SEP0804,8,yes,0.98,yes,True,0.02,2026-09-10T22:58:21.278505+00:00,2026-09-08T07:32:27.897877+00:00
KXBTCD-26SEP0804-T77899.99,KXBTCD-26SEP0804,9,yes,0.98,yes,True,0.02,2026-09-10T22:58:21.278562+00:00,2026-09-08T07:32:27.897926+00:00
KXBTCD-26SEP0805-T78899.99,KXBTCD-26SEP0805,10,no,0.98,no,True,0.02,2026-09-10T22:58:21.278624+00:00,2026-09-08T08:17:37.926150+00:00
KXBTCD-26SEP0805-T78799.99,KXBTCD-26SEP0805,9,no,0.96,no,True,0.04,2026-09-10T22:58:21.278683+00:00,2026-09-08T08:17:37.926231+00:00
KXBTCD-26SEP0805-T78699.99,KXBTCD-26SEP0805,6,no,0.94,no,True,0.06,2026-09-10T22:58:21.278740+00:00,2026-09-08T08:17:37.926285+00:00
KXBTCD-26SEP0805-T78599.99,KXBTCD-26SEP0805,7,no,0.87,no,True,0.13,2026-09-10T22:58:21.278798+00:00,2026-09-08T08:17:37.926334+00:00
KXBTCD-26SEP0805-T78099.99,KXBTCD-26SEP0805,8,yes,0.89,yes,True,0.1099999999999999,2026-09-10T22:58:21.278855+00:00,2026-09-08T08:17:37.926382+00:00
KXBTCD-26SEP0805-T77999.99,KXBTCD-26SEP0805,5,yes,0.94,yes,True,0.06,2026-09-10T22:58:21.278930+00:00,2026-09-08T08:17:37.926429+00:00
KXBTCD-26SEP0805-T77899.99,KXBTCD-26SEP0805,10,yes,0.98,yes,True,0.02,2026-09-10T22:58:21.278997+00:00,2026-09-08T08:31:54.857212+00:00
KXBTCD-26SEP0805-T78199.99,KXBTCD-26SEP0805,5,yes,0.99,yes,True,0.01,2026-09-10T22:58:21.279056+00:00,2026-09-08T09:01:57.466035+00:00
KXBTCD-26SEP0806-T78899.99,KXBTCD-26SEP0806,9,no,0.98,no,True,0.02,2026-09-10T22:58:21.279118+00:00,2026-09-08T09:17:02.456635+00:00
KXBTCD-26SEP0806-T78799.99,KXBTCD-26SEP0806,10,no,0.94,no,True,0.06,2026-09-10T22:58:21.279180+00:00,2026-09-08T09:17:02.456705+00:00
KXBTCD-26SEP0806-T78699.99,KXBTCD-26SEP0806,6,no,0.87,yes,False,-0.87,2026-09-10T22:58:21.279239+00:00,2026-09-08T09:17:02.456755+00:00
KXBTCD-26SEP0806-T78599.99,KXBTCD-26SEP0806,5,no,0.73,yes,False,-0.73,2026-09-10T22:58:21.279296+00:00,2026-09-08T09:17:02.456803+00:00
KXBTCD-26SEP0806-T78099.99,KXBTCD-26SEP0806,7,yes,0.94,yes,True,0.06,2026-09-10T22:58:21.279353+00:00,2026-09-08T09:17:02.456849+00:00
KXBTCD-26SEP0806-T77999.99,KXBTCD-26SEP0806,8,yes,0.97,yes,True,0.03,2026-09-10T22:58:21.279411+00:00,2026-09-08T09:17:02.456895+00:00
KXBTCD-26SEP0806-T78199.99,KXBTCD-26SEP0806,6,yes,0.99,yes,True,0.01,2026-09-10T22:58:21.279469+00:00,2026-09-08T09:46:18.790121+00:00
KXBTCD-26SEP0817-T78249.99,KXBTCD-26SEP0817,9,yes,0.66,yes,True,0.3399999999999999,2026-09-10T22:58:21.279527+00:00,2026-09-08T09:46:18.790370+00:00
KXBTCD-26SEP0807-T79199.99,KXBTCD-26SEP0807,9,no,0.98,no,True,0.02,2026-09-10T22:58:21.279585+00:00,2026-09-08T10:17:31.106171+00:00
KXBTCD-26SEP0807-T78999.99,KXBTCD-26SEP0807,6,no,0.94,no,True,0.06,2026-09-10T22:58:21.279644+00:00,2026-09-08T10:17:31.106242+00:00
KXBTCD-26SEP0807-T78899.99,KXBTCD-26SEP0807,5,no,0.85,no,True,0.15,2026-09-10T22:58:21.279701+00:00,2026-09-08T10:17:31.106294+00:00
KXBTCD-26SEP0807-T78399.99,KXBTCD-26SEP0807,7,yes,0.95,yes,True,0.05,2026-09-10T22:58:21.279759+00:00,2026-09-08T10:17:31.106353+00:00
KXBTCD-26SEP0807-T78299.99,KXBTCD-26SEP0807,8,yes,0.97,yes,True,0.03,2026-09-10T22:58:21.279817+00:00,2026-09-08T10:17:31.106401+00:00
KXBTCD-26SEP0807-T78099.99,KXBTCD-26SEP0807,10,yes,0.99,yes,True,0.01,2026-09-10T22:58:21.279880+00:00,2026-09-08T10:17:31.106447+00:00
KXBTCD-26SEP0807-T79099.99,KXBTCD-26SEP0807,7,no,0.95,no,True,0.05,2026-09-10T22:58:21.279960+00:00,2026-09-08T10:32:27.186346+00:00
KXBTCD-26SEP0807-T78599.99,KXBTCD-26SEP0807,5,yes,0.92,no,False,-0.92,2026-09-10T22:58:21.280023+00:00,2026-09-08T10:32:27.186414+00:00
KXBTCD-26SEP0807-T78499.99,KXBTCD-26SEP0807,6,yes,0.97,yes,True,0.03,2026-09-10T22:58:21.280082+00:00,2026-09-08T10:32:27.186464+00:00
KXBTCD-26SEP0808-T78999.99,KXBTCD-26SEP0808,9,no,0.99,no,True,0.01,2026-09-10T22:58:21.280140+00:00,2026-09-08T11:17:38.399098+00:00
KXBTCD-26SEP0808-T78899.99,KXBTCD-26SEP0808,10,no,0.98,no,True,0.02,2026-09-10T22:58:21.280198+00:00,2026-09-08T11:17:38.399167+00:00
KXBTCD-26SEP0808-T78799.99,KXBTCD-26SEP0808,8,no,0.98,no,True,0.02,2026-09-10T22:58:21.280256+00:00,2026-09-08T11:17:38.399219+00:00
KXBTCD-26SEP0808-T78699.99,KXBTCD-26SEP0808,6,no,0.96,no,True,0.04,2026-09-10T22:58:21.280323+00:00,2026-09-08T11:17:38.399268+00:00
KXBTCD-26SEP0808-T78199.99,KXBTCD-26SEP0808,5,yes,0.67,yes,True,0.3299999999999999,2026-09-10T22:58:21.280385+00:00,2026-09-08T11:17:38.399316+00:00
KXBTCD-26SEP0808-T78099.99,KXBTCD-26SEP0808,7,yes,0.84,yes,True,0.16,2026-09-10T22:58:21.280443+00:00,2026-09-08T11:17:38.399363+00:00
KXBTCD-26SEP0808-T78599.99,KXBTCD-26SEP0808,5,no,0.87,no,True,0.13,2026-09-10T22:58:21.280500+00:00,2026-09-08T11:22:38.777152+00:00
KXBTCD-26SEP0808-T77999.99,KXBTCD-26SEP0808,9,yes,0.97,yes,True,0.03,2026-09-10T22:58:21.280557+00:00,2026-09-08T11:22:38.777248+00:00
KXBTCD-26SEP0809-T79099.99,KXBTCD-26SEP0809,7,no,0.98,no,True,0.02,2026-09-10T22:58:21.280614+00:00,2026-09-08T12:02:13.384383+00:00
KXBTCD-26SEP0809-T78899.99,KXBTCD-26SEP0809,5,no,0.95,no,True,0.05,2026-09-10T22:58:21.280672+00:00,2026-09-08T12:02:13.384426+00:00
KXBTCD-26SEP0809-T78699.99,KXBTCD-26SEP0809,8,no,0.88,no,True,0.12,2026-09-10T22:58:21.280729+00:00,2026-09-08T12:02:13.384449+00:00
KXBTCD-26SEP0809-T78499.99,KXBTCD-26SEP0809,9,no,0.68,no,True,0.3199999999999999,2026-09-10T22:58:21.280787+00:00,2026-09-08T12:02:13.384471+00:00
KXBTCD-26SEP0809-T78299.99,KXBTCD-26SEP0809,10,yes,0.61,yes,True,0.39,2026-09-10T22:58:21.280844+00:00,2026-09-08T12:02:13.384535+00:00
KXBTCD-26SEP0809-T78599.99,KXBTCD-26SEP0809,8,no,0.94,no,True,0.06,2026-09-10T22:58:21.280903+00:00,2026-09-08T12:16:57.721372+00:00
KXBTCD-26SEP0809-T77999.99,KXBTCD-26SEP0809,6,yes,0.81,yes,True,0.1899999999999999,2026-09-10T22:58:21.280986+00:00,2026-09-08T12:16:57.721456+00:00
KXBTCD-26SEP0809-T77899.99,KXBTCD-26SEP0809,9,yes,0.91,yes,True,0.0899999999999999,2026-09-10T22:58:21.281047+00:00,2026-09-08T12:16:57.721492+00:00
KXBTCD-26SEP0809-T77799.99,KXBTCD-26SEP0809,10,yes,0.95,yes,True,0.05,2026-09-10T22:58:21.281105+00:00,2026-09-08T12:16:57.721524+00:00
KXBTCD-26SEP0809-T78799.99,KXBTCD-26SEP0809,10,no,0.98,no,True,0.02,2026-09-10T22:58:21.281163+00:00,2026-09-08T12:32:30.951523+00:00
KXBTCD-26SEP0810-T79099.99,KXBTCD-26SEP0810,10,no,0.94,no,True,0.06,2026-09-10T22:58:21.281221+00:00,2026-09-08T13:02:20.185252+00:00
KXBTCD-26SEP0810-T78999.99,KXBTCD-26SEP0810,8,no,0.93,no,True,0.0699999999999999,2026-09-10T22:58:21.281279+00:00,2026-09-08T13:02:20.185323+00:00
KXBTCD-26SEP0810-T78099.99,KXBTCD-26SEP0810,7,yes,0.8,no,False,-0.8,2026-09-10T22:58:21.281336+00:00,2026-09-08T13:02:20.185375+00:00
KXBTCD-26SEP0810-T77899.99,KXBTCD-26SEP0810,9,yes,0.9,yes,True,0.0999999999999999,2026-09-10T22:58:21.281395+00:00,2026-09-08T13:02:20.185422+00:00
KXBTCD-26SEP0810-T69599.99,KXBTCD-26SEP0810,6,yes,0.99,yes,True,0.01,2026-09-10T22:58:21.281456+00:00,2026-09-08T13:02:20.185475+00:00
KXBTCD-26SEP0810-T78899.99,KXBTCD-26SEP0810,9,no,0.92,no,True,0.0799999999999999,2026-09-10T22:58:21.281517+00:00,2026-09-08T13:16:22.322620+00:00
KXBTCD-26SEP0810-T78799.99,KXBTCD-26SEP0810,7,no,0.86,no,True,0.14,2026-09-10T22:58:21.281575+00:00,2026-09-08T13:16:22.322691+00:00
KXBTCD-26SEP0810-T78299.99,KXBTCD-26SEP0810,5,yes,0.68,no,False,-0.68,2026-09-10T22:58:21.281632+00:00,2026-09-08T13:16:22.322744+00:00
KXBTCD-26SEP0810-T78199.99,KXBTCD-26SEP0810,6,yes,0.79,no,False,-0.79,2026-09-10T22:58:21.281690+00:00,2026-09-08T13:16:22.322793+00:00
KXBTCD-26SEP0810-T77999.99,KXBTCD-26SEP0810,10,yes,0.91,no,False,-0.91,2026-09-10T22:58:21.281747+00:00,2026-09-08T13:16:22.322873+00:00
KXBTCD-26SEP0810-T78699.99,KXBTCD-26SEP0810,6,no,0.89,no,True,0.1099999999999999,2026-09-10T22:58:21.281812+00:00,2026-09-08T13:32:06.978757+00:00
KXBTCD-26SEP0810-T78599.99,KXBTCD-26SEP0810,5,no,0.84,no,True,0.16,2026-09-10T22:58:21.281871+00:00,2026-09-08T13:32:06.978801+00:00
KXBTCD-26SEP0810-T78499.99,KXBTCD-26SEP0810,5,no,0.98,no,True,0.02,2026-09-10T22:58:21.281951+00:00,2026-09-08T13:47:32.441719+00:00
KXBTCD-26SEP0817-T77499.99,KXBTCD-26SEP0817,10,yes,0.69,yes,True,0.31,2026-09-10T22:58:21.282016+00:00,2026-09-08T14:02:53.579271+00:00
KXBTCD-26SEP0811-T78499.99,KXBTCD-26SEP0811,7,no,0.86,yes,False,-0.86,2026-09-10T22:58:21.282075+00:00,2026-09-08T14:16:31.861737+00:00
KXBTCD-26SEP0811-T78299.99,KXBTCD-26SEP0811,8,no,0.69,yes,False,-0.69,2026-09-10T22:58:21.282133+00:00,2026-09-08T14:16:31.861807+00:00
KXBTCD-26SEP0811-T77799.99,KXBTCD-26SEP0811,5,yes,0.8,yes,True,0.1999999999999999,2026-09-10T22:58:21.282190+00:00,2026-09-08T14:16:31.861858+00:00
KXBTCD-26SEP0811-T77699.99,KXBTCD-26SEP0811,6,yes,0.87,yes,True,0.13,2026-09-10T22:58:21.282248+00:00,2026-09-08T14:16:31.861906+00:00
KXBTCD-26SEP0811-T77599.99,KXBTCD-26SEP0811,10,yes,0.91,yes,True,0.0899999999999999,2026-09-10T22:58:21.282304+00:00,2026-09-08T14:16:31.861952+00:00
KXBTCD-26SEP0811-T77499.99,KXBTCD-26SEP0811,9,yes,0.94,yes,True,0.06,2026-09-10T22:58:21.282362+00:00,2026-09-08T14:16:31.861997+00:00
KXBTCD-26SEP0811-T78599.99,KXBTCD-26SEP0811,10,no,0.85,no,True,0.15,2026-09-10T22:58:21.282420+00:00,2026-09-08T14:31:47.782187+00:00
KXBTCD-26SEP0811-T78399.99,KXBTCD-26SEP0811,5,no,0.64,yes,False,-0.64,2026-09-10T22:58:21.282477+00:00,2026-09-08T14:31:47.782277+00:00
KXBTCD-26SEP0811-T77899.99,KXBTCD-26SEP0811,6,yes,0.92,yes,True,0.0799999999999999,2026-09-10T22:58:21.282535+00:00,2026-09-08T14:31:47.782313+00:00
KXBTCD-26SEP0817-T79249.99,KXBTCD-26SEP0817,6,no,0.87,no,True,0.13,2026-09-10T22:58:21.282592+00:00,2026-09-08T14:31:47.782428+00:00
KXBTCD-26SEP0811-T78099.99,KXBTCD-26SEP0811,5,yes,0.94,yes,True,0.06,2026-09-10T22:58:21.282700+00:00,2026-09-08T14:46:29.609838+00:00
KXBTCD-26SEP0811-T78699.99,KXBTCD-26SEP0811,6,no,0.99,no,True,0.01,2026-09-10T22:58:21.282760+00:00,2026-09-08T15:01:32.863736+00:00
KXBTCD-26SEP0811-T78199.99,KXBTCD-26SEP0811,5,yes,0.99,yes,True,0.01,2026-09-10T22:58:21.282818+00:00,2026-09-08T15:01:32.863808+00:00
KXBTCD-26SEP0811-T77999.99,KXBTCD-26SEP0811,7,yes,0.99,yes,True,0.01,2026-09-10T22:58:21.282875+00:00,2026-09-08T15:01:32.863893+00:00
KXBTCD-26SEP0812-T79299.99,KXBTCD-26SEP0812,9,no,0.97,no,True,0.03,2026-09-10T22:58:21.282958+00:00,2026-09-08T15:13:05.448766+00:00
KXBTCD-26SEP0812-T78999.99,KXBTCD-26SEP0812,10,no,0.9,no,True,0.0999999999999999,2026-09-10T22:58:21.283022+00:00,2026-09-08T15:13:05.448830+00:00
KXBTCD-26SEP0812-T78799.99,KXBTCD-26SEP0812,6,no,0.75,yes,False,-0.75,2026-09-10T22:58:21.283081+00:00,2026-09-08T15:13:05.448868+00:00
KXBTCD-26SEP0812-T78699.99,KXBTCD-26SEP0812,7,no,0.63,yes,False,-0.63,2026-09-10T22:58:21.283139+00:00,2026-09-08T15:13:05.448904+00:00
KXBTCD-26SEP0812-T78399.99,KXBTCD-26SEP0812,5,yes,0.74,yes,True,0.26,2026-09-10T22:58:21.283197+00:00,2026-09-08T15:13:05.448938+00:00
KXBTCD-26SEP0812-T78199.99,KXBTCD-26SEP0812,8,yes,0.89,yes,True,0.1099999999999999,2026-09-10T22:58:21.283256+00:00,2026-09-08T15:13:05.448970+00:00
KXBTCD-26SEP0812-T78899.99,KXBTCD-26SEP0812,8,no,0.83,no,True,0.17,2026-09-10T22:58:21.283314+00:00,2026-09-08T15:16:33.809503+00:00
KXBTCD-26SEP0812-T69599.99,KXBTCD-26SEP0812,5,yes,0.99,yes,True,0.01,2026-09-10T22:58:21.283373+00:00,2026-09-08T15:16:33.809663+00:00
KXBTCD-26SEP0812-T78299.99,KXBTCD-26SEP0812,5,yes,0.78,yes,True,0.2199999999999999,2026-09-10T22:58:21.283430+00:00,2026-09-08T15:31:52.237764+00:00
KXBTCD-26SEP0812-T78099.99,KXBTCD-26SEP0812,10,yes,0.99,yes,True,0.01,2026-09-10T22:58:21.283488+00:00,2026-09-08T15:47:39.272189+00:00
KXBTCD-26SEP0812-T78499.99,KXBTCD-26SEP0812,5,yes,0.99,yes,True,0.01,2026-09-10T22:58:21.283545+00:00,2026-09-08T16:02:20.921518+00:00
KXBTCD-26SEP0813-T79299.99,KXBTCD-26SEP0813,8,no,0.99,no,True,0.01,2026-09-10T22:58:21.283603+00:00,2026-09-08T16:16:58.920734+00:00
KXBTCD-26SEP0813-T79099.99,KXBTCD-26SEP0813,10,no,0.96,no,True,0.04,2026-09-10T22:58:21.283660+00:00,2026-09-08T16:16:58.920781+00:00
KXBTCD-26SEP0813-T78999.99,KXBTCD-26SEP0813,6,no,0.93,no,True,0.0699999999999999,2026-09-10T22:58:21.283723+00:00,2026-09-08T16:16:58.920809+00:00
KXBTCD-26SEP0813-T78499.99,KXBTCD-26SEP0813,5,yes,0.73,yes,True,0.27,2026-09-10T22:58:21.283785+00:00,2026-09-08T16:16:58.920834+00:00
KXBTCD-26SEP0813-T78399.99,KXBTCD-26SEP0813,7,yes,0.85,yes,True,0.15,2026-09-10T22:58:21.283858+00:00,2026-09-08T16:16:58.920857+00:00
KXBTCD-26SEP0813-T78299.99,KXBTCD-26SEP0813,9,yes,0.92,yes,True,0.0799999999999999,2026-09-10T22:58:21.283934+00:00,2026-09-08T16:16:58.920879+00:00
KXBTCD-26SEP0813-T78899.99,KXBTCD-26SEP0813,5,no,0.93,no,True,0.0699999999999999,2026-09-10T22:58:21.284002+00:00,2026-09-08T16:32:49.279220+00:00
KXBTCD-26SEP0813-T79199.99,KXBTCD-26SEP0813,9,no,0.98,no,True,0.02,2026-09-10T22:58:21.284062+00:00,2026-09-08T16:47:03.561860+00:00
KXBTCD-26SEP0814-T79399.99,KXBTCD-26SEP0814,10,no,0.99,no,True,0.01,2026-09-10T22:58:21.284120+00:00,2026-09-08T17:17:13.852746+00:00
KXBTCD-26SEP0814-T79199.99,KXBTCD-26SEP0814,9,no,0.97,no,True,0.03,2026-09-10T22:58:21.284178+00:00,2026-09-08T17:17:13.852818+00:00
KXBTCD-26SEP0814-T79099.99,KXBTCD-26SEP0814,7,no,0.95,no,True,0.05,2026-09-10T22:58:21.284235+00:00,2026-09-08T17:17:13.852871+00:00
KXBTCD-26SEP0814-T78599.99,KXBTCD-26SEP0814,5,yes,0.66,no,False,-0.66,2026-09-10T22:58:21.284292+00:00,2026-09-08T17:17:13.852920+00:00
KXBTCD-26SEP0814-T78499.99,KXBTCD-26SEP0814,6,yes,0.8,no,False,-0.8,2026-09-10T22:58:21.284350+00:00,2026-09-08T17:17:13.852969+00:00
KXBTCD-26SEP0814-T78399.99,KXBTCD-26SEP0814,8,yes,0.89,yes,True,0.1099999999999999,2026-09-10T22:58:21.284409+00:00,2026-09-08T17:17:13.853017+00:00
KXBTCD-26SEP0814-T78999.99,KXBTCD-26SEP0814,5,no,0.98,no,True,0.02,2026-09-10T22:58:21.284467+00:00,2026-09-08T17:31:29.307834+00:00
KXBTCD-26SEP0814-T78899.99,KXBTCD-26SEP0814,6,no,0.96,no,True,0.04,2026-09-10T22:58:21.284525+00:00,2026-09-08T17:31:29.307900+00:00
KXBTCD-26SEP0814-T78299.99,KXBTCD-26SEP0814,7,yes,0.95,yes,True,0.05,2026-09-10T22:58:21.284582+00:00,2026-09-08T17:31:29.307981+00:00
KXBTCD-26SEP0815-T78999.99,KXBTCD-26SEP0815,7,no,0.94,no,True,0.06,2026-09-10T22:58:21.284639+00:00,2026-09-08T18:16:43.371577+00:00
KXBTCD-26SEP0815-T78899.99,KXBTCD-26SEP0815,5,no,0.88,no,True,0.12,2026-09-10T22:58:21.284696+00:00,2026-09-08T18:16:43.371646+00:00
KXBTCD-26SEP0815-T78399.99,KXBTCD-26SEP0815,6,yes,0.91,yes,True,0.0899999999999999,2026-09-10T22:58:21.284753+00:00,2026-09-08T18:16:43.371699+00:00
KXBTCD-26SEP0815-T78299.99,KXBTCD-26SEP0815,8,yes,0.95,yes,True,0.05,2026-09-10T22:58:21.284810+00:00,2026-09-08T18:16:43.371748+00:00
KXBTCD-26SEP0815-T78199.99,KXBTCD-26SEP0815,10,yes,0.97,yes,True,0.03,2026-09-10T22:58:21.284868+00:00,2026-09-08T18:16:43.371796+00:00
KXBTCD-26SEP0815-T78099.99,KXBTCD-26SEP0815,9,yes,0.98,yes,True,0.02,2026-09-10T22:58:21.284943+00:00,2026-09-08T18:16:43.371843+00:00
KXBTCD-26SEP0815-T79099.99,KXBTCD-26SEP0815,9,no,0.98,no,True,0.02,2026-09-10T22:58:21.285011+00:00,2026-09-08T18:31:31.322484+00:00
KXBTCD-26SEP0816-T78799.99,KXBTCD-26SEP0816,8,no,0.92,no,True,0.0799999999999999,2026-09-10T22:58:21.285072+00:00,2026-09-08T19:16:29.543222+00:00
KXBTCD-26SEP0816-T78699.99,KXBTCD-26SEP0816,5,no,0.86,no,True,0.14,2026-09-10T22:58:21.285130+00:00,2026-09-08T19:16:29.543296+00:00
KXBTCD-26SEP0816-T78199.99,KXBTCD-26SEP0816,6,yes,0.86,yes,True,0.14,2026-09-10T22:58:21.285187+00:00,2026-09-08T19:16:29.543348+00:00
KXBTCD-26SEP0816-T78099.99,KXBTCD-26SEP0816,7,yes,0.93,yes,True,0.0699999999999999,2026-09-10T22:58:21.285255+00:00,2026-09-08T19:16:29.543395+00:00
KXBTCD-26SEP0816-T77999.99,KXBTCD-26SEP0816,10,yes,0.96,yes,True,0.04,2026-09-10T22:58:21.285313+00:00,2026-09-08T19:16:29.543441+00:00
KXBTCD-26SEP0816-T77799.99,KXBTCD-26SEP0816,9,yes,0.98,yes,True,0.02,2026-09-10T22:58:21.285372+00:00,2026-09-08T19:16:29.543486+00:00
KXBTCD-26SEP0917-T79999.99,KXBTCD-26SEP0917,5,no,0.62,no,True,0.38,2026-09-10T22:58:21.285430+00:00,2026-09-08T20:17:14.907327+00:00
KXBTCD-26SEP0917-T77999.99,KXBTCD-26SEP0917,7,yes,0.63,yes,True,0.37,2026-09-10T22:58:21.285494+00:00,2026-09-08T20:17:14.907373+00:00
KXBTCD-26SEP0917-T81499.99,KXBTCD-26SEP0917,7,no,0.96,no,True,0.04,2026-09-10T22:58:21.285553+00:00,2026-09-08T20:33:04.026043+00:00
KXBTCD-26SEP0817-T77749.99,KXBTCD-26SEP0817,5,yes,0.99,yes,True,0.01,2026-09-10T22:58:21.285619+00:00,2026-09-08T20:47:47.036232+00:00
KXBTCD-26SEP0917-T78999.99,KXBTCD-26SEP0917,5,no,0.63,no,True,0.37,2026-09-10T22:58:21.285683+00:00,2026-09-08T21:01:58.219687+00:00
KXBTCD-26SEP0917-T76749.99,KXBTCD-26SEP0917,7,yes,0.88,yes,True,0.12,2026-09-10T22:58:21.285743+00:00,2026-09-08T21:01:58.219784+00:00
KXBTCD-26SEP0917-T76499.99,KXBTCD-26SEP0917,10,yes,0.91,yes,True,0.0899999999999999,2026-09-10T22:58:21.285801+00:00,2026-09-08T21:01:58.219820+00:00
KXBTCD-26SEP0917-T79499.99,KXBTCD-26SEP0917,10,no,0.75,no,True,0.25,2026-09-10T22:58:21.285859+00:00,2026-09-08T21:16:49.533404+00:00
KXBTCD-26SEP0917-T75249.99,KXBTCD-26SEP0917,9,yes,0.96,yes,True,0.04,2026-09-10T22:58:21.285934+00:00,2026-09-08T21:16:49.533527+00:00
KXBTCD-26SEP0818-T78999.99,KXBTCD-26SEP0818,9,no,0.98,no,True,0.02,2026-09-10T22:58:21.286001+00:00,2026-09-08T21:16:49.533568+00:00
KXBTCD-26SEP0818-T78899.99,KXBTCD-26SEP0818,8,no,0.97,no,True,0.03,2026-09-10T22:58:21.286060+00:00,2026-09-08T21:16:49.533605+00:00
KXBTCD-26SEP0818-T78799.99,KXBTCD-26SEP0818,6,no,0.93,no,True,0.0699999999999999,2026-09-10T22:58:21.286118+00:00,2026-09-08T21:16:49.533637+00:00
KXBTCD-26SEP0818-T78299.99,KXBTCD-26SEP0818,5,yes,0.91,yes,True,0.0899999999999999,2026-09-10T22:58:21.286180+00:00,2026-09-08T21:16:49.533683+00:00
KXBTCD-26SEP0818-T78099.99,KXBTCD-26SEP0818,10,yes,0.98,yes,True,0.02,2026-09-10T22:58:21.286241+00:00,2026-09-08T21:16:49.533716+00:00
KXBTCD-26SEP0818-T77999.99,KXBTCD-26SEP0818,7,yes,0.99,yes,True,0.01,2026-09-10T22:58:21.286299+00:00,2026-09-08T21:16:49.533747+00:00
KXBTCD-26SEP0917-T79749.99,KXBTCD-26SEP0917,5,no,0.8,no,True,0.1999999999999999,2026-09-10T22:58:21.286356+00:00,2026-09-08T21:25:13.121014+00:00
KXBTCD-26SEP0818-T78199.99,KXBTCD-26SEP0818,10,yes,0.97,yes,True,0.03,2026-09-10T22:58:21.286419+00:00,2026-09-08T21:25:13.121325+00:00
KXBTCD-26SEP0818-T84299.99,KXBTCD-26SEP0818,9,no,0.99,no,True,0.01,2026-09-10T22:58:21.286478+00:00,2026-09-08T22:02:15.369113+00:00
KXBTCD-26SEP0917-T79249.99,KXBTCD-26SEP0917,6,no,0.71,no,True,0.29,2026-09-10T22:58:21.286536+00:00,2026-09-08T22:17:45.817009+00:00
KXBTCD-26SEP0819-T78999.99,KXBTCD-26SEP0819,8,no,0.99,no,True,0.01,2026-09-10T22:58:21.286594+00:00,2026-09-08T22:17:45.817085+00:00
KXBTCD-26SEP0819-T78899.99,KXBTCD-26SEP0819,7,no,0.98,no,True,0.02,2026-09-10T22:58:21.286652+00:00,2026-09-08T22:17:45.817113+00:00
KXBTCD-26SEP0819-T78799.99,KXBTCD-26SEP0819,5,no,0.95,no,True,0.05,2026-09-10T22:58:21.286710+00:00,2026-09-08T22:17:45.817138+00:00
KXBTCD-26SEP0819-T78299.99,KXBTCD-26SEP0819,6,yes,0.82,yes,True,0.18,2026-09-10T22:58:21.286768+00:00,2026-09-08T22:17:45.817162+00:00
KXBTCD-26SEP0819-T78199.99,KXBTCD-26SEP0819,9,yes,0.93,yes,True,0.0699999999999999,2026-09-10T22:58:21.286826+00:00,2026-09-08T22:17:45.817186+00:00
KXBTCD-26SEP0819-T78099.99,KXBTCD-26SEP0819,10,yes,0.97,yes,True,0.03,2026-09-10T22:58:21.286884+00:00,2026-09-08T22:17:45.817209+00:00
KXBTCD-26SEP0917-T80999.99,KXBTCD-26SEP0917,8,no,0.94,no,True,0.06,2026-09-10T22:58:21.286964+00:00,2026-09-08T22:31:37.880487+00:00
KXBTCD-26SEP0819-T78699.99,KXBTCD-26SEP0819,5,no,0.94,no,True,0.06,2026-09-10T22:58:21.287027+00:00,2026-09-08T22:31:37.880811+00:00
KXBTCD-26SEP0819-T77999.99,KXBTCD-26SEP0819,9,yes,0.99,yes,True,0.01,2026-09-10T22:58:21.287086+00:00,2026-09-08T22:31:37.880888+00:00
KXBTCD-26SEP0820-T78499.99,KXBTCD-26SEP0820,5,yes,0.6,no,False,-0.6,2026-09-10T22:58:21.287191+00:00,2026-09-08T23:02:19.882346+00:00
KXBTCD-26SEP0820-T78399.99,KXBTCD-26SEP0820,6,yes,0.79,yes,True,0.2099999999999999,2026-09-10T22:58:21.287250+00:00,2026-09-08T23:02:19.882410+00:00
KXBTCD-26SEP0820-T78999.99,KXBTCD-26SEP0820,10,no,0.99,no,True,0.01,2026-09-10T22:58:21.287308+00:00,2026-09-08T23:17:17.603693+00:00
KXBTCD-26SEP0820-T78899.99,KXBTCD-26SEP0820,8,no,0.98,no,True,0.02,2026-09-10T22:58:21.287370+00:00,2026-09-08T23:17:17.603751+00:00
KXBTCD-26SEP0820-T78799.99,KXBTCD-26SEP0820,7,no,0.96,no,True,0.04,2026-09-10T22:58:21.287431+00:00,2026-09-08T23:17:17.603786+00:00
KXBTCD-26SEP0820-T78699.99,KXBTCD-26SEP0820,5,no,0.9,no,True,0.0999999999999999,2026-09-10T22:58:21.287489+00:00,2026-09-08T23:17:17.603817+00:00
KXBTCD-26SEP0820-T78199.99,KXBTCD-26SEP0820,6,yes,0.95,yes,True,0.05,2026-09-10T22:58:21.287547+00:00,2026-09-08T23:17:17.603847+00:00
KXBTCD-26SEP0820-T78099.99,KXBTCD-26SEP0820,9,yes,0.98,yes,True,0.02,2026-09-10T22:58:21.287606+00:00,2026-09-08T23:17:17.603877+00:00
KXBTCD-26SEP0820-T77999.99,KXBTCD-26SEP0820,10,yes,0.99,yes,True,0.01,2026-09-10T22:58:21.287670+00:00,2026-09-08T23:31:10.796018+00:00
KXBTCD-26SEP0917-T80749.99,KXBTCD-26SEP0917,6,no,0.94,no,True,0.06,2026-09-10T22:58:21.287729+00:00,2026-09-09T00:02:30.119616+00:00
KXBTCD-26SEP0917-T78749.99,KXBTCD-26SEP0917,8,no,0.61,no,True,0.39,2026-09-10T22:58:21.287788+00:00,2026-09-09T00:02:30.119747+00:00
KXBTCD-26SEP0917-T77749.99,KXBTCD-26SEP0917,5,yes,0.71,yes,True,0.29,2026-09-10T22:58:21.287846+00:00,2026-09-09T00:02:30.119795+00:00
KXBTCD-26SEP0821-T78599.99,KXBTCD-26SEP0821,5,no,0.78,yes,False,-0.78,2026-09-10T22:58:21.287904+00:00,2026-09-09T00:02:30.119842+00:00
KXBTCD-26SEP0821-T78999.99,KXBTCD-26SEP0821,9,no,0.94,no,True,0.06,2026-09-10T22:58:21.287987+00:00,2026-09-09T00:16:34.649895+00:00
KXBTCD-26SEP0821-T78899.99,KXBTCD-26SEP0821,6,no,0.88,no,True,0.12,2026-09-10T22:58:21.288048+00:00,2026-09-09T00:16:34.649940+00:00
KXBTCD-26SEP0821-T78799.99,KXBTCD-26SEP0821,5,no,0.74,no,True,0.26,2026-09-10T22:58:21.288114+00:00,2026-09-09T00:16:34.649968+00:00
KXBTCD-26SEP0821-T78299.99,KXBTCD-26SEP0821,7,yes,0.97,yes,True,0.03,2026-09-10T22:58:21.288174+00:00,2026-09-09T00:16:34.649994+00:00
KXBTCD-26SEP0821-T78199.99,KXBTCD-26SEP0821,10,yes,0.99,yes,True,0.01,2026-09-10T22:58:21.288232+00:00,2026-09-09T00:16:34.650018+00:00
KXBTCD-26SEP0821-T78099.99,KXBTCD-26SEP0821,8,yes,0.99,yes,True,0.01,2026-09-10T22:58:21.288290+00:00,2026-09-09T00:16:34.650042+00:00
KXBTCD-26SEP0917-T76999.99,KXBTCD-26SEP0917,5,yes,0.9,yes,True,0.0999999999999999,2026-09-10T22:58:21.288348+00:00,2026-09-09T00:32:20.313590+00:00
KXBTCD-26SEP0821-T78399.99,KXBTCD-26SEP0821,5,yes,0.94,yes,True,0.06,2026-09-10T22:58:21.288406+00:00,2026-09-09T00:32:20.313658+00:00
KXBTCD-26SEP0822-T79199.99,KXBTCD-26SEP0822,9,no,0.97,no,True,0.03,2026-09-10T22:58:21.288464+00:00,2026-09-09T01:17:57.626728+00:00
KXBTCD-26SEP0822-T79099.99,KXBTCD-26SEP0822,8,no,0.95,no,True,0.05,2026-09-10T22:58:21.288526+00:00,2026-09-09T01:17:57.626797+00:00
KXBTCD-26SEP0822-T78999.99,KXBTCD-26SEP0822,5,no,0.91,no,True,0.0899999999999999,2026-09-10T22:58:21.288587+00:00,2026-09-09T01:17:57.626848+00:00
KXBTCD-26SEP0822-T78499.99,KXBTCD-26SEP0822,6,yes,0.9,yes,True,0.0999999999999999,2026-09-10T22:58:21.288644+00:00,2026-09-09T01:17:57.626896+00:00
KXBTCD-26SEP0822-T78399.99,KXBTCD-26SEP0822,7,yes,0.94,yes,True,0.06,2026-09-10T22:58:21.288702+00:00,2026-09-09T01:17:57.626944+00:00
KXBTCD-26SEP0822-T78299.99,KXBTCD-26SEP0822,10,yes,0.98,yes,True,0.02,2026-09-10T22:58:21.288759+00:00,2026-09-09T01:17:57.626990+00:00
KXBTCD-26SEP0917-T77249.99,KXBTCD-26SEP0917,7,yes,0.87,yes,True,0.13,2026-09-10T22:58:21.288818+00:00,2026-09-09T01:25:09.570136+00:00
KXBTCD-26SEP0823-T79499.99,KXBTCD-26SEP0823,10,no,0.99,no,True,0.01,2026-09-10T22:58:21.288876+00:00,2026-09-09T02:17:25.988140+00:00
KXBTCD-26SEP0823-T79399.99,KXBTCD-26SEP0823,8,no,0.98,no,True,0.02,2026-09-10T22:58:21.288954+00:00,2026-09-09T02:17:25.988207+00:00
KXBTCD-26SEP0823-T79299.99,KXBTCD-26SEP0823,9,no,0.97,no,True,0.03,2026-09-10T22:58:21.289018+00:00,2026-09-09T02:17:25.988256+00:00
KXBTCD-26SEP0823-T79199.99,KXBTCD-26SEP0823,7,no,0.96,no,True,0.04,2026-09-10T22:58:21.289076+00:00,2026-09-09T02:17:25.988303+00:00
KXBTCD-26SEP0823-T79099.99,KXBTCD-26SEP0823,5,no,0.93,no,True,0.0699999999999999,2026-09-10T22:58:21.289134+00:00,2026-09-09T02:17:25.988347+00:00
KXBTCD-26SEP0823-T78599.99,KXBTCD-26SEP0823,6,yes,0.87,yes,True,0.13,2026-09-10T22:58:21.289198+00:00,2026-09-09T02:17:25.988390+00:00
KXBTCD-26SEP0823-T78499.99,KXBTCD-26SEP0823,7,yes,0.96,yes,True,0.04,2026-09-10T22:58:21.289257+00:00,2026-09-09T02:32:49.391935+00:00
KXBTCD-26SEP0823-T78399.99,KXBTCD-26SEP0823,8,yes,0.98,yes,True,0.02,2026-09-10T22:58:21.289316+00:00,2026-09-09T02:32:49.391997+00:00
KXBTCD-26SEP0917-T78249.99,KXBTCD-26SEP0917,5,yes,0.6,yes,True,0.4,2026-09-10T22:58:21.289374+00:00,2026-09-09T03:16:50.632972+00:00
KXBTCD-26SEP0900-T79099.99,KXBTCD-26SEP0900,9,no,0.99,no,True,0.01,2026-09-10T22:58:21.289433+00:00,2026-09-09T03:16:50.633086+00:00
KXBTCD-26SEP0900-T78999.99,KXBTCD-26SEP0900,8,no,0.99,no,True,0.01,2026-09-10T22:58:21.289491+00:00,2026-09-09T03:16:50.633124+00:00
KXBTCD-26SEP0900-T78899.99,KXBTCD-26SEP0900,5,no,0.96,no,True,0.04,2026-09-10T22:58:21.289554+00:00,2026-09-09T03:16:50.633157+00:00
KXBTCD-26SEP0900-T78399.99,KXBTCD-26SEP0900,6,yes,0.87,yes,True,0.13,2026-09-10T22:58:21.289613+00:00,2026-09-09T03:16:50.633189+00:00
KXBTCD-26SEP0900-T78299.99,KXBTCD-26SEP0900,7,yes,0.96,yes,True,0.04,2026-09-10T22:58:21.289670+00:00,2026-09-09T03:16:50.633220+00:00
KXBTCD-26SEP0900-T78199.99,KXBTCD-26SEP0900,10,yes,0.98,yes,True,0.02,2026-09-10T22:58:21.289732+00:00,2026-09-09T03:16:50.633251+00:00
KXBTCD-26SEP0901-T79299.99,KXBTCD-26SEP0901,10,no,0.97,no,True,0.03,2026-09-10T22:58:21.289795+00:00,2026-09-09T04:18:00.392480+00:00
KXBTCD-26SEP0901-T79199.99,KXBTCD-26SEP0901,8,no,0.95,no,True,0.05,2026-09-10T22:58:21.289854+00:00,2026-09-09T04:18:00.392542+00:00
KXBTCD-26SEP0901-T79099.99,KXBTCD-26SEP0901,5,no,0.88,yes,False,-0.88,2026-09-10T22:58:21.289911+00:00,2026-09-09T04:18:00.392580+00:00
KXBTCD-26SEP0901-T78599.99,KXBTCD-26SEP0901,6,yes,0.88,yes,True,0.12,2026-09-10T22:58:21.289995+00:00,2026-09-09T04:18:00.392614+00:00
KXBTCD-26SEP0901-T78499.99,KXBTCD-26SEP0901,7,yes,0.95,yes,True,0.05,2026-09-10T22:58:21.290055+00:00,2026-09-09T04:18:00.392645+00:00
KXBTCD-26SEP0901-T78399.99,KXBTCD-26SEP0901,9,yes,0.97,yes,True,0.03,2026-09-10T22:58:21.290113+00:00,2026-09-09T04:18:00.392676+00:00
KXBTCD-26SEP0901-T79399.99,KXBTCD-26SEP0901,10,no,0.89,no,True,0.1099999999999999,2026-09-10T22:58:21.290170+00:00,2026-09-09T04:47:49.171444+00:00
KXBTCD-26SEP0901-T78699.99,KXBTCD-26SEP0901,5,yes,0.98,yes,True,0.02,2026-09-10T22:58:21.290228+00:00,2026-09-09T04:47:49.171581+00:00
KXBTCD-26SEP0902-T79599.99,KXBTCD-26SEP0902,9,no,0.91,no,True,0.0899999999999999,2026-09-10T22:58:21.290286+00:00,2026-09-09T05:16:38.110325+00:00
KXBTCD-26SEP0902-T79499.99,KXBTCD-26SEP0902,7,no,0.85,no,True,0.15,2026-09-10T22:58:21.290344+00:00,2026-09-09T05:16:38.110398+00:00
KXBTCD-26SEP0902-T79399.99,KXBTCD-26SEP0902,5,no,0.73,no,True,0.27,2026-09-10T22:58:21.290402+00:00,2026-09-09T05:16:38.110477+00:00
KXBTCD-26SEP0902-T78899.99,KXBTCD-26SEP0902,6,yes,0.93,yes,True,0.0699999999999999,2026-09-10T22:58:21.290459+00:00,2026-09-09T05:16:38.110532+00:00
KXBTCD-26SEP0902-T78799.99,KXBTCD-26SEP0902,8,yes,0.97,yes,True,0.03,2026-09-10T22:58:21.290517+00:00,2026-09-09T05:16:38.110580+00:00
KXBTCD-26SEP0902-T78699.99,KXBTCD-26SEP0902,10,yes,0.98,yes,True,0.02,2026-09-10T22:58:21.290574+00:00,2026-09-09T05:16:38.110626+00:00
KXBTCD-26SEP0902-T79699.99,KXBTCD-26SEP0902,10,no,0.99,no,True,0.01,2026-09-10T22:58:21.290632+00:00,2026-09-09T05:32:24.559925+00:00
KXBTCD-26SEP0903-T79299.99,KXBTCD-26SEP0903,9,no,0.94,no,True,0.06,2026-09-10T22:58:21.290696+00:00,2026-09-09T06:11:59.926518+00:00
KXBTCD-26SEP0903-T79199.99,KXBTCD-26SEP0903,6,no,0.89,no,True,0.1099999999999999,2026-09-10T22:58:21.290754+00:00,2026-09-09T06:11:59.926587+00:00
KXBTCD-26SEP0903-T78799.99,KXBTCD-26SEP0903,5,yes,0.75,yes,True,0.25,2026-09-10T22:58:21.290811+00:00,2026-09-09T06:11:59.926638+00:00
KXBTCD-26SEP0903-T78599.99,KXBTCD-26SEP0903,8,yes,0.94,yes,True,0.06,2026-09-10T22:58:21.290872+00:00,2026-09-09T06:11:59.926686+00:00
KXBTCD-26SEP0903-T78499.99,KXBTCD-26SEP0903,7,yes,0.96,yes,True,0.04,2026-09-10T22:58:21.290953+00:00,2026-09-09T06:11:59.926733+00:00
KXBTCD-26SEP0903-T78299.99,KXBTCD-26SEP0903,10,yes,0.98,yes,True,0.02,2026-09-10T22:58:21.291016+00:00,2026-09-09T06:11:59.926778+00:00
KXBTCD-26SEP0903-T79399.99,KXBTCD-26SEP0903,9,no,0.92,no,True,0.0799999999999999,2026-09-10T22:58:21.291074+00:00,2026-09-09T06:17:50.303427+00:00
KXBTCD-26SEP0903-T78699.99,KXBTCD-26SEP0903,5,yes,0.96,yes,True,0.04,2026-09-10T22:58:21.291131+00:00,2026-09-09T06:17:50.303564+00:00
KXBTCD-26SEP0903-T79499.99,KXBTCD-26SEP0903,10,no,0.97,no,True,0.03,2026-09-10T22:58:21.291189+00:00,2026-09-09T06:32:24.813214+00:00
KXBTCD-26SEP0903-T78899.99,KXBTCD-26SEP0903,5,yes,0.97,yes,True,0.03,2026-09-10T22:58:21.291245+00:00,2026-09-09T06:47:40.702548+00:00
KXBTCD-26SEP0904-T79699.99,KXBTCD-26SEP0904,10,no,0.97,no,True,0.03,2026-09-10T22:58:21.291302+00:00,2026-09-09T07:17:45.276034+00:00
KXBTCD-26SEP0904-T79599.99,KXBTCD-26SEP0904,8,no,0.95,no,True,0.05,2026-09-10T22:58:21.291360+00:00,2026-09-09T07:17:45.276089+00:00
KXBTCD-26SEP0904-T79499.99,KXBTCD-26SEP0904,5,no,0.9,no,True,0.0999999999999999,2026-09-10T22:58:21.291417+00:00,2026-09-09T07:17:45.276123+00:00
KXBTCD-26SEP0904-T79099.99,KXBTCD-26SEP0904,6,yes,0.73,yes,True,0.27,2026-09-10T22:58:21.291481+00:00,2026-09-09T07:17:45.276153+00:00
KXBTCD-26SEP0904-T78899.99,KXBTCD-26SEP0904,9,yes,0.94,yes,True,0.06,2026-09-10T22:58:21.291550+00:00,2026-09-09T07:17:45.276183+00:00
KXBTCD-26SEP0904-T78799.99,KXBTCD-26SEP0904,7,yes,0.98,yes,True,0.02,2026-09-10T22:58:21.291607+00:00,2026-09-09T07:17:45.276233+00:00
KXBTCD-26SEP0904-T78999.99,KXBTCD-26SEP0904,5,yes,0.96,yes,True,0.04,2026-09-10T22:58:21.291672+00:00,2026-09-09T07:46:31.855955+00:00
KXBTCD-26SEP0905-T79999.99,KXBTCD-26SEP0905,10,no,0.98,no,True,0.02,2026-09-10T22:58:21.291729+00:00,2026-09-09T08:17:17.512530+00:00
KXBTCD-26SEP0905-T79899.99,KXBTCD-26SEP0905,9,no,0.97,no,True,0.03,2026-09-10T22:58:21.291786+00:00,2026-09-09T08:17:17.512594+00:00
KXBTCD-26SEP0905-T79799.99,KXBTCD-26SEP0905,8,no,0.95,no,True,0.05,2026-09-10T22:58:21.291844+00:00,2026-09-09T08:17:17.512633+00:00
KXBTCD-26SEP0905-T79699.99,KXBTCD-26SEP0905,6,no,0.91,no,True,0.0899999999999999,2026-09-10T22:58:21.291902+00:00,2026-09-09T08:17:17.512666+00:00
KXBTCD-26SEP0905-T79199.99,KXBTCD-26SEP0905,5,yes,0.87,yes,True,0.13,2026-09-10T22:58:21.291984+00:00,2026-09-09T08:17:17.512697+00:00
KXBTCD-26SEP0905-T79099.99,KXBTCD-26SEP0905,7,yes,0.94,yes,True,0.06,2026-09-10T22:58:21.292044+00:00,2026-09-09T08:17:17.512728+00:00
KXBTCD-26SEP0905-T79299.99,KXBTCD-26SEP0905,5,yes,0.95,yes,True,0.05,2026-09-10T22:58:21.292106+00:00,2026-09-09T08:31:36.448491+00:00
KXBTCD-26SEP0906-T80099.99,KXBTCD-26SEP0906,10,no,0.99,no,True,0.01,2026-09-10T22:58:21.292167+00:00,2026-09-09T09:16:35.596441+00:00
KXBTCD-26SEP0906-T79999.99,KXBTCD-26SEP0906,8,no,0.98,no,True,0.02,2026-09-10T22:58:21.292224+00:00,2026-09-09T09:16:35.596512+00:00
KXBTCD-26SEP0906-T79899.99,KXBTCD-26SEP0906,9,no,0.96,no,True,0.04,2026-09-10T22:58:21.292283+00:00,2026-09-09T09:16:35.596564+00:00
KXBTCD-26SEP0906-T79699.99,KXBTCD-26SEP0906,5,no,0.83,no,True,0.17,2026-09-10T22:58:21.292340+00:00,2026-09-09T09:16:35.596613+00:00
KXBTCD-26SEP0906-T79299.99,KXBTCD-26SEP0906,7,yes,0.89,no,False,-0.89,2026-09-10T22:58:21.292397+00:00,2026-09-09T09:16:35.596660+00:00
KXBTCD-26SEP0906-T79199.99,KXBTCD-26SEP0906,6,yes,0.96,no,False,-0.96,2026-09-10T22:58:21.292454+00:00,2026-09-09T09:16:35.596729+00:00
KXBTCD-26SEP0906-T79799.99,KXBTCD-26SEP0906,6,no,0.97,no,True,0.03,2026-09-10T22:58:21.292511+00:00,2026-09-09T09:32:17.400197+00:00
KXBTCD-26SEP0906-T79099.99,KXBTCD-26SEP0906,10,yes,0.98,no,False,-0.98,2026-09-10T22:58:21.292569+00:00,2026-09-09T09:32:17.400313+00:00
KXBTCD-26SEP0906-T79599.99,KXBTCD-26SEP0906,5,no,0.98,no,True,0.02,2026-09-10T22:58:21.292626+00:00,2026-09-09T09:46:38.710680+00:00
KXBTCD-26SEP0906-T78999.99,KXBTCD-26SEP0906,8,yes,0.77,no,False,-0.77,2026-09-10T22:58:21.292683+00:00,2026-09-09T09:46:38.710778+00:00
KXBTCD-26SEP0906-T78899.99,KXBTCD-26SEP0906,10,yes,0.93,yes,True,0.0699999999999999,2026-09-10T22:58:21.292740+00:00,2026-09-09T09:46:38.710827+00:00
KXBTCD-26SEP0906-T79499.99,KXBTCD-26SEP0906,7,no,0.99,no,True,0.01,2026-09-10T22:58:21.292797+00:00,2026-09-09T10:03:12.558698+00:00
KXBTCD-26SEP0907-T79499.99,KXBTCD-26SEP0907,10,no,0.98,no,True,0.02,2026-09-10T22:58:21.292854+00:00,2026-09-09T10:18:43.209393+00:00
KXBTCD-26SEP0907-T79399.99,KXBTCD-26SEP0907,8,no,0.96,no,True,0.04,2026-09-10T22:58:21.292911+00:00,2026-09-09T10:18:43.209442+00:00
KXBTCD-26SEP0907-T79299.99,KXBTCD-26SEP0907,5,no,0.92,no,True,0.0799999999999999,2026-09-10T22:58:21.292995+00:00,2026-09-09T10:18:43.209471+00:00
KXBTCD-26SEP0907-T78799.99,KXBTCD-26SEP0907,6,yes,0.83,yes,True,0.17,2026-09-10T22:58:21.293055+00:00,2026-09-09T10:18:43.209496+00:00
KXBTCD-26SEP0907-T78699.99,KXBTCD-26SEP0907,7,yes,0.92,yes,True,0.0799999999999999,2026-09-10T22:58:21.293113+00:00,2026-09-09T10:18:43.209520+00:00
KXBTCD-26SEP0907-T78599.99,KXBTCD-26SEP0907,9,yes,0.96,yes,True,0.04,2026-09-10T22:58:21.293171+00:00,2026-09-09T10:18:43.209543+00:00
KXBTCD-26SEP0908-T79199.99,KXBTCD-26SEP0908,10,no,0.95,yes,False,-0.95,2026-09-10T22:58:21.293242+00:00,2026-09-09T11:16:40.960732+00:00
KXBTCD-26SEP0908-T79099.99,KXBTCD-26SEP0908,7,no,0.89,yes,False,-0.89,2026-09-10T22:58:21.293306+00:00,2026-09-09T11:16:40.960801+00:00
KXBTCD-26SEP0908-T78999.99,KXBTCD-26SEP0908,5,no,0.77,yes,False,-0.77,2026-09-10T22:58:21.293365+00:00,2026-09-09T11:16:40.960853+00:00
KXBTCD-26SEP0908-T78499.99,KXBTCD-26SEP0908,8,yes,0.94,yes,True,0.06,2026-09-10T22:58:21.293428+00:00,2026-09-09T11:16:40.960902+00:00
KXBTCD-26SEP0908-T78399.99,KXBTCD-26SEP0908,9,yes,0.97,yes,True,0.03,2026-09-10T22:58:21.293486+00:00,2026-09-09T11:16:40.960949+00:00
KXBTCD-26SEP0908-T77999.99,KXBTCD-26SEP0908,6,yes,0.98,yes,True,0.02,2026-09-10T22:58:21.293544+00:00,2026-09-09T11:16:40.960995+00:00
KXBTCD-26SEP0908-T78599.99,KXBTCD-26SEP0908,5,yes,0.96,yes,True,0.04,2026-09-10T22:58:21.293601+00:00,2026-09-09T11:32:18.069893+00:00
KXBTCD-26SEP0908-T79299.99,KXBTCD-26SEP0908,8,no,0.98,yes,False,-0.98,2026-09-10T22:58:21.293659+00:00,2026-09-09T11:47:18.672845+00:00
KXBTCD-26SEP0908-T78699.99,KXBTCD-26SEP0908,5,yes,0.97,yes,True,0.03,2026-09-10T22:58:21.293717+00:00,2026-09-09T11:47:18.672915+00:00
KXBTCD-26SEP0909-T79799.99,KXBTCD-26SEP0909,9,no,0.94,no,True,0.06,2026-09-10T22:58:21.293775+00:00,2026-09-09T12:17:01.367982+00:00
KXBTCD-26SEP0909-T79699.99,KXBTCD-26SEP0909,7,no,0.89,no,True,0.1099999999999999,2026-09-10T22:58:21.293833+00:00,2026-09-09T12:17:01.368045+00:00
KXBTCD-26SEP0909-T79599.99,KXBTCD-26SEP0909,5,no,0.81,no,True,0.1899999999999999,2026-09-10T22:58:21.293902+00:00,2026-09-09T12:17:01.368084+00:00
KXBTCD-26SEP0909-T79099.99,KXBTCD-26SEP0909,6,yes,0.85,yes,True,0.15,2026-09-10T22:58:21.293983+00:00,2026-09-09T12:17:01.368118+00:00
KXBTCD-26SEP0909-T78999.99,KXBTCD-26SEP0909,8,yes,0.92,yes,True,0.0799999999999999,2026-09-10T22:58:21.294044+00:00,2026-09-09T12:17:01.368150+00:00
KXBTCD-26SEP0909-T78899.99,KXBTCD-26SEP0909,10,yes,0.95,yes,True,0.05,2026-09-10T22:58:21.294102+00:00,2026-09-09T12:17:01.368181+00:00
KXBTCD-26SEP0909-T79199.99,KXBTCD-26SEP0909,5,yes,0.97,yes,True,0.03,2026-09-10T22:58:21.294160+00:00,2026-09-09T12:48:19.476465+00:00
KXBTCD-26SEP0910-T81899.99,KXBTCD-26SEP0910,5,no,0.99,no,True,0.01,2026-09-10T22:58:21.294224+00:00,2026-09-09T13:03:10.263410+00:00
KXBTCD-26SEP0910-T80199.99,KXBTCD-26SEP0910,7,no,0.94,no,True,0.06,2026-09-10T22:58:21.294283+00:00,2026-09-09T13:03:10.263481+00:00
KXBTCD-26SEP0910-T80099.99,KXBTCD-26SEP0910,10,no,0.89,no,True,0.1099999999999999,2026-09-10T22:58:21.294347+00:00,2026-09-09T13:03:10.263533+00:00
KXBTCD-26SEP0910-T79399.99,KXBTCD-26SEP0910,9,yes,0.66,no,False,-0.66,2026-09-10T22:58:21.294409+00:00,2026-09-09T13:03:10.263582+00:00
KXBTCD-26SEP0910-T78999.99,KXBTCD-26SEP0910,8,yes,0.91,yes,True,0.0899999999999999,2026-09-10T22:58:21.294474+00:00,2026-09-09T13:03:10.263629+00:00
KXBTCD-26SEP0910-T78899.99,KXBTCD-26SEP0910,6,yes,0.94,yes,True,0.06,2026-09-10T22:58:21.294535+00:00,2026-09-09T13:03:10.263699+00:00
KXBTCD-26SEP0910-T79999.99,KXBTCD-26SEP0910,8,no,0.92,no,True,0.0799999999999999,2026-09-10T22:58:21.294594+00:00,2026-09-09T13:16:59.059316+00:00
KXBTCD-26SEP0910-T79899.99,KXBTCD-26SEP0910,9,no,0.9,no,True,0.0999999999999999,2026-09-10T22:58:21.294652+00:00,2026-09-09T13:16:59.059380+00:00
KXBTCD-26SEP0910-T79799.99,KXBTCD-26SEP0910,6,no,0.84,no,True,0.16,2026-09-10T22:58:21.294709+00:00,2026-09-09T13:16:59.059421+00:00
KXBTCD-26SEP0910-T79299.99,KXBTCD-26SEP0910,5,yes,0.76,no,False,-0.76,2026-09-10T22:58:21.294766+00:00,2026-09-09T13:16:59.059456+00:00
KXBTCD-26SEP0910-T79199.99,KXBTCD-26SEP0910,7,yes,0.84,no,False,-0.84,2026-09-10T22:58:21.294823+00:00,2026-09-09T13:16:59.059489+00:00
KXBTCD-26SEP0910-T79099.99,KXBTCD-26SEP0910,10,yes,0.9,yes,True,0.0999999999999999,2026-09-10T22:58:21.294880+00:00,2026-09-09T13:16:59.059520+00:00
KXBTCD-26SEP0910-T79699.99,KXBTCD-26SEP0910,6,no,0.96,no,True,0.04,2026-09-10T22:58:21.294957+00:00,2026-09-09T13:48:12.599479+00:00
KXBTCD-26SEP0910-T79599.99,KXBTCD-26SEP0910,6,no,0.99,no,True,0.01,2026-09-10T22:58:21.295020+00:00,2026-09-09T14:03:06.314450+00:00
KXBTCD-26SEP0910-T79499.99,KXBTCD-26SEP0910,5,no,0.99,no,True,0.01,2026-09-10T22:58:21.295078+00:00,2026-09-09T14:03:06.314511+00:00
KXBTCD-26SEP0911-T79499.99,KXBTCD-26SEP0911,9,no,0.88,no,True,0.12,2026-09-10T22:58:21.295136+00:00,2026-09-09T14:16:38.294414+00:00
KXBTCD-26SEP0911-T79399.99,KXBTCD-26SEP0911,8,no,0.84,no,True,0.16,2026-09-10T22:58:21.295193+00:00,2026-09-09T14:16:38.294484+00:00
KXBTCD-26SEP0911-T79299.99,KXBTCD-26SEP0911,7,no,0.77,no,True,0.2299999999999999,2026-09-10T22:58:21.295251+00:00,2026-09-09T14:16:38.294535+00:00
KXBTCD-26SEP0911-T79199.99,KXBTCD-26SEP0911,6,no,0.68,no,True,0.3199999999999999,2026-09-10T22:58:21.295309+00:00,2026-09-09T14:16:38.294582+00:00
KXBTCD-26SEP0911-T78899.99,KXBTCD-26SEP0911,5,yes,0.66,yes,True,0.3399999999999999,2026-09-10T22:58:21.295373+00:00,2026-09-09T14:16:38.294629+00:00
KXBTCD-26SEP0911-T78599.99,KXBTCD-26SEP0911,10,yes,0.88,yes,True,0.12,2026-09-10T22:58:21.295433+00:00,2026-09-09T14:16:38.294676+00:00
KXBTCD-26SEP0911-T78699.99,KXBTCD-26SEP0911,6,yes,0.93,yes,True,0.0699999999999999,2026-09-10T22:58:21.295491+00:00,2026-09-09T14:32:49.382158+00:00
KXBTCD-26SEP0911-T78799.99,KXBTCD-26SEP0911,5,yes,0.79,yes,True,0.2099999999999999,2026-09-10T22:58:21.295557+00:00,2026-09-09T14:48:07.267162+00:00
KXBTCD-26SEP0912-T79299.99,KXBTCD-26SEP0912,10,no,0.9,no,True,0.0999999999999999,2026-09-10T22:58:21.295619+00:00,2026-09-09T15:12:35.140964+00:00
KXBTCD-26SEP0912-T79199.99,KXBTCD-26SEP0912,7,no,0.88,no,True,0.12,2026-09-10T22:58:21.295681+00:00,2026-09-09T15:12:35.141013+00:00
KXBTCD-26SEP0912-T78799.99,KXBTCD-26SEP0912,8,no,0.66,no,True,0.3399999999999999,2026-09-10T22:58:21.295739+00:00,2026-09-09T15:12:35.141040+00:00
KXBTCD-26SEP0912-T79099.99,KXBTCD-26SEP0912,5,no,0.88,no,True,0.12,2026-09-10T22:58:21.295797+00:00,2026-09-09T15:18:13.471995+00:00
KXBTCD-26SEP0912-T78599.99,KXBTCD-26SEP0912,7,no,0.6,no,True,0.4,2026-09-10T22:58:21.295861+00:00,2026-09-09T15:18:13.472093+00:00
KXBTCD-26SEP0912-T78999.99,KXBTCD-26SEP0912,9,no,0.94,no,True,0.06,2026-09-10T22:58:21.295938+00:00,2026-09-09T15:31:47.197345+00:00
KXBTCD-26SEP0912-T78899.99,KXBTCD-26SEP0912,8,no,0.92,no,True,0.0799999999999999,2026-09-10T22:58:21.296003+00:00,2026-09-09T15:31:47.197415+00:00
KXBTCD-26SEP0912-T78499.99,KXBTCD-26SEP0912,6,no,0.68,yes,False,-0.68,2026-09-10T22:58:21.296063+00:00,2026-09-09T15:31:47.197497+00:00
KXBTCD-26SEP0912-T77999.99,KXBTCD-26SEP0912,5,yes,0.84,yes,True,0.16,2026-09-10T22:58:21.296121+00:00,2026-09-09T15:31:47.197582+00:00
KXBTCD-26SEP0912-T78299.99,KXBTCD-26SEP0912,6,yes,0.92,yes,True,0.0799999999999999,2026-09-10T22:58:21.296179+00:00,2026-09-09T15:46:47.641800+00:00
KXBTCD-26SEP0912-T78099.99,KXBTCD-26SEP0912,5,yes,0.98,yes,True,0.02,2026-09-10T22:58:21.296235+00:00,2026-09-09T15:46:47.641865+00:00
KXBTCD-26SEP0912-T78199.99,KXBTCD-26SEP0912,5,yes,0.99,yes,True,0.01,2026-09-10T22:58:21.296293+00:00,2026-09-09T16:01:42.153366+00:00
KXBTCD-26SEP0913-T78999.99,KXBTCD-26SEP0913,5,no,0.87,no,True,0.13,2026-09-10T22:58:21.296352+00:00,2026-09-09T16:18:26.597149+00:00
KXBTCD-26SEP0913-T78899.99,KXBTCD-26SEP0913,9,no,0.8,no,True,0.1999999999999999,2026-09-10T22:58:21.296410+00:00,2026-09-09T16:18:26.597213+00:00
KXBTCD-26SEP0913-T78799.99,KXBTCD-26SEP0913,6,no,0.7,no,True,0.3,2026-09-10T22:58:21.296469+00:00,2026-09-09T16:18:26.597252+00:00
KXBTCD-26SEP0913-T78299.99,KXBTCD-26SEP0913,8,yes,0.85,yes,True,0.15,2026-09-10T22:58:21.296527+00:00,2026-09-09T16:18:26.597287+00:00
KXBTCD-26SEP0913-T78199.99,KXBTCD-26SEP0913,7,yes,0.9,yes,True,0.0999999999999999,2026-09-10T22:58:21.296585+00:00,2026-09-09T16:18:26.597320+00:00
KXBTCD-26SEP0913-T78099.99,KXBTCD-26SEP0913,10,yes,0.94,yes,True,0.06,2026-09-10T22:58:21.296643+00:00,2026-09-09T16:18:26.597352+00:00
KXBTCD-26SEP0913-T77999.99,KXBTCD-26SEP0913,9,yes,0.98,yes,True,0.02,2026-09-10T22:58:21.296700+00:00,2026-09-09T16:33:17.330010+00:00
KXBTCD-26SEP0913-T79099.99,KXBTCD-26SEP0913,10,no,0.97,no,True,0.03,2026-09-10T22:58:21.296758+00:00,2026-09-09T16:48:23.100606+00:00
KXBTCD-26SEP0913-T78399.99,KXBTCD-26SEP0913,6,yes,0.98,yes,True,0.02,2026-09-10T22:58:21.296820+00:00,2026-09-09T16:48:23.100673+00:00
KXBTCD-26SEP0914-T79199.99,KXBTCD-26SEP0914,8,no,0.89,no,True,0.1099999999999999,2026-09-10T22:58:21.296879+00:00,2026-09-09T17:17:26.613209+00:00
KXBTCD-26SEP0914-T79099.99,KXBTCD-26SEP0914,10,no,0.82,no,True,0.18,2026-09-10T22:58:21.296957+00:00,2026-09-09T17:17:26.613280+00:00
KXBTCD-26SEP0914-T78999.99,KXBTCD-26SEP0914,5,no,0.72,no,True,0.28,2026-09-10T22:58:21.297021+00:00,2026-09-09T17:17:26.613333+00:00
KXBTCD-26SEP0914-T78599.99,KXBTCD-26SEP0914,6,yes,0.84,yes,True,0.16,2026-09-10T22:58:21.297079+00:00,2026-09-09T17:17:26.613382+00:00
KXBTCD-26SEP0914-T78399.99,KXBTCD-26SEP0914,7,yes,0.95,yes,True,0.05,2026-09-10T22:58:21.297137+00:00,2026-09-09T17:17:26.613450+00:00
KXBTCD-26SEP0914-T78099.99,KXBTCD-26SEP0914,9,yes,0.99,yes,True,0.01,2026-09-10T22:58:21.297196+00:00,2026-09-09T17:17:26.613506+00:00
KXBTCD-26SEP0914-T78499.99,KXBTCD-26SEP0914,6,yes,0.95,yes,True,0.05,2026-09-10T22:58:21.297254+00:00,2026-09-09T17:31:45.860499+00:00
KXBTCD-26SEP0914-T79399.99,KXBTCD-26SEP0914,10,no,0.99,no,True,0.01,2026-09-10T22:58:21.297329+00:00,2026-09-09T17:47:41.254799+00:00
KXBTCD-26SEP0915-T79199.99,KXBTCD-26SEP0915,6,no,0.98,no,True,0.02,2026-09-10T22:58:21.297388+00:00,2026-09-09T18:17:25.999371+00:00
KXBTCD-26SEP0915-T79099.99,KXBTCD-26SEP0915,9,no,0.98,no,True,0.02,2026-09-10T22:58:21.297447+00:00,2026-09-09T18:17:25.999437+00:00
KXBTCD-26SEP0915-T78999.99,KXBTCD-26SEP0915,7,no,0.97,no,True,0.03,2026-09-10T22:58:21.297505+00:00,2026-09-09T18:17:25.999476+00:00
KXBTCD-26SEP0915-T78899.99,KXBTCD-26SEP0915,5,no,0.94,no,True,0.06,2026-09-10T22:58:21.297563+00:00,2026-09-09T18:17:25.999511+00:00
KXBTCD-26SEP0915-T78399.99,KXBTCD-26SEP0915,8,yes,0.84,yes,True,0.16,2026-09-10T22:58:21.297621+00:00,2026-09-09T18:17:25.999544+00:00
KXBTCD-26SEP0915-T78199.99,KXBTCD-26SEP0915,10,yes,0.96,yes,True,0.04,2026-09-10T22:58:21.297690+00:00,2026-09-09T18:17:25.999576+00:00
KXBTCD-26SEP0915-T78799.99,KXBTCD-26SEP0915,5,no,0.98,no,True,0.02,2026-09-10T22:58:21.297749+00:00,2026-09-09T18:47:32.032801+00:00
KXBTCD-26SEP0915-T78299.99,KXBTCD-26SEP0915,10,yes,0.98,yes,True,0.02,2026-09-10T22:58:21.297807+00:00,2026-09-09T18:47:32.032855+00:00
KXBTCD-26SEP0916-T78899.99,KXBTCD-26SEP0916,10,no,0.97,no,True,0.03,2026-09-10T22:58:21.297866+00:00,2026-09-09T19:16:32.746834+00:00
KXBTCD-26SEP0916-T78699.99,KXBTCD-26SEP0916,7,no,0.89,no,True,0.1099999999999999,2026-09-10T22:58:21.297942+00:00,2026-09-09T19:16:32.746884+00:00
KXBTCD-26SEP0916-T78599.99,KXBTCD-26SEP0916,5,no,0.77,no,True,0.2299999999999999,2026-09-10T22:58:21.298009+00:00,2026-09-09T19:16:32.746915+00:00
KXBTCD-26SEP0916-T78099.99,KXBTCD-26SEP0916,6,yes,0.95,yes,True,0.05,2026-09-10T22:58:21.298070+00:00,2026-09-09T19:16:32.746942+00:00
KXBTCD-26SEP0916-T77999.99,KXBTCD-26SEP0916,8,yes,0.97,yes,True,0.03,2026-09-10T22:58:21.298127+00:00,2026-09-09T19:16:32.746968+00:00
KXBTCD-26SEP0916-T77899.99,KXBTCD-26SEP0916,9,yes,0.98,yes,True,0.02,2026-09-10T22:58:21.298185+00:00,2026-09-09T19:16:32.746992+00:00
KXBTCD-26SEP0916-T78799.99,KXBTCD-26SEP0916,9,no,0.96,no,True,0.04,2026-09-10T22:58:21.298242+00:00,2026-09-09T19:31:46.886121+00:00
KXBTCD-26SEP0916-T78199.99,KXBTCD-26SEP0916,5,yes,0.97,yes,True,0.03,2026-09-10T22:58:21.298300+00:00,2026-09-09T19:31:46.886208+00:00
KXBTCD-26SEP1017-T79749.99,KXBTCD-26SEP1017,6,no,0.81,no,True,0.1899999999999999,2026-09-10T22:58:21.298358+00:00,2026-09-09T20:16:45.175638+00:00
KXBTCD-26SEP1017-T78999.99,KXBTCD-26SEP1017,5,no,0.7,no,True,0.3,2026-09-10T22:58:21.298421+00:00,2026-09-09T20:16:45.175696+00:00
KXBTCD-26SEP1017-T77249.99,KXBTCD-26SEP1017,10,yes,0.76,no,False,-0.76,2026-09-10T22:58:21.298488+00:00,2026-09-09T20:16:45.175780+00:00
KXBTCD-26SEP1017-T78749.99,KXBTCD-26SEP1017,8,no,0.61,no,True,0.39,2026-09-10T22:58:21.298546+00:00,2026-09-09T20:48:23.473828+00:00
KXBTCD-26SEP1017-T77749.99,KXBTCD-26SEP1017,10,yes,0.61,no,False,-0.61,2026-09-10T22:58:21.298603+00:00,2026-09-09T20:48:23.473874+00:00
KXBTCD-26SEP1017-T79249.99,KXBTCD-26SEP1017,5,no,0.78,no,True,0.2199999999999999,2026-09-10T22:58:21.298660+00:00,2026-09-09T21:03:15.375330+00:00
KXBTCD-26SEP0918-T78799.99,KXBTCD-26SEP0918,7,no,0.97,no,True,0.03,2026-09-10T22:58:21.298717+00:00,2026-09-09T21:03:15.375490+00:00
KXBTCD-26SEP0918-T78699.99,KXBTCD-26SEP0918,9,no,0.95,no,True,0.05,2026-09-10T22:58:21.298775+00:00,2026-09-09T21:03:15.375544+00:00
KXBTCD-26SEP0918-T78099.99,KXBTCD-26SEP0918,5,yes,0.73,yes,True,0.27,2026-09-10T22:58:21.298831+00:00,2026-09-09T21:03:15.375593+00:00
KXBTCD-26SEP0918-T77999.99,KXBTCD-26SEP0918,6,yes,0.84,yes,True,0.16,2026-09-10T22:58:21.298888+00:00,2026-09-09T21:03:15.375640+00:00
KXBTCD-26SEP0918-T77799.99,KXBTCD-26SEP0918,8,yes,0.95,yes,True,0.05,2026-09-10T22:58:21.298967+00:00,2026-09-09T21:03:15.375709+00:00
KXBTCD-26SEP0918-T77699.99,KXBTCD-26SEP0918,10,yes,0.97,yes,True,0.03,2026-09-10T22:58:21.299029+00:00,2026-09-09T21:03:15.375763+00:00
KXBTCD-26SEP1017-T80499.99,KXBTCD-26SEP1017,10,no,0.92,no,True,0.0799999999999999,2026-09-10T22:58:21.299088+00:00,2026-09-09T21:10:43.997282+00:00
KXBTCD-26SEP1017-T79999.99,KXBTCD-26SEP1017,9,no,0.88,no,True,0.12,2026-09-10T22:58:21.299146+00:00,2026-09-09T21:10:43.997353+00:00
KXBTCD-26SEP0918-T78599.99,KXBTCD-26SEP0918,7,no,0.94,no,True,0.06,2026-09-10T22:58:21.299209+00:00,2026-09-09T21:10:43.997582+00:00
KXBTCD-26SEP0918-T77899.99,KXBTCD-26SEP0918,9,yes,0.95,yes,True,0.05,2026-09-10T22:58:21.299273+00:00,2026-09-09T21:10:43.997694+00:00
KXBTCD-26SEP1017-T80999.99,KXBTCD-26SEP1017,5,no,0.95,no,True,0.05,2026-09-10T22:58:21.299332+00:00,2026-09-09T21:18:23.195591+00:00
KXBTCD-26SEP0918-T78399.99,KXBTCD-26SEP0918,6,no,0.81,no,True,0.1899999999999999,2026-09-10T22:58:21.299390+00:00,2026-09-09T21:18:23.195822+00:00
KXBTCD-26SEP0918-T78499.99,KXBTCD-26SEP0918,5,no,0.99,no,True,0.01,2026-09-10T22:58:21.299447+00:00,2026-09-09T22:02:46.430183+00:00
KXBTCD-26SEP0919-T78299.99,KXBTCD-26SEP0919,7,no,0.92,no,True,0.0799999999999999,2026-09-10T22:58:21.299504+00:00,2026-09-09T22:17:42.794817+00:00
KXBTCD-26SEP0919-T78199.99,KXBTCD-26SEP0919,6,no,0.88,no,True,0.12,2026-09-10T22:58:21.299562+00:00,2026-09-09T22:17:42.794887+00:00
KXBTCD-26SEP0919-T77699.99,KXBTCD-26SEP0919,5,yes,0.76,yes,True,0.24,2026-09-10T22:58:21.299620+00:00,2026-09-09T22:17:42.794950+00:00
KXBTCD-26SEP0919-T77599.99,KXBTCD-26SEP0919,9,yes,0.85,yes,True,0.15,2026-09-10T22:58:21.299678+00:00,2026-09-09T22:17:42.794999+00:00
KXBTCD-26SEP0919-T77499.99,KXBTCD-26SEP0919,8,yes,0.92,yes,True,0.0799999999999999,2026-09-10T22:58:21.299736+00:00,2026-09-09T22:17:42.795046+00:00
KXBTCD-26SEP0919-T77399.99,KXBTCD-26SEP0919,10,yes,0.94,yes,True,0.06,2026-09-10T22:58:21.299793+00:00,2026-09-09T22:17:42.795093+00:00
KXBTCD-26SEP1017-T78499.99,KXBTCD-26SEP1017,7,no,0.64,no,True,0.36,2026-09-10T22:58:21.299850+00:00,2026-09-09T22:33:19.775410+00:00
KXBTCD-26SEP0919-T78499.99,KXBTCD-26SEP0919,10,no,0.98,no,True,0.02,2026-09-10T22:58:21.299907+00:00,2026-09-09T22:33:19.775536+00:00
KXBTCD-26SEP0920-T78499.99,KXBTCD-26SEP0920,8,no,0.96,no,True,0.04,2026-09-10T22:58:21.299991+00:00,2026-09-09T23:14:46.270793+00:00
KXBTCD-26SEP0920-T78399.99,KXBTCD-26SEP0920,9,no,0.89,no,True,0.1099999999999999,2026-09-10T22:58:21.300051+00:00,2026-09-09T23:14:46.270839+00:00
KXBTCD-26SEP0920-T77799.99,KXBTCD-26SEP0920,6,yes,0.94,yes,True,0.06,2026-09-10T22:58:21.300109+00:00,2026-09-09T23:14:46.270883+00:00
KXBTCD-26SEP0920-T77699.99,KXBTCD-26SEP0920,7,yes,0.97,yes,True,0.03,2026-09-10T22:58:21.300167+00:00,2026-09-09T23:14:46.270907+00:00
KXBTCD-26SEP0920-T77599.99,KXBTCD-26SEP0920,10,yes,0.98,yes,True,0.02,2026-09-10T22:58:21.300223+00:00,2026-09-09T23:14:46.270930+00:00
KXBTCD-26SEP0920-T78199.99,KXBTCD-26SEP0920,5,no,0.63,yes,False,-0.63,2026-09-10T22:58:21.300280+00:00,2026-09-09T23:17:42.242166+00:00
KXBTCD-26SEP0920-T77899.99,KXBTCD-26SEP0920,5,yes,0.96,yes,True,0.04,2026-09-10T22:58:21.300342+00:00,2026-09-09T23:32:50.699266+00:00
KXBTCD-26SEP1017-T76499.99,KXBTCD-26SEP1017,5,yes,0.9,yes,True,0.0999999999999999,2026-09-10T22:58:21.300401+00:00,2026-09-10T00:02:55.117326+00:00
KXBTCD-26SEP0921-T78799.99,KXBTCD-26SEP0921,10,no,0.98,no,True,0.02,2026-09-10T22:58:21.300458+00:00,2026-09-10T00:17:14.628107+00:00
KXBTCD-26SEP0921-T78699.99,KXBTCD-26SEP0921,8,no,0.97,no,True,0.03,2026-09-10T22:58:21.300515+00:00,2026-09-10T00:17:14.628172+00:00
KXBTCD-26SEP0921-T78599.99,KXBTCD-26SEP0921,6,no,0.95,no,True,0.05,2026-09-10T22:58:21.300572+00:00,2026-09-10T00:17:14.628219+00:00
KXBTCD-26SEP0921-T78099.99,KXBTCD-26SEP0921,5,yes,0.8,yes,True,0.1999999999999999,2026-09-10T22:58:21.300630+00:00,2026-09-10T00:17:14.628265+00:00
KXBTCD-26SEP0921-T77999.99,KXBTCD-26SEP0921,7,yes,0.91,yes,True,0.0899999999999999,2026-09-10T22:58:21.300688+00:00,2026-09-10T00:17:14.628309+00:00
KXBTCD-26SEP0921-T77899.99,KXBTCD-26SEP0921,9,yes,0.96,yes,True,0.04,2026-09-10T22:58:21.300746+00:00,2026-09-10T00:17:14.628352+00:00
KXBTCD-26SEP1017-T77499.99,KXBTCD-26SEP1017,5,yes,0.73,no,False,-0.73,2026-09-10T22:58:21.300804+00:00,2026-09-10T00:32:37.028863+00:00
KXBTCD-26SEP0921-T78499.99,KXBTCD-26SEP0921,5,no,0.89,no,True,0.1099999999999999,2026-09-10T22:58:21.300861+00:00,2026-09-10T00:32:37.028983+00:00
KXBTCD-26SEP0921-T77799.99,KXBTCD-26SEP0921,10,yes,0.99,yes,True,0.01,2026-09-10T22:58:21.300937+00:00,2026-09-10T00:47:33.280360+00:00
KXBTCD-26SEP0922-T78799.99,KXBTCD-26SEP0922,9,no,0.97,no,True,0.03,2026-09-10T22:58:21.301008+00:00,2026-09-10T01:05:47.270695+00:00
KXBTCD-26SEP0922-T78599.99,KXBTCD-26SEP0922,7,no,0.92,no,True,0.0799999999999999,2026-09-10T22:58:21.301068+00:00,2026-09-10T01:05:47.270759+00:00
KXBTCD-26SEP0922-T78499.99,KXBTCD-26SEP0922,10,no,0.85,no,True,0.15,2026-09-10T22:58:21.301125+00:00,2026-09-10T01:05:47.270799+00:00
KXBTCD-26SEP0922-T78399.99,KXBTCD-26SEP0922,8,no,0.74,no,True,0.26,2026-09-10T22:58:21.301189+00:00,2026-09-10T01:05:47.270835+00:00
KXBTCD-26SEP0922-T77799.99,KXBTCD-26SEP0922,6,yes,0.95,yes,True,0.05,2026-09-10T22:58:21.301248+00:00,2026-09-10T01:05:47.270896+00:00
KXBTCD-26SEP0922-T78099.99,KXBTCD-26SEP0922,5,yes,0.81,no,False,-0.81,2026-09-10T22:58:21.301317+00:00,2026-09-10T01:18:32.383925+00:00
KXBTCD-26SEP0922-T77999.99,KXBTCD-26SEP0922,7,yes,0.91,yes,True,0.0899999999999999,2026-09-10T22:58:21.301375+00:00,2026-09-10T01:18:32.383978+00:00
KXBTCD-26SEP0922-T77899.99,KXBTCD-26SEP0922,8,yes,0.95,yes,True,0.05,2026-09-10T22:58:21.301432+00:00,2026-09-10T01:18:32.384011+00:00
KXBTCD-26SEP0922-T78699.99,KXBTCD-26SEP0922,9,no,0.99,no,True,0.01,2026-09-10T22:58:21.301489+00:00,2026-09-10T01:32:01.347932+00:00
KXBTCD-26SEP0922-T77699.99,KXBTCD-26SEP0922,10,yes,0.98,yes,True,0.02,2026-09-10T22:58:21.301551+00:00,2026-09-10T01:46:45.798760+00:00
KXBTCD-26SEP0923-T78499.99,KXBTCD-26SEP0923,7,no,0.98,no,True,0.02,2026-09-10T22:58:21.301611+00:00,2026-09-10T02:16:44.349968+00:00
KXBTCD-26SEP0923-T78399.99,KXBTCD-26SEP0923,9,no,0.96,no,True,0.04,2026-09-10T22:58:21.301669+00:00,2026-09-10T02:16:44.350028+00:00
KXBTCD-26SEP0923-T78299.99,KXBTCD-26SEP0923,8,no,0.9,yes,False,-0.9,2026-09-10T22:58:21.301727+00:00,2026-09-10T02:16:44.350064+00:00
KXBTCD-26SEP0923-T77799.99,KXBTCD-26SEP0923,6,yes,0.85,yes,True,0.15,2026-09-10T22:58:21.301784+00:00,2026-09-10T02:16:44.350098+00:00
KXBTCD-26SEP0923-T77699.99,KXBTCD-26SEP0923,5,yes,0.94,yes,True,0.06,2026-09-10T22:58:21.301843+00:00,2026-09-10T02:16:44.350130+00:00
KXBTCD-26SEP0923-T77599.99,KXBTCD-26SEP0923,10,yes,0.97,yes,True,0.03,2026-09-10T22:58:21.301901+00:00,2026-09-10T02:16:44.350163+00:00
KXBTCD-26SEP1017-T76999.99,KXBTCD-26SEP1017,5,yes,0.82,yes,True,0.18,2026-09-10T22:58:21.302009+00:00,2026-09-10T02:46:56.164008+00:00
KXBTCD-26SEP0923-T77899.99,KXBTCD-26SEP0923,5,yes,0.99,yes,True,0.01,2026-09-10T22:58:21.302076+00:00,2026-09-10T03:02:04.983194+00:00
KXBTCD-26SEP1000-T78999.99,KXBTCD-26SEP1000,9,no,0.98,no,True,0.02,2026-09-10T22:58:21.302135+00:00,2026-09-10T03:16:59.719266+00:00
KXBTCD-26SEP1000-T78899.99,KXBTCD-26SEP1000,10,no,0.98,no,True,0.02,2026-09-10T22:58:21.302193+00:00,2026-09-10T03:16:59.719335+00:00
KXBTCD-26SEP1000-T78799.99,KXBTCD-26SEP1000,8,no,0.98,no,True,0.02,2026-09-10T22:58:21.302252+00:00,2026-09-10T03:16:59.719384+00:00
KXBTCD-26SEP1000-T78699.99,KXBTCD-26SEP1000,6,no,0.96,no,True,0.04,2026-09-10T22:58:21.302310+00:00,2026-09-10T03:16:59.719431+00:00
KXBTCD-26SEP1000-T78599.99,KXBTCD-26SEP1000,5,no,0.92,no,True,0.0799999999999999,2026-09-10T22:58:21.302368+00:00,2026-09-10T03:16:59.719497+00:00
KXBTCD-26SEP1000-T78099.99,KXBTCD-26SEP1000,7,yes,0.92,yes,True,0.0799999999999999,2026-09-10T22:58:21.302426+00:00,2026-09-10T03:16:59.719553+00:00
KXBTCD-26SEP1000-T77999.99,KXBTCD-26SEP1000,10,yes,0.97,yes,True,0.03,2026-09-10T22:58:21.302484+00:00,2026-09-10T03:31:52.704658+00:00
KXBTCD-26SEP1001-T78799.99,KXBTCD-26SEP1001,10,no,0.99,no,True,0.01,2026-09-10T22:58:21.302543+00:00,2026-09-10T04:17:47.237525+00:00
KXBTCD-26SEP1001-T78699.99,KXBTCD-26SEP1001,8,no,0.97,no,True,0.03,2026-09-10T22:58:21.302600+00:00,2026-09-10T04:17:47.237590+00:00
KXBTCD-26SEP1001-T78599.99,KXBTCD-26SEP1001,5,no,0.94,no,True,0.06,2026-09-10T22:58:21.302657+00:00,2026-09-10T04:17:47.237639+00:00
KXBTCD-26SEP1001-T78099.99,KXBTCD-26SEP1001,6,yes,0.9,yes,True,0.0999999999999999,2026-09-10T22:58:21.302719+00:00,2026-09-10T04:17:47.237685+00:00
KXBTCD-26SEP1001-T77999.99,KXBTCD-26SEP1001,7,yes,0.96,yes,True,0.04,2026-09-10T22:58:21.302781+00:00,2026-09-10T04:17:47.237729+00:00
KXBTCD-26SEP1001-T77899.99,KXBTCD-26SEP1001,9,yes,0.98,yes,True,0.02,2026-09-10T22:58:21.302839+00:00,2026-09-10T04:17:47.237773+00:00
KXBTCD-26SEP1017-T79499.99,KXBTCD-26SEP1017,5,no,0.79,no,True,0.2099999999999999,2026-09-10T22:58:21.302898+00:00,2026-09-10T05:56:51.784243+00:00
KXBTCD-26SEP1006-T78599.99,KXBTCD-26SEP1006,7,no,0.98,no,True,0.02,2026-09-10T22:58:21.302981+00:00,2026-09-10T09:18:12.525711+00:00
KXBTCD-26SEP1006-T78399.99,KXBTCD-26SEP1006,5,no,0.94,no,True,0.06,2026-09-10T22:58:21.303043+00:00,2026-09-10T09:18:12.525756+00:00
KXBTCD-26SEP1006-T77899.99,KXBTCD-26SEP1006,9,yes,0.93,yes,True,0.0699999999999999,2026-09-10T22:58:21.303102+00:00,2026-09-10T09:18:12.525787+00:00
KXBTCD-26SEP1006-T77799.99,KXBTCD-26SEP1006,10,yes,0.96,yes,True,0.04,2026-09-10T22:58:21.303167+00:00,2026-09-10T09:18:12.525812+00:00
KXBTCD-26SEP1006-T77699.99,KXBTCD-26SEP1006,6,yes,0.98,yes,True,0.02,2026-09-10T22:58:21.303227+00:00,2026-09-10T09:18:12.525836+00:00
KXBTCD-26SEP1006-T77599.99,KXBTCD-26SEP1006,8,yes,0.99,yes,True,0.01,2026-09-10T22:58:21.303284+00:00,2026-09-10T09:18:12.525859+00:00
KXBTCD-26SEP1006-T78299.99,KXBTCD-26SEP1006,5,no,0.99,no,True,0.01,2026-09-10T22:58:21.303342+00:00,2026-09-10T10:01:52.872323+00:00
KXBTCD-26SEP1007-T78399.99,KXBTCD-26SEP1007,9,no,0.98,no,True,0.02,2026-09-10T22:58:21.303401+00:00,2026-09-10T10:08:13.086582+00:00
KXBTCD-26SEP1007-T78299.99,KXBTCD-26SEP1007,10,no,0.95,no,True,0.05,2026-09-10T22:58:21.303459+00:00,2026-09-10T10:08:13.086653+00:00
KXBTCD-26SEP1007-T78199.99,KXBTCD-26SEP1007,5,no,0.87,no,True,0.13,2026-09-10T22:58:21.303518+00:00,2026-09-10T10:08:13.086705+00:00
KXBTCD-26SEP1007-T77699.99,KXBTCD-26SEP1007,6,yes,0.94,yes,True,0.06,2026-09-10T22:58:21.303576+00:00,2026-09-10T10:08:13.086755+00:00
KXBTCD-26SEP1007-T77599.99,KXBTCD-26SEP1007,8,yes,0.97,yes,True,0.03,2026-09-10T22:58:21.303639+00:00,2026-09-10T10:08:13.086828+00:00
KXBTCD-26SEP1007-T77499.99,KXBTCD-26SEP1007,7,yes,0.98,yes,True,0.02,2026-09-10T22:58:21.303698+00:00,2026-09-10T10:08:13.086882+00:00
KXBTCD-26SEP1008-T78199.99,KXBTCD-26SEP1008,9,no,0.93,no,True,0.0699999999999999,2026-09-10T22:58:21.303755+00:00,2026-09-10T11:18:30.939608+00:00
KXBTCD-26SEP1008-T78099.99,KXBTCD-26SEP1008,8,no,0.85,no,True,0.15,2026-09-10T22:58:21.303813+00:00,2026-09-10T11:18:30.939678+00:00
KXBTCD-26SEP1008-T77999.99,KXBTCD-26SEP1008,6,no,0.7,no,True,0.3,2026-09-10T22:58:21.303870+00:00,2026-09-10T11:18:30.939731+00:00
KXBTCD-26SEP1008-T77599.99,KXBTCD-26SEP1008,5,yes,0.9,yes,True,0.0999999999999999,2026-09-10T22:58:21.303950+00:00,2026-09-10T11:18:30.939779+00:00
KXBTCD-26SEP1008-T77399.99,KXBTCD-26SEP1008,7,yes,0.96,yes,True,0.04,2026-09-10T22:58:21.304016+00:00,2026-09-10T11:18:30.939827+00:00
KXBTCD-26SEP1008-T77299.99,KXBTCD-26SEP1008,10,yes,0.98,yes,True,0.02,2026-09-10T22:58:21.304075+00:00,2026-09-10T11:18:30.939875+00:00
KXBTCD-26SEP1008-T78299.99,KXBTCD-26SEP1008,10,no,0.96,no,True,0.04,2026-09-10T22:58:21.304133+00:00,2026-09-10T11:32:03.776105+00:00
KXBTCD-26SEP1008-T77499.99,KXBTCD-26SEP1008,6,yes,0.97,yes,True,0.03,2026-09-10T22:58:21.304190+00:00,2026-09-10T11:32:03.776275+00:00
KXBTCD-26SEP1009-T78199.99,KXBTCD-26SEP1009,7,no,0.97,no,True,0.03,2026-09-10T22:58:21.304248+00:00,2026-09-10T12:02:47.715398+00:00
KXBTCD-26SEP1009-T77899.99,KXBTCD-26SEP1009,8,no,0.66,no,True,0.3399999999999999,2026-09-10T22:58:21.304306+00:00,2026-09-10T12:02:47.715463+00:00
KXBTCD-26SEP1009-T77199.99,KXBTCD-26SEP1009,5,yes,0.92,no,False,-0.92,2026-09-10T22:58:21.304363+00:00,2026-09-10T12:02:47.715528+00:00
KXBTCD-26SEP1009-T78099.99,KXBTCD-26SEP1009,9,no,0.78,no,True,0.2199999999999999,2026-09-10T22:58:21.304420+00:00,2026-09-10T12:31:48.673347+00:00
KXBTCD-26SEP1009-T77999.99,KXBTCD-26SEP1009,6,no,0.65,no,True,0.35,2026-09-10T22:58:21.304477+00:00,2026-09-10T12:31:48.673391+00:00
KXBTCD-26SEP1009-T77499.99,KXBTCD-26SEP1009,5,yes,0.87,no,False,-0.87,2026-09-10T22:58:21.304535+00:00,2026-09-10T12:31:48.673418+00:00
KXBTCD-26SEP1009-T77399.99,KXBTCD-26SEP1009,7,yes,0.9,no,False,-0.9,2026-09-10T22:58:21.304591+00:00,2026-09-10T12:31:48.673444+00:00
KXBTCD-26SEP1009-T77299.99,KXBTCD-26SEP1009,10,yes,0.92,no,False,-0.92,2026-09-10T22:58:21.304648+00:00,2026-09-10T12:31:48.673469+00:00
KXBTCD-26SEP1010-T77099.99,KXBTCD-26SEP1010,8,no,0.67,yes,False,-0.67,2026-09-10T22:58:21.304704+00:00,2026-09-10T13:03:34.528301+00:00
KXBTCD-26SEP1010-T76599.99,KXBTCD-26SEP1010,7,yes,0.74,yes,True,0.26,2026-09-10T22:58:21.304761+00:00,2026-09-10T13:03:34.528410+00:00
KXBTCD-26SEP1010-T76499.99,KXBTCD-26SEP1010,5,yes,0.81,yes,True,0.1899999999999999,2026-09-10T22:58:21.304818+00:00,2026-09-10T13:03:34.528459+00:00
KXBTCD-26SEP1010-T77299.99,KXBTCD-26SEP1010,8,no,0.84,no,True,0.16,2026-09-10T22:58:21.304900+00:00,2026-09-10T13:17:36.671457+00:00
KXBTCD-26SEP1010-T76699.99,KXBTCD-26SEP1010,5,yes,0.61,yes,True,0.39,2026-09-10T22:58:21.304982+00:00,2026-09-10T13:17:36.671564+00:00
KXBTCD-26SEP1010-T76399.99,KXBTCD-26SEP1010,9,yes,0.83,yes,True,0.17,2026-09-10T22:58:21.305048+00:00,2026-09-10T13:17:36.671674+00:00
KXBTCD-26SEP1010-T77199.99,KXBTCD-26SEP1010,8,no,0.78,no,True,0.2199999999999999,2026-09-10T22:58:21.305111+00:00,2026-09-10T13:33:12.749838+00:00
KXBTCD-26SEP1010-T77399.99,KXBTCD-26SEP1010,10,no,0.99,no,True,0.01,2026-09-10T22:58:21.305171+00:00,2026-09-10T14:02:01.335113+00:00
KXBTCD-26SEP1010-T76799.99,KXBTCD-26SEP1010,5,yes,0.99,yes,True,0.01,2026-09-10T22:58:21.305229+00:00,2026-09-10T14:02:01.335219+00:00
KXBTCD-26SEP1011-T77999.99,KXBTCD-26SEP1011,10,no,0.98,no,True,0.02,2026-09-10T22:58:21.305297+00:00,2026-09-10T14:17:57.793705+00:00
KXBTCD-26SEP1011-T77499.99,KXBTCD-26SEP1011,9,no,0.89,no,True,0.1099999999999999,2026-09-10T22:58:21.305355+00:00,2026-09-10T14:17:57.793774+00:00
KXBTCD-26SEP1011-T77299.99,KXBTCD-26SEP1011,7,no,0.76,yes,False,-0.76,2026-09-10T22:58:21.305412+00:00,2026-09-10T14:17:57.793826+00:00
KXBTCD-26SEP1011-T77199.99,KXBTCD-26SEP1011,6,no,0.67,yes,False,-0.67,2026-09-10T22:58:21.305474+00:00,2026-09-10T14:17:57.793898+00:00
KXBTCD-26SEP1011-T76799.99,KXBTCD-26SEP1011,8,yes,0.76,yes,True,0.24,2026-09-10T22:58:21.305533+00:00,2026-09-10T14:17:57.793952+00:00
KXBTCD-26SEP1011-T76699.99,KXBTCD-26SEP1011,5,yes,0.84,yes,True,0.16,2026-09-10T22:58:21.305590+00:00,2026-09-10T14:17:57.793998+00:00
KXBTCD-26SEP1011-T77399.99,KXBTCD-26SEP1011,7,no,0.86,no,True,0.14,2026-09-10T22:58:21.305647+00:00,2026-09-10T14:23:58.526021+00:00
KXBTCD-26SEP1011-T77699.99,KXBTCD-26SEP1011,10,no,0.93,no,True,0.0699999999999999,2026-09-10T22:58:21.305705+00:00,2026-09-10T14:33:08.297159+00:00
KXBTCD-26SEP1011-T76399.99,KXBTCD-26SEP1011,5,yes,0.98,yes,True,0.02,2026-09-10T22:58:21.305762+00:00,2026-09-10T14:33:08.297373+00:00
KXBTCD-26SEP1012-T77799.99,KXBTCD-26SEP1012,5,no,0.88,no,True,0.12,2026-09-10T22:58:21.305819+00:00,2026-09-10T15:02:52.512330+00:00
KXBTCD-26SEP1012-T77899.99,KXBTCD-26SEP1012,9,no,0.98,no,True,0.02,2026-09-10T22:58:21.305877+00:00,2026-09-10T15:16:58.206061+00:00
KXBTCD-26SEP1012-T77599.99,KXBTCD-26SEP1012,10,no,0.87,no,True,0.13,2026-09-10T22:58:21.305954+00:00,2026-09-10T15:16:58.206125+00:00
KXBTCD-26SEP1012-T77499.99,KXBTCD-26SEP1012,8,no,0.76,no,True,0.24,2026-09-10T22:58:21.306017+00:00,2026-09-10T15:16:58.206166+00:00
KXBTCD-26SEP1012-T77399.99,KXBTCD-26SEP1012,5,no,0.61,no,True,0.39,2026-09-10T22:58:21.306075+00:00,2026-09-10T15:16:58.206202+00:00
KXBTCD-26SEP1012-T76899.99,KXBTCD-26SEP1012,6,yes,0.94,yes,True,0.06,2026-09-10T22:58:21.306133+00:00,2026-09-10T15:16:58.206235+00:00
KXBTCD-26SEP1012-T76599.99,KXBTCD-26SEP1012,7,yes,0.99,yes,True,0.01,2026-09-10T22:58:21.306197+00:00,2026-09-10T15:16:58.206266+00:00
KXBTCD-26SEP1012-T76799.99,KXBTCD-26SEP1012,10,yes,0.91,yes,True,0.0899999999999999,2026-09-10T22:58:21.306256+00:00,2026-09-10T15:32:57.535694+00:00
KXBTCD-26SEP1012-T76999.99,KXBTCD-26SEP1012,5,yes,0.92,yes,True,0.0799999999999999,2026-09-10T22:58:21.306317+00:00,2026-09-10T15:48:40.974436+00:00
KXBTCD-26SEP1013-T77499.99,KXBTCD-26SEP1013,9,no,0.96,no,True,0.04,2026-09-10T22:58:21.306376+00:00,2026-09-10T16:16:56.791176+00:00
KXBTCD-26SEP1013-T77399.99,KXBTCD-26SEP1013,10,no,0.93,no,True,0.0699999999999999,2026-09-10T22:58:21.306434+00:00,2026-09-10T16:16:56.791252+00:00
KXBTCD-26SEP1013-T77299.99,KXBTCD-26SEP1013,7,no,0.9,no,True,0.0999999999999999,2026-09-10T22:58:21.306491+00:00,2026-09-10T16:16:56.791305+00:00
KXBTCD-26SEP1013-T77099.99,KXBTCD-26SEP1013,5,no,0.71,yes,False,-0.71,2026-09-10T22:58:21.306549+00:00,2026-09-10T16:16:56.791354+00:00
KXBTCD-26SEP1013-T76699.99,KXBTCD-26SEP1013,6,yes,0.86,yes,True,0.14,2026-09-10T22:58:21.306607+00:00,2026-09-10T16:16:56.791402+00:00
KXBTCD-26SEP1013-T76499.99,KXBTCD-26SEP1013,8,yes,0.95,yes,True,0.05,2026-09-10T22:58:21.306665+00:00,2026-09-10T16:16:56.791448+00:00
KXBTCD-26SEP1013-T76599.99,KXBTCD-26SEP1013,9,yes,0.93,yes,True,0.0699999999999999,2026-09-10T22:58:21.306724+00:00,2026-09-10T16:33:08.564358+00:00
KXBTCD-26SEP1013-T77199.99,KXBTCD-26SEP1013,6,no,0.91,no,True,0.0899999999999999,2026-09-10T22:58:21.306781+00:00,2026-09-10T16:46:44.976111+00:00
KXBTCD-26SEP1013-T76799.99,KXBTCD-26SEP1013,5,yes,0.99,yes,True,0.01,2026-09-10T22:58:21.306839+00:00,2026-09-10T17:02:05.870167+00:00
KXBTCD-26SEP1014-T77599.99,KXBTCD-26SEP1014,8,no,0.96,no,True,0.04,2026-09-10T22:58:21.306896+00:00,2026-09-10T17:16:52.079287+00:00
KXBTCD-26SEP1014-T77499.99,KXBTCD-26SEP1014,7,no,0.94,no,True,0.06,2026-09-10T22:58:21.306982+00:00,2026-09-10T17:16:52.079349+00:00
KXBTCD-26SEP1014-T77399.99,KXBTCD-26SEP1014,6,no,0.87,no,True,0.13,2026-09-10T22:58:21.307045+00:00,2026-09-10T17:16:52.079389+00:00
KXBTCD-26SEP1014-T76899.99,KXBTCD-26SEP1014,5,yes,0.87,yes,True,0.13,2026-09-10T22:58:21.307104+00:00,2026-09-10T17:16:52.079424+00:00
KXBTCD-26SEP1014-T76799.99,KXBTCD-26SEP1014,9,yes,0.93,yes,True,0.0699999999999999,2026-09-10T22:58:21.307162+00:00,2026-09-10T17:16:52.079457+00:00
KXBTCD-26SEP1014-T76699.99,KXBTCD-26SEP1014,10,yes,0.96,yes,True,0.04,2026-09-10T22:58:21.307220+00:00,2026-09-10T17:16:52.079506+00:00
KXBTCD-26SEP1014-T77699.99,KXBTCD-26SEP1014,10,no,0.99,no,True,0.01,2026-09-10T22:58:21.307276+00:00,2026-09-10T17:46:50.545623+00:00
KXBTCD-26SEP1014-T76999.99,KXBTCD-26SEP1014,6,yes,0.98,yes,True,0.02,2026-09-10T22:58:21.307334+00:00,2026-09-10T17:46:50.545732+00:00
KXBTCD-26SEP1017-T76749.99,KXBTCD-26SEP1017,10,yes,0.89,yes,True,0.1099999999999999,2026-09-10T22:58:21.307391+00:00,2026-09-10T17:46:50.545903+00:00
KXBTCD-26SEP1015-T77499.99,KXBTCD-26SEP1015,9,no,0.97,no,True,0.03,2026-09-10T22:58:21.307452+00:00,2026-09-10T18:16:54.016670+00:00
KXBTCD-26SEP1015-T77399.99,KXBTCD-26SEP1015,7,no,0.95,no,True,0.05,2026-09-10T22:58:21.307511+00:00,2026-09-10T18:16:54.016742+00:00
KXBTCD-26SEP1015-T77299.99,KXBTCD-26SEP1015,5,no,0.9,no,True,0.0999999999999999,2026-09-10T22:58:21.307568+00:00,2026-09-10T18:16:54.016794+00:00
KXBTCD-26SEP1015-T76799.99,KXBTCD-26SEP1015,6,yes,0.81,yes,True,0.1899999999999999,2026-09-10T22:58:21.307625+00:00,2026-09-10T18:16:54.016842+00:00
KXBTCD-26SEP1015-T76699.99,KXBTCD-26SEP1015,8,yes,0.89,yes,True,0.1099999999999999,2026-09-10T22:58:21.307683+00:00,2026-09-10T18:16:54.016890+00:00
KXBTCD-26SEP1015-T76599.99,KXBTCD-26SEP1015,10,yes,0.94,yes,True,0.06,2026-09-10T22:58:21.307740+00:00,2026-09-10T18:16:54.016940+00:00
KXBTCD-26SEP1016-T77699.99,KXBTCD-26SEP1016,10,no,0.99,no,True,0.01,2026-09-10T22:58:21.307797+00:00,2026-09-10T19:18:44.560851+00:00
KXBTCD-26SEP1016-T77599.99,KXBTCD-26SEP1016,9,no,0.98,no,True,0.02,2026-09-10T22:58:21.307866+00:00,2026-09-10T19:18:44.560890+00:00
KXBTCD-26SEP1016-T77499.99,KXBTCD-26SEP1016,7,no,0.95,no,True,0.05,2026-09-10T22:58:21.307942+00:00,2026-09-10T19:18:44.560910+00:00
KXBTCD-26SEP1016-T77399.99,KXBTCD-26SEP1016,6,no,0.89,no,True,0.1099999999999999,2026-09-10T22:58:21.308006+00:00,2026-09-10T19:18:44.560928+00:00
KXBTCD-26SEP1016-T77299.99,KXBTCD-26SEP1016,5,no,0.78,no,True,0.2199999999999999,2026-09-10T22:58:21.308064+00:00,2026-09-10T19:18:44.560945+00:00
KXBTCD-26SEP1016-T76799.99,KXBTCD-26SEP1016,8,yes,0.95,yes,True,0.05,2026-09-10T22:58:21.308121+00:00,2026-09-10T19:18:44.560962+00:00
KXBTCD-26SEP1016-T76899.99,KXBTCD-26SEP1016,6,yes,0.93,yes,True,0.0699999999999999,2026-09-10T22:58:21.308178+00:00,2026-09-10T19:32:52.016675+00:00
KXBTCD-26SEP1016-T76699.99,KXBTCD-26SEP1016,10,yes,0.98,yes,True,0.02,2026-09-10T22:58:21.308235+00:00,2026-09-10T19:32:52.016731+00:00
KXBTCD-26SEP1017-T78249.99,KXBTCD-26SEP1017,5,no,0.99,no,True,0.01,2026-09-10T22:58:21.308292+00:00,2026-09-10T20:17:58.262516+00:00
KXBTCD-26SEP1018-T77699.99,KXBTCD-26SEP1018,10,no,0.99,no,True,0.01,2026-09-10T22:58:21.308349+00:00,2026-09-10T21:18:19.356143+00:00
KXBTCD-26SEP1018-T77599.99,KXBTCD-26SEP1018,7,no,0.97,no,True,0.03,2026-09-10T22:58:21.308407+00:00,2026-09-10T21:18:19.356205+00:00
KXBTCD-26SEP1018-T77499.99,KXBTCD-26SEP1018,5,no,0.96,no,True,0.04,2026-09-10T22:58:21.308464+00:00,2026-09-10T21:18:19.356236+00:00
KXBTCD-26SEP1018-T76999.99,KXBTCD-26SEP1018,6,yes,0.94,yes,True,0.06,2026-09-10T22:58:21.308520+00:00,2026-09-10T21:18:19.356264+00:00
KXBTCD-26SEP1018-T76899.99,KXBTCD-26SEP1018,8,yes,0.98,yes,True,0.02,2026-09-10T22:58:21.308577+00:00,2026-09-10T21:18:19.356290+00:00
KXBTCD-26SEP1018-T76799.99,KXBTCD-26SEP1018,9,yes,0.99,yes,True,0.01,2026-09-10T22:58:21.308638+00:00,2026-09-10T21:18:19.356318+00:00
KXBTCD-26SEP1018-T77399.99,KXBTCD-26SEP1018,5,no,0.99,no,True,0.01,2026-09-10T22:58:21.308701+00:00,2026-09-10T21:47:38.314618+00:00
KXBTCD-26SEP1019-T77499.99,KXBTCD-26SEP1019,8,no,0.99,no,True,0.01,2026-09-10T23:15:18.478400+00:00,2026-09-10T22:18:49.526809+00:00
KXBTCD-26SEP1019-T77399.99,KXBTCD-26SEP1019,6,no,0.95,no,True,0.05,2026-09-10T23:15:18.478482+00:00,2026-09-10T22:18:49.526903+00:00
KXBTCD-26SEP1019-T76899.99,KXBTCD-26SEP1019,5,yes,0.92,no,False,-0.92,2026-09-10T23:15:18.478546+00:00,2026-09-10T22:18:49.526955+00:00
KXBTCD-26SEP1019-T76799.99,KXBTCD-26SEP1019,7,yes,0.97,yes,True,0.03,2026-09-10T23:15:18.478638+00:00,2026-09-10T22:18:49.527003+00:00
KXBTCD-26SEP1019-T76699.99,KXBTCD-26SEP1019,9,yes,0.99,yes,True,0.01,2026-09-10T23:15:18.478702+00:00,2026-09-10T22:18:49.527050+00:00
KXBTCD-26SEP1019-T70099.99,KXBTCD-26SEP1019,10,yes,0.99,yes,True,0.01,2026-09-10T23:15:18.478765+00:00,2026-09-10T22:18:49.527095+00:00
KXBTCD-26SEP1019-T77299.99,KXBTCD-26SEP1019,6,no,0.99,no,True,0.01,2026-09-10T23:15:18.478826+00:00,2026-09-10T22:48:36.742723+00:00
KXBTCD-26SEP1019-T76599.99,KXBTCD-26SEP1019,9,yes,0.98,yes,True,0.02,2026-09-10T23:15:18.478888+00:00,2026-09-10T22:48:36.742819+00:00
KXBTCD-26SEP1019-T77199.99,KXBTCD-26SEP1019,5,no,0.99,no,True,0.01,2026-09-10T23:15:18.478949+00:00,2026-09-10T22:58:21.321679+00:00
KXBTCD-26SEP1020-T77199.99,KXBTCD-26SEP1020,9,no,0.97,no,True,0.03,2026-09-11T00:15:25.533041+00:00,2026-09-10T23:15:18.485843+00:00
KXBTCD-26SEP1020-T77099.99,KXBTCD-26SEP1020,8,no,0.95,no,True,0.05,2026-09-11T00:15:25.533119+00:00,2026-09-10T23:15:18.485903+00:00
KXBTCD-26SEP1020-T76999.99,KXBTCD-26SEP1020,5,no,0.93,no,True,0.0699999999999999,2026-09-11T00:15:25.533183+00:00,2026-09-10T23:15:18.485956+00:00
KXBTCD-26SEP1020-T76399.99,KXBTCD-26SEP1020,7,yes,0.71,yes,True,0.29,2026-09-11T00:15:25.533247+00:00,2026-09-10T23:15:18.486042+00:00
KXBTCD-26SEP1020-T76299.99,KXBTCD-26SEP1020,10,yes,0.81,yes,True,0.1899999999999999,2026-09-11T00:15:25.533335+00:00,2026-09-10T23:15:18.486089+00:00
KXBTCD-26SEP1020-T76899.99,KXBTCD-26SEP1020,5,no,0.79,no,True,0.2099999999999999,2026-09-11T00:15:25.533401+00:00,2026-09-10T23:30:22.390780+00:00
KXBTCD-26SEP1021-T77199.99,KXBTCD-26SEP1021,10,no,0.94,no,True,0.06,2026-09-11T01:15:17.776127+00:00,2026-09-11T00:15:25.540198+00:00
KXBTCD-26SEP1021-T76999.99,KXBTCD-26SEP1021,6,no,0.79,no,True,0.2099999999999999,2026-09-11T01:15:17.776207+00:00,2026-09-11T00:15:25.540259+00:00
KXBTCD-26SEP1021-T76499.99,KXBTCD-26SEP1021,5,yes,0.87,yes,True,0.13,2026-09-11T01:15:17.776273+00:00,2026-09-11T00:15:25.540342+00:00
KXBTCD-26SEP1021-T76399.99,KXBTCD-26SEP1021,7,yes,0.93,yes,True,0.0699999999999999,2026-09-11T01:15:17.776337+00:00,2026-09-11T00:15:25.540395+00:00
KXBTCD-26SEP1021-T76299.99,KXBTCD-26SEP1021,9,yes,0.95,yes,True,0.05,2026-09-11T01:15:17.776401+00:00,2026-09-11T00:15:25.540443+00:00
KXBTCD-26SEP1021-T76199.99,KXBTCD-26SEP1021,8,yes,0.97,yes,True,0.03,2026-09-11T01:15:17.776464+00:00,2026-09-11T00:15:25.540492+00:00
KXBTCD-26SEP1021-T77099.99,KXBTCD-26SEP1021,10,no,0.89,no,True,0.1099999999999999,2026-09-11T01:15:17.776527+00:00,2026-09-11T00:23:43.607772+00:00
KXBTCD-26SEP1022-T77499.99,KXBTCD-26SEP1022,10,no,0.99,no,True,0.01,2026-09-11T02:15:25.099109+00:00,2026-09-11T01:15:17.783302+00:00
KXBTCD-26SEP1022-T77299.99,KXBTCD-26SEP1022,8,no,0.97,no,True,0.03,2026-09-11T02:15:25.099185+00:00,2026-09-11T01:15:17.783365+00:00
KXBTCD-26SEP1022-T77199.99,KXBTCD-26SEP1022,5,no,0.94,no,True,0.06,2026-09-11T02:15:25.099248+00:00,2026-09-11T01:15:17.783419+00:00
KXBTCD-26SEP1022-T77099.99,KXBTCD-26SEP1022,6,no,0.86,no,True,0.14,2026-09-11T02:15:25.099310+00:00,2026-09-11T01:15:17.783470+00:00
KXBTCD-26SEP1022-T76599.99,KXBTCD-26SEP1022,7,yes,0.92,yes,True,0.0799999999999999,2026-09-11T02:15:25.099399+00:00,2026-09-11T01:15:17.783519+00:00
KXBTCD-26SEP1022-T76499.99,KXBTCD-26SEP1022,9,yes,0.96,yes,True,0.04,2026-09-11T02:15:25.099465+00:00,2026-09-11T01:15:17.783567+00:00
KXBTCD-26SEP1022-T76399.99,KXBTCD-26SEP1022,10,yes,0.97,yes,True,0.03,2026-09-11T02:15:25.099527+00:00,2026-09-11T01:30:24.003950+00:00
KXBTCD-26SEP1023-T77499.99,KXBTCD-26SEP1023,9,no,0.98,no,True,0.02,2026-09-11T03:15:22.803493+00:00,2026-09-11T02:15:25.106229+00:00
KXBTCD-26SEP1023-T77299.99,KXBTCD-26SEP1023,8,no,0.91,no,True,0.0899999999999999,2026-09-11T03:15:22.803545+00:00,2026-09-11T02:15:25.106291+00:00
KXBTCD-26SEP1023-T77199.99,KXBTCD-26SEP1023,7,no,0.83,no,True,0.17,2026-09-11T03:15:22.803577+00:00,2026-09-11T02:15:25.106368+00:00
KXBTCD-26SEP1023-T77099.99,KXBTCD-26SEP1023,6,no,0.73,no,True,0.27,2026-09-11T03:15:22.803607+00:00,2026-09-11T02:15:25.106427+00:00
KXBTCD-26SEP1023-T76699.99,KXBTCD-26SEP1023,5,yes,0.85,yes,True,0.15,2026-09-11T03:15:22.803635+00:00,2026-09-11T02:15:25.106477+00:00
KXBTCD-26SEP1023-T76499.99,KXBTCD-26SEP1023,10,yes,0.95,yes,True,0.05,2026-09-11T03:15:22.803663+00:00,2026-09-11T02:15:25.106526+00:00
KXBTCD-26SEP1023-T76599.99,KXBTCD-26SEP1023,5,yes,0.87,yes,True,0.13,2026-09-11T03:15:22.803690+00:00,2026-09-11T02:30:21.818602+00:00
KXBTCD-26SEP1023-T77399.99,KXBTCD-26SEP1023,10,no,0.99,no,True,0.01,2026-09-11T03:15:22.803718+00:00,2026-09-11T02:45:19.552792+00:00
KXBTCD-26SEP1100-T77199.99,KXBTCD-26SEP1100,10,no,0.92,no,True,0.0799999999999999,2026-09-11T04:15:19.534754+00:00,2026-09-11T03:15:22.808615+00:00
KXBTCD-26SEP1100-T77099.99,KXBTCD-26SEP1100,8,no,0.86,no,True,0.14,2026-09-11T04:15:19.534833+00:00,2026-09-11T03:15:22.808653+00:00
KXBTCD-26SEP1100-T76999.99,KXBTCD-26SEP1100,6,no,0.75,no,True,0.25,2026-09-11T04:15:19.534896+00:00,2026-09-11T03:15:22.808682+00:00
KXBTCD-26SEP1100-T76499.99,KXBTCD-26SEP1100,5,yes,0.91,yes,True,0.0899999999999999,2026-09-11T04:15:19.534959+00:00,2026-09-11T03:15:22.808708+00:00
KXBTCD-26SEP1100-T76399.99,KXBTCD-26SEP1100,9,yes,0.95,yes,True,0.05,2026-09-11T04:15:19.535021+00:00,2026-09-11T03:15:22.808734+00:00
KXBTCD-26SEP1100-T76299.99,KXBTCD-26SEP1100,7,yes,0.97,yes,True,0.03,2026-09-11T04:15:19.535083+00:00,2026-09-11T03:15:22.808785+00:00
KXBTCD-26SEP1101-T77399.99,KXBTCD-26SEP1101,10,no,0.97,no,True,0.03,2026-09-11T05:15:21.066023+00:00,2026-09-11T04:15:19.542004+00:00
KXBTCD-26SEP1101-T77299.99,KXBTCD-26SEP1101,9,no,0.96,no,True,0.04,2026-09-11T05:15:21.066072+00:00,2026-09-11T04:15:19.542067+00:00
KXBTCD-26SEP1101-T77199.99,KXBTCD-26SEP1101,8,no,0.91,no,True,0.0899999999999999,2026-09-11T05:15:21.066105+00:00,2026-09-11T04:15:19.542118+00:00
KXBTCD-26SEP1101-T77099.99,KXBTCD-26SEP1101,5,no,0.8,no,True,0.1999999999999999,2026-09-11T05:15:21.066136+00:00,2026-09-11T04:15:19.542169+00:00
KXBTCD-26SEP1101-T76599.99,KXBTCD-26SEP1101,6,yes,0.96,yes,True,0.04,2026-09-11T05:15:21.066166+00:00,2026-09-11T04:15:19.542218+00:00
KXBTCD-26SEP1101-T76499.99,KXBTCD-26SEP1101,7,yes,0.98,yes,True,0.02,2026-09-11T05:15:21.066195+00:00,2026-09-11T04:15:19.542267+00:00
KXBTCD-26SEP1101-T76799.99,KXBTCD-26SEP1101,5,yes,0.97,yes,True,0.03,2026-09-11T05:15:21.066223+00:00,2026-09-11T04:30:24.845639+00:00
KXBTCD-26SEP1101-T76699.99,KXBTCD-26SEP1101,6,yes,0.98,yes,True,0.02,2026-09-11T05:15:21.066256+00:00,2026-09-11T04:30:24.845705+00:00
KXBTCD-26SEP1102-T77499.99,KXBTCD-26SEP1102,9,no,0.98,no,True,0.02,2026-09-11T06:15:22.449878+00:00,2026-09-11T05:15:21.071131+00:00
KXBTCD-26SEP1102-T77399.99,KXBTCD-26SEP1102,7,no,0.95,no,True,0.05,2026-09-11T06:15:22.449923+00:00,2026-09-11T05:15:21.071169+00:00
KXBTCD-26SEP1102-T76899.99,KXBTCD-26SEP1102,5,yes,0.9,yes,True,0.0999999999999999,2026-09-11T06:15:22.449945+00:00,2026-09-11T05:15:21.071200+00:00
KXBTCD-26SEP1102-T76799.99,KXBTCD-26SEP1102,6,yes,0.96,yes,True,0.04,2026-09-11T06:15:22.449966+00:00,2026-09-11T05:15:21.071226+00:00
KXBTCD-26SEP1102-T76699.99,KXBTCD-26SEP1102,8,yes,0.99,yes,True,0.01,2026-09-11T06:15:22.449985+00:00,2026-09-11T05:15:21.071251+00:00
KXBTCD-26SEP1102-T76599.99,KXBTCD-26SEP1102,10,yes,0.99,yes,True,0.01,2026-09-11T06:15:22.450025+00:00,2026-09-11T05:15:21.071276+00:00
KXBTCD-26SEP1102-T76499.99,KXBTCD-26SEP1102,10,yes,0.99,yes,True,0.01,2026-09-11T06:15:22.450047+00:00,2026-09-11T05:30:21.399045+00:00
KXBTCD-26SEP1103-T77799.99,KXBTCD-26SEP1103,9,no,0.98,no,True,0.02,2026-09-11T07:15:18.284089+00:00,2026-09-11T06:15:22.454178+00:00
KXBTCD-26SEP1103-T77699.99,KXBTCD-26SEP1103,10,no,0.96,no,True,0.04,2026-09-11T07:15:18.284178+00:00,2026-09-11T06:15:22.454211+00:00
KXBTCD-26SEP1103-T77599.99,KXBTCD-26SEP1103,6,no,0.9,no,True,0.0999999999999999,2026-09-11T07:15:18.284243+00:00,2026-09-11T06:15:22.454232+00:00
KXBTCD-26SEP1103-T77499.99,KXBTCD-26SEP1103,5,no,0.78,no,True,0.2199999999999999,2026-09-11T07:15:18.284311+00:00,2026-09-11T06:15:22.454252+00:00
KXBTCD-26SEP1103-T76999.99,KXBTCD-26SEP1103,7,yes,0.97,yes,True,0.03,2026-09-11T07:15:18.284376+00:00,2026-09-11T06:15:22.454271+00:00
KXBTCD-26SEP1103-T76899.99,KXBTCD-26SEP1103,8,yes,0.99,yes,True,0.01,2026-09-11T07:15:18.284439+00:00,2026-09-11T06:15:22.454288+00:00
KXBTCD-26SEP1104-T77699.99,KXBTCD-26SEP1104,8,no,0.99,no,True,0.01,2026-09-11T08:15:22.913100+00:00,2026-09-11T07:15:18.291447+00:00
KXBTCD-26SEP1104-T77599.99,KXBTCD-26SEP1104,6,no,0.98,no,True,0.02,2026-09-11T08:15:22.913156+00:00,2026-09-11T07:15:18.291509+00:00
KXBTCD-26SEP1104-T77099.99,KXBTCD-26SEP1104,5,yes,0.92,yes,True,0.0799999999999999,2026-09-11T08:15:22.913202+00:00,2026-09-11T07:15:18.291561+00:00
KXBTCD-26SEP1104-T76999.99,KXBTCD-26SEP1104,7,yes,0.97,yes,True,0.03,2026-09-11T08:15:22.913239+00:00,2026-09-11T07:15:18.291612+00:00
KXBTCD-26SEP1104-T76899.99,KXBTCD-26SEP1104,9,yes,0.98,yes,True,0.02,2026-09-11T08:15:22.913271+00:00,2026-09-11T07:15:18.291661+00:00
KXBTCD-26SEP1104-T76799.99,KXBTCD-26SEP1104,10,yes,0.99,yes,True,0.01,2026-09-11T08:15:22.913302+00:00,2026-09-11T07:15:18.291709+00:00
KXBTCD-26SEP1104-T77499.99,KXBTCD-26SEP1104,5,no,0.97,no,True,0.03,2026-09-11T08:15:22.913331+00:00,2026-09-11T07:30:19.308528+00:00
KXBTCD-26SEP1104-T68599.99,KXBTCD-26SEP1104,10,yes,0.99,yes,True,0.01,2026-09-11T08:15:22.913366+00:00,2026-09-11T07:30:19.308607+00:00
KXBTCD-26SEP1105-T77599.99,KXBTCD-26SEP1105,9,no,0.99,no,True,0.01,2026-09-11T09:15:19.545320+00:00,2026-09-11T08:15:22.918223+00:00
KXBTCD-26SEP1105-T77499.99,KXBTCD-26SEP1105,7,no,0.98,no,True,0.02,2026-09-11T09:15:19.545407+00:00,2026-09-11T08:15:22.918264+00:00
KXBTCD-26SEP1105-T77399.99,KXBTCD-26SEP1105,5,no,0.96,no,True,0.04,2026-09-11T09:15:19.545471+00:00,2026-09-11T08:15:22.918295+00:00
KXBTCD-26SEP1105-T76899.99,KXBTCD-26SEP1105,6,yes,0.97,yes,True,0.03,2026-09-11T09:15:19.545534+00:00,2026-09-11T08:15:22.918322+00:00
KXBTCD-26SEP1105-T76799.99,KXBTCD-26SEP1105,8,yes,0.98,yes,True,0.02,2026-09-11T09:15:19.545598+00:00,2026-09-11T08:15:22.918348+00:00
KXBTCD-26SEP1105-T76699.99,KXBTCD-26SEP1105,10,yes,0.99,yes,True,0.01,2026-09-11T09:15:19.545659+00:00,2026-09-11T08:15:22.918374+00:00
KXBTCD-26SEP1105-T77699.99,KXBTCD-26SEP1105,10,no,0.98,no,True,0.02,2026-09-11T09:15:19.545720+00:00,2026-09-11T08:30:24.086496+00:00
KXBTCD-26SEP1105-T76999.99,KXBTCD-26SEP1105,6,yes,0.99,yes,True,0.01,2026-09-11T09:15:19.545781+00:00,2026-09-11T08:45:20.745884+00:00
KXBTCD-26SEP1106-T77399.99,KXBTCD-26SEP1106,5,no,0.69,no,True,0.31,2026-09-11T10:15:21.095800+00:00,2026-09-11T09:00:29.436558+00:00
KXBTCD-26SEP1106-T77299.99,KXBTCD-26SEP1106,6,yes,0.62,no,False,-0.62,2026-09-11T10:15:21.095870+00:00,2026-09-11T09:00:29.436627+00:00
KXBTCD-26SEP1106-T77799.99,KXBTCD-26SEP1106,9,no,0.99,no,True,0.01,2026-09-11T10:15:21.095932+00:00,2026-09-11T09:15:19.552812+00:00
KXBTCD-26SEP1106-T77699.99,KXBTCD-26SEP1106,6,no,0.99,no,True,0.01,2026-09-11T10:15:21.095981+00:00,2026-09-11T09:15:19.552875+00:00
KXBTCD-26SEP1106-T77599.99,KXBTCD-26SEP1106,7,no,0.97,no,True,0.03,2026-09-11T10:15:21.096029+00:00,2026-09-11T09:15:19.552929+00:00
KXBTCD-26SEP1106-T77499.99,KXBTCD-26SEP1106,5,no,0.95,no,True,0.05,2026-09-11T10:15:21.096077+00:00,2026-09-11T09:15:19.552982+00:00
KXBTCD-26SEP1106-T76999.99,KXBTCD-26SEP1106,8,yes,0.96,yes,True,0.04,2026-09-11T10:15:21.096125+00:00,2026-09-11T09:15:19.553032+00:00
KXBTCD-26SEP1106-T76899.99,KXBTCD-26SEP1106,10,yes,0.98,yes,True,0.02,2026-09-11T10:15:21.096174+00:00,2026-09-11T09:15:19.553081+00:00
KXBTCD-26SEP1106-T76799.99,KXBTCD-26SEP1106,7,yes,0.94,yes,True,0.06,2026-09-11T10:15:21.096222+00:00,2026-09-11T09:45:26.179525+00:00
KXBTCD-26SEP1106-T76699.99,KXBTCD-26SEP1106,9,yes,0.98,yes,True,0.02,2026-09-11T10:15:21.096274+00:00,2026-09-11T09:45:26.179568+00:00
KXBTCD-26SEP1107-T77499.99,KXBTCD-26SEP1107,9,no,0.98,no,True,0.02,2026-09-11T11:15:18.680903+00:00,2026-09-11T10:15:21.102803+00:00
KXBTCD-26SEP1107-T77399.99,KXBTCD-26SEP1107,8,no,0.96,no,True,0.04,2026-09-11T11:15:18.680953+00:00,2026-09-11T10:15:21.102863+00:00
KXBTCD-26SEP1107-T77299.99,KXBTCD-26SEP1107,6,no,0.91,no,True,0.0899999999999999,2026-09-11T11:15:18.680984+00:00,2026-09-11T10:15:21.102922+00:00
KXBTCD-26SEP1107-T76799.99,KXBTCD-26SEP1107,5,yes,0.93,yes,True,0.0699999999999999,2026-09-11T11:15:18.681013+00:00,2026-09-11T10:15:21.102966+00:00
KXBTCD-26SEP1107-T76699.99,KXBTCD-26SEP1107,7,yes,0.97,yes,True,0.03,2026-09-11T11:15:18.681043+00:00,2026-09-11T10:15:21.103006+00:00
KXBTCD-26SEP1107-T76599.99,KXBTCD-26SEP1107,10,yes,0.99,yes,True,0.01,2026-09-11T11:15:18.681073+00:00,2026-09-11T10:15:21.103047+00:00
KXBTCD-26SEP1108-T77299.99,KXBTCD-26SEP1108,10,no,0.98,no,True,0.02,2026-09-11T12:15:21.820050+00:00,2026-09-11T11:15:18.686021+00:00
KXBTCD-26SEP1108-T77199.99,KXBTCD-26SEP1108,7,no,0.97,no,True,0.03,2026-09-11T12:15:21.820128+00:00,2026-09-11T11:15:18.686060+00:00
KXBTCD-26SEP1108-T77099.99,KXBTCD-26SEP1108,6,no,0.94,no,True,0.06,2026-09-11T12:15:21.820192+00:00,2026-09-11T11:15:18.686089+00:00
KXBTCD-26SEP1108-T76599.99,KXBTCD-26SEP1108,5,yes,0.84,yes,True,0.16,2026-09-11T12:15:21.820254+00:00,2026-09-11T11:15:18.686117+00:00
KXBTCD-26SEP1108-T76499.99,KXBTCD-26SEP1108,8,yes,0.93,yes,True,0.0699999999999999,2026-09-11T12:15:21.820315+00:00,2026-09-11T11:15:18.686144+00:00
KXBTCD-26SEP1108-T76399.99,KXBTCD-26SEP1108,9,yes,0.97,yes,True,0.03,2026-09-11T12:15:21.820377+00:00,2026-09-11T11:15:18.686170+00:00
KXBTCD-26SEP1109-T77399.99,KXBTCD-26SEP1109,9,no,0.95,yes,False,-0.95,2026-09-11T13:15:26.582798+00:00,2026-09-11T12:15:21.827255+00:00
KXBTCD-26SEP1109-T77299.99,KXBTCD-26SEP1109,10,no,0.91,yes,False,-0.91,2026-09-11T13:15:26.582879+00:00,2026-09-11T12:15:21.827317+00:00
KXBTCD-26SEP1109-T77199.99,KXBTCD-26SEP1109,7,no,0.87,yes,False,-0.87,2026-09-11T13:15:26.582942+00:00,2026-09-11T12:15:21.827369+00:00
KXBTCD-26SEP1109-T76699.99,KXBTCD-26SEP1109,5,yes,0.8,yes,True,0.1999999999999999,2026-09-11T13:15:26.583005+00:00,2026-09-11T12:15:21.827419+00:00
KXBTCD-26SEP1109-T76599.99,KXBTCD-26SEP1109,8,yes,0.87,yes,True,0.13,2026-09-11T13:15:26.583067+00:00,2026-09-11T12:15:21.827466+00:00
KXBTCD-26SEP1109-T76499.99,KXBTCD-26SEP1109,6,yes,0.91,yes,True,0.0899999999999999,2026-09-11T13:15:26.583129+00:00,2026-09-11T12:15:21.827514+00:00
KXBTCD-26SEP1109-T76799.99,KXBTCD-26SEP1109,5,yes,0.65,yes,True,0.35,2026-09-11T13:15:26.583190+00:00,2026-09-11T12:30:22.719340+00:00
KXBTCD-26SEP1109-T76899.99,KXBTCD-26SEP1109,5,yes,0.98,yes,True,0.02,2026-09-11T13:15:26.583251+00:00,2026-09-11T12:45:20.057120+00:00
KXBTCD-26SEP1109-T77999.99,KXBTCD-26SEP1109,9,no,0.97,no,True,0.03,2026-09-11T13:15:26.583311+00:00,2026-09-11T13:00:28.668108+00:00
KXBTCD-26SEP1109-T77799.99,KXBTCD-26SEP1109,6,yes,0.98,yes,True,0.02,2026-09-11T13:15:26.583381+00:00,2026-09-11T13:00:28.668180+00:00
KXBTCD-26SEP1110-T78199.99,KXBTCD-26SEP1110,9,no,0.83,yes,False,-0.83,2026-09-11T14:15:21.616567+00:00,2026-09-11T13:15:26.590312+00:00
KXBTCD-26SEP1110-T78099.99,KXBTCD-26SEP1110,7,no,0.78,yes,False,-0.78,2026-09-11T14:15:21.616654+00:00,2026-09-11T13:15:26.590390+00:00
KXBTCD-26SEP1110-T77899.99,KXBTCD-26SEP1110,6,no,0.64,yes,False,-0.64,2026-09-11T14:15:21.616720+00:00,2026-09-11T13:15:26.590442+00:00
KXBTCD-26SEP1110-T77399.99,KXBTCD-26SEP1110,10,yes,0.73,yes,True,0.27,2026-09-11T14:15:21.616785+00:00,2026-09-11T13:15:26.590526+00:00
KXBTCD-26SEP1110-T76999.99,KXBTCD-26SEP1110,8,yes,0.91,yes,True,0.0899999999999999,2026-09-11T14:15:21.616850+00:00,2026-09-11T13:15:26.590573+00:00
KXBTCD-26SEP1110-T77199.99,KXBTCD-26SEP1110,7,yes,0.77,yes,True,0.2299999999999999,2026-09-11T14:15:21.616914+00:00,2026-09-11T13:30:25.966649+00:00
KXBTCD-26SEP1110-T77999.99,KXBTCD-26SEP1110,5,no,0.92,yes,False,-0.92,2026-09-11T14:15:21.616976+00:00,2026-09-11T13:37:53.596278+00:00
KXBTCD-26SEP1110-T77299.99,KXBTCD-26SEP1110,7,yes,0.89,yes,True,0.1099999999999999,2026-09-11T14:15:21.617040+00:00,2026-09-11T13:45:17.617859+00:00
KXBTCD-26SEP1110-T79099.99,KXBTCD-26SEP1110,10,yes,0.97,yes,True,0.03,2026-09-11T14:15:21.617104+00:00,2026-09-11T14:00:24.928217+00:00
KXBTCD-26SEP1110-T78899.99,KXBTCD-26SEP1110,9,yes,0.99,yes,True,0.01,2026-09-11T14:15:21.617179+00:00,2026-09-11T14:00:24.928288+00:00
KXBTCD-26SEP1110-T78799.99,KXBTCD-26SEP1110,7,yes,0.99,yes,True,0.01,2026-09-11T14:15:21.617242+00:00,2026-09-11T14:00:24.928341+00:00
KXBTCD-26SEP1110-T78699.99,KXBTCD-26SEP1110,5,yes,0.99,yes,True,0.01,2026-09-11T14:15:21.617331+00:00,2026-09-11T14:00:24.928390+00:00
KXBTCD-26SEP1110-T78599.99,KXBTCD-26SEP1110,8,yes,0.99,yes,True,0.01,2026-09-11T14:15:21.617405+00:00,2026-09-11T14:00:24.928438+00:00
KXBTCD-26SEP1111-T79999.99,KXBTCD-26SEP1111,8,no,0.89,no,True,0.1099999999999999,2026-09-11T15:15:22.029847+00:00,2026-09-11T14:15:21.624443+00:00
KXBTCD-26SEP1111-T79599.99,KXBTCD-26SEP1111,5,no,0.79,no,True,0.2099999999999999,2026-09-11T15:15:22.029900+00:00,2026-09-11T14:15:21.624521+00:00
KXBTCD-26SEP1111-T78899.99,KXBTCD-26SEP1111,9,yes,0.6,no,False,-0.6,2026-09-11T15:15:22.029932+00:00,2026-09-11T14:15:21.624652+00:00
KXBTCD-26SEP1111-T78499.99,KXBTCD-26SEP1111,10,yes,0.81,yes,True,0.1899999999999999,2026-09-11T15:15:22.029962+00:00,2026-09-11T14:15:21.624701+00:00
KXBTCD-26SEP1111-T79199.99,KXBTCD-26SEP1111,7,no,0.64,no,True,0.36,2026-09-11T15:15:22.029994+00:00,2026-09-11T14:30:29.499436+00:00
KXBTCD-26SEP1111-T78799.99,KXBTCD-26SEP1111,10,yes,0.7,no,False,-0.7,2026-09-11T15:15:22.030024+00:00,2026-09-11T14:30:29.499505+00:00
KXBTCD-26SEP1111-T79499.99,KXBTCD-26SEP1111,5,no,0.98,no,True,0.02,2026-09-11T15:15:22.030054+00:00,2026-09-11T14:45:18.016654+00:00
KXBTCD-26SEP1111-T79099.99,KXBTCD-26SEP1111,8,no,0.93,no,True,0.0699999999999999,2026-09-11T15:15:22.030083+00:00,2026-09-11T14:45:18.016762+00:00
KXBTCD-26SEP1111-T79399.99,KXBTCD-26SEP1111,7,no,0.99,no,True,0.01,2026-09-11T15:15:22.030112+00:00,2026-09-11T15:00:27.675221+00:00
KXBTCD-26SEP1111-T78599.99,KXBTCD-26SEP1111,5,yes,0.99,yes,True,0.01,2026-09-11T15:15:22.030150+00:00,2026-09-11T15:00:27.675338+00:00
KXBTCD-26SEP1111-T78399.99,KXBTCD-26SEP1111,10,yes,0.99,yes,True,0.01,2026-09-11T15:15:22.030181+00:00,2026-09-11T15:00:27.675419+00:00
KXBTCD-26SEP1111-T78299.99,KXBTCD-26SEP1111,9,yes,0.99,yes,True,0.01,2026-09-11T15:15:22.030210+00:00,2026-09-11T15:00:27.675479+00:00
KXBTCD-26SEP1112-T78999.99,KXBTCD-26SEP1112,9,no,0.87,no,True,0.13,2026-09-11T16:15:23.743624+00:00,2026-09-11T15:15:22.035248+00:00
KXBTCD-26SEP1112-T78799.99,KXBTCD-26SEP1112,6,no,0.75,no,True,0.25,2026-09-11T16:15:23.743705+00:00,2026-09-11T15:15:22.035288+00:00
KXBTCD-26SEP1112-T78399.99,KXBTCD-26SEP1112,5,yes,0.6,no,False,-0.6,2026-09-11T16:15:23.743769+00:00,2026-09-11T15:15:22.035318+00:00
KXBTCD-26SEP1112-T78299.99,KXBTCD-26SEP1112,7,yes,0.69,no,False,-0.69,2026-09-11T16:15:23.743831+00:00,2026-09-11T15:15:22.035345+00:00
KXBTCD-26SEP1112-T78199.99,KXBTCD-26SEP1112,8,yes,0.76,no,False,-0.76,2026-09-11T16:15:23.743892+00:00,2026-09-11T15:15:22.035370+00:00
KXBTCD-26SEP1112-T77999.99,KXBTCD-26SEP1112,10,yes,0.87,no,False,-0.87,2026-09-11T16:15:23.743954+00:00,2026-09-11T15:15:22.035396+00:00
KXBTCD-26SEP1112-T78099.99,KXBTCD-26SEP1112,9,yes,0.97,no,False,-0.97,2026-09-11T16:15:23.744014+00:00,2026-09-11T15:30:22.258379+00:00
KXBTCD-26SEP1112-T79099.99,KXBTCD-26SEP1112,9,no,0.98,no,True,0.02,2026-09-11T16:15:23.744075+00:00,2026-09-11T15:45:23.161927+00:00
KXBTCD-26SEP1112-T78499.99,KXBTCD-26SEP1112,5,yes,0.76,no,False,-0.76,2026-09-11T16:15:23.744136+00:00,2026-09-11T15:45:23.161995+00:00
KXBTCD-26SEP1112-T78899.99,KXBTCD-26SEP1112,9,no,0.99,no,True,0.01,2026-09-11T16:15:23.744227+00:00,2026-09-11T16:00:25.122360+00:00
KXBTCD-26SEP1112-T77699.99,KXBTCD-26SEP1112,5,no,0.99,no,True,0.01,2026-09-11T16:15:23.744293+00:00,2026-09-11T16:00:25.122588+00:00
KXBTCD-26SEP1112-T77499.99,KXBTCD-26SEP1112,10,yes,0.99,yes,True,0.01,2026-09-11T16:15:23.744354+00:00,2026-09-11T16:00:25.122641+00:00
KXBTCD-26SEP1113-T78299.99,KXBTCD-26SEP1113,10,no,0.86,no,True,0.14,2026-09-11T17:11:40.526892+00:00,2026-09-11T16:15:23.751204+00:00
KXBTCD-26SEP1113-T78199.99,KXBTCD-26SEP1113,9,no,0.81,no,True,0.1899999999999999,2026-09-11T17:11:40.526977+00:00,2026-09-11T16:15:23.751271+00:00
KXBTCD-26SEP1113-T77499.99,KXBTCD-26SEP1113,7,yes,0.75,yes,True,0.25,2026-09-11T17:11:40.527041+00:00,2026-09-11T16:15:23.751360+00:00
KXBTCD-26SEP1113-T77399.99,KXBTCD-26SEP1113,6,yes,0.8,yes,True,0.1999999999999999,2026-09-11T17:11:40.527105+00:00,2026-09-11T16:15:23.751414+00:00
KXBTCD-26SEP1113-T77299.99,KXBTCD-26SEP1113,8,yes,0.85,yes,True,0.15,2026-09-11T17:11:40.527166+00:00,2026-09-11T16:15:23.751463+00:00
KXBTCD-26SEP1113-T78099.99,KXBTCD-26SEP1113,9,no,0.84,no,True,0.16,2026-09-11T17:11:40.527229+00:00,2026-09-11T16:31:00.110230+00:00
KXBTCD-26SEP1113-T77999.99,KXBTCD-26SEP1113,7,no,0.78,no,True,0.2199999999999999,2026-09-11T17:11:40.527291+00:00,2026-09-11T16:31:00.110300+00:00
KXBTCD-26SEP1113-T77899.99,KXBTCD-26SEP1113,5,no,0.69,yes,False,-0.69,2026-09-11T17:11:40.527352+00:00,2026-09-11T16:31:00.110351+00:00
KXBTCD-26SEP1113-T76999.99,KXBTCD-26SEP1113,10,yes,0.95,yes,True,0.05,2026-09-11T17:11:40.527413+00:00,2026-09-11T16:31:00.110461+00:00
KXBTCD-26SEP1113-T77199.99,KXBTCD-26SEP1113,10,yes,0.98,yes,True,0.02,2026-09-11T17:11:40.527476+00:00,2026-09-11T16:45:17.927386+00:00
KXBTCD-26SEP1113-T77599.99,KXBTCD-26SEP1113,6,yes,0.99,yes,True,0.01,2026-09-11T17:11:40.527535+00:00,2026-09-11T17:00:23.653788+00:00
KXBTCD-26SEP1114-T78399.99,KXBTCD-26SEP1114,8,no,0.95,no,True,0.05,2026-09-11T18:15:23.155546+00:00,2026-09-11T17:11:40.534227+00:00
KXBTCD-26SEP1114-T78199.99,KXBTCD-26SEP1114,10,no,0.88,no,True,0.12,2026-09-11T18:15:23.155618+00:00,2026-09-11T17:11:40.534290+00:00
KXBTCD-26SEP1114-T78099.99,KXBTCD-26SEP1114,7,no,0.81,no,True,0.1899999999999999,2026-09-11T18:15:23.155670+00:00,2026-09-11T17:11:40.534344+00:00
KXBTCD-26SEP1114-T77599.99,KXBTCD-26SEP1114,5,yes,0.71,no,False,-0.71,2026-09-11T18:15:23.155721+00:00,2026-09-11T17:11:40.534393+00:00
KXBTCD-26SEP1114-T77499.99,KXBTCD-26SEP1114,6,yes,0.8,yes,True,0.1999999999999999,2026-09-11T18:15:23.155771+00:00,2026-09-11T17:11:40.534442+00:00
KXBTCD-26SEP1114-T77399.99,KXBTCD-26SEP1114,9,yes,0.87,yes,True,0.13,2026-09-11T18:15:23.155821+00:00,2026-09-11T17:11:40.534490+00:00
KXBTCD-26SEP1114-T78299.99,KXBTCD-26SEP1114,8,no,0.97,no,True,0.03,2026-09-11T18:15:23.155870+00:00,2026-09-11T17:30:33.634328+00:00
KXBTCD-26SEP1114-T77999.99,KXBTCD-26SEP1114,5,no,0.78,no,True,0.2199999999999999,2026-09-11T18:15:23.155921+00:00,2026-09-11T17:30:33.634465+00:00
KXBTCD-26SEP1114-T77299.99,KXBTCD-26SEP1114,9,yes,0.96,yes,True,0.04,2026-09-11T18:15:23.155970+00:00,2026-09-11T17:45:25.935823+00:00
KXBTCD-26SEP1114-T77899.99,KXBTCD-26SEP1114,6,no,0.99,no,True,0.01,2026-09-11T18:15:23.156029+00:00,2026-09-11T18:00:24.663563+00:00
KXBTCD-26SEP1115-T77599.99,KXBTCD-26SEP1115,10,no,0.91,no,True,0.0899999999999999,2026-09-11T19:15:22.185903+00:00,2026-09-11T18:15:23.164983+00:00
KXBTCD-26SEP1115-T77399.99,KXBTCD-26SEP1115,6,no,0.83,no,True,0.17,2026-09-11T19:15:22.185963+00:00,2026-09-11T18:15:23.165047+00:00
KXBTCD-26SEP1115-T77299.99,KXBTCD-26SEP1115,5,no,0.77,no,True,0.2299999999999999,2026-09-11T19:15:22.186004+00:00,2026-09-11T18:15:23.165108+00:00
KXBTCD-26SEP1115-T76899.99,KXBTCD-26SEP1115,9,yes,0.61,yes,True,0.39,2026-09-11T19:15:22.186042+00:00,2026-09-11T18:15:23.165157+00:00
KXBTCD-26SEP1115-T76799.99,KXBTCD-26SEP1115,7,yes,0.71,yes,True,0.29,2026-09-11T19:15:22.186078+00:00,2026-09-11T18:15:23.165199+00:00
KXBTCD-26SEP1115-T76699.99,KXBTCD-26SEP1115,8,yes,0.78,yes,True,0.2199999999999999,2026-09-11T19:15:22.186115+00:00,2026-09-11T18:15:23.165238+00:00
KXBTCD-26SEP1115-T77499.99,KXBTCD-26SEP1115,5,no,0.88,no,True,0.12,2026-09-11T19:15:22.186151+00:00,2026-09-11T18:30:29.050621+00:00
KXBTCD-26SEP1116-T77499.99,KXBTCD-26SEP1116,8,no,0.87,no,True,0.13,2026-09-11T20:15:22.920765+00:00,2026-09-11T19:15:22.192338+00:00
KXBTCD-26SEP1116-T77399.99,KXBTCD-26SEP1116,6,no,0.78,no,True,0.2199999999999999,2026-09-11T20:15:22.920846+00:00,2026-09-11T19:15:22.192399+00:00
KXBTCD-26SEP1116-T76899.99,KXBTCD-26SEP1116,7,yes,0.87,yes,True,0.13,2026-09-11T20:15:22.920910+00:00,2026-09-11T19:15:22.192439+00:00
KXBTCD-26SEP1116-T76799.99,KXBTCD-26SEP1116,5,yes,0.92,yes,True,0.0799999999999999,2026-09-11T20:15:22.921025+00:00,2026-09-11T19:15:22.192476+00:00
KXBTCD-26SEP1116-T76699.99,KXBTCD-26SEP1116,10,yes,0.95,yes,True,0.05,2026-09-11T20:15:22.921101+00:00,2026-09-11T19:15:22.192510+00:00
KXBTCD-26SEP1116-T76599.99,KXBTCD-26SEP1116,9,yes,0.98,yes,True,0.02,2026-09-11T20:15:22.921165+00:00,2026-09-11T19:15:22.192542+00:00
KXBTCD-26SEP1116-T77699.99,KXBTCD-26SEP1116,9,no,0.98,no,True,0.02,2026-09-11T20:15:22.921227+00:00,2026-09-11T19:41:45.390263+00:00
KXBTCD-26SEP1116-T77599.99,KXBTCD-26SEP1116,10,no,0.98,no,True,0.02,2026-09-11T20:15:22.921289+00:00,2026-09-11T19:45:17.818431+00:00
KXBTCD-26SEP1117-T85499.99,KXBTCD-26SEP1117,10,no,0.93,no,True,0.0699999999999999,2026-09-11T21:15:19.460705+00:00,2026-09-04T21:15:48.057901+00:00
KXBTCD-26SEP1117-T84999.99,KXBTCD-26SEP1117,5,no,0.92,no,True,0.0799999999999999,2026-09-11T21:15:19.460819+00:00,2026-09-04T21:15:48.057968+00:00
KXBTCD-26SEP1117-T84499.99,KXBTCD-26SEP1117,6,no,0.9,no,True,0.0999999999999999,2026-09-11T21:15:19.460909+00:00,2026-09-04T21:15:48.058020+00:00
KXBTCD-26SEP1117-T83999.99,KXBTCD-26SEP1117,8,no,0.88,no,True,0.12,2026-09-11T21:15:19.460997+00:00,2026-09-04T21:15:48.058069+00:00
KXBTCD-26SEP1117-T81499.99,KXBTCD-26SEP1117,5,no,0.7,no,True,0.3,2026-09-11T21:15:19.461076+00:00,2026-09-04T21:31:12.181303+00:00
KXBTCD-26SEP1117-T76999.99,KXBTCD-26SEP1117,9,yes,0.8,yes,True,0.1999999999999999,2026-09-11T21:15:19.461151+00:00,2026-09-04T21:31:12.181387+00:00
KXBTCD-26SEP1117-T75499.99,KXBTCD-26SEP1117,8,yes,0.9,yes,True,0.0999999999999999,2026-09-11T21:15:19.461226+00:00,2026-09-04T21:31:12.181459+00:00
KXBTCD-26SEP1117-T72499.99,KXBTCD-26SEP1117,6,yes,0.97,yes,True,0.03,2026-09-11T21:15:19.461315+00:00,2026-09-04T21:31:12.181508+00:00
KXBTCD-26SEP1117-T85999.99,KXBTCD-26SEP1117,10,no,0.95,no,True,0.05,2026-09-11T21:15:19.461384+00:00,2026-09-04T22:45:56.051615+00:00
KXBTCD-26SEP1117-T81999.99,KXBTCD-26SEP1117,5,no,0.77,no,True,0.2299999999999999,2026-09-11T21:15:19.461480+00:00,2026-09-05T01:30:59.950923+00:00
KXBTCD-26SEP1117-T77999.99,KXBTCD-26SEP1117,5,yes,0.68,no,False,-0.68,2026-09-11T21:15:19.461560+00:00,2026-09-05T04:00:52.370967+00:00
KXBTCD-26SEP1117-T86999.99,KXBTCD-26SEP1117,10,no,0.97,no,True,0.03,2026-09-11T21:15:19.461627+00:00,2026-09-05T10:01:23.191701+00:00
KXBTCD-26SEP1117-T71999.99,KXBTCD-26SEP1117,5,yes,0.96,yes,True,0.04,2026-09-11T21:15:19.461697+00:00,2026-09-05T14:01:35.062536+00:00
KXBTCD-26SEP1117-T78999.99,KXBTCD-26SEP1117,5,yes,0.61,no,False,-0.61,2026-09-11T21:15:19.461761+00:00,2026-09-05T17:16:11.376226+00:00
KXBTCD-26SEP1117-T78499.99,KXBTCD-26SEP1117,5,yes,0.62,no,False,-0.62,2026-09-11T21:15:19.461823+00:00,2026-09-05T20:45:57.177226+00:00
KXBTCD-26SEP1117-T74999.99,KXBTCD-26SEP1117,9,yes,0.92,yes,True,0.0799999999999999,2026-09-11T21:15:19.461889+00:00,2026-09-06T11:46:56.973862+00:00
KXBTCD-26SEP1117-T73999.99,KXBTCD-26SEP1117,9,yes,0.94,yes,True,0.06,2026-09-11T21:15:19.461970+00:00,2026-09-06T17:31:20.821301+00:00
KXBTCD-26SEP1117-T80999.99,KXBTCD-26SEP1117,5,no,0.63,no,True,0.37,2026-09-11T21:15:19.462038+00:00,2026-09-06T20:46:18.955642+00:00
KXBTCD-26SEP1117-T80499.99,KXBTCD-26SEP1117,9,no,0.72,no,True,0.28,2026-09-11T21:15:19.462103+00:00,2026-09-07T16:31:55.087670+00:00
KXBTCD-26SEP1117-T76499.99,KXBTCD-26SEP1117,9,yes,0.8,yes,True,0.1999999999999999,2026-09-11T21:15:19.462164+00:00,2026-09-07T16:47:18.363548+00:00
KXBTCD-26SEP1117-T75999.99,KXBTCD-26SEP1117,5,yes,0.86,yes,True,0.14,2026-09-11T21:15:19.462226+00:00,2026-09-07T17:31:16.518762+00:00
KXBTCD-26SEP1117-T79499.99,KXBTCD-26SEP1117,7,no,0.6,no,True,0.4,2026-09-11T21:15:19.462286+00:00,2026-09-07T22:46:35.005130+00:00
KXBTCD-26SEP1117-T77499.99,KXBTCD-26SEP1117,9,yes,0.61,no,False,-0.61,2026-09-11T21:15:19.462348+00:00,2026-09-08T14:31:47.782610+00:00
KXBTCD-26SEP1117-T79999.99,KXBTCD-26SEP1117,5,no,0.72,no,True,0.28,2026-09-11T21:15:19.462408+00:00,2026-09-08T22:31:37.880993+00:00
KXBTCD-26SEP1118-T77799.99,KXBTCD-26SEP1118,9,no,0.97,no,True,0.03,2026-09-11T22:15:17.323636+00:00,2026-09-11T21:15:19.470711+00:00
KXBTCD-26SEP1118-T77699.99,KXBTCD-26SEP1118,7,no,0.96,no,True,0.04,2026-09-11T22:15:17.323687+00:00,2026-09-11T21:15:19.470759+00:00
KXBTCD-26SEP1118-T77599.99,KXBTCD-26SEP1118,6,no,0.91,no,True,0.0899999999999999,2026-09-11T22:15:17.323721+00:00,2026-09-11T21:15:19.470805+00:00
KXBTCD-26SEP1118-T77099.99,KXBTCD-26SEP1118,5,yes,0.91,no,False,-0.91,2026-09-11T22:15:17.323764+00:00,2026-09-11T21:15:19.470851+00:00
KXBTCD-26SEP1118-T76999.99,KXBTCD-26SEP1118,8,yes,0.96,yes,True,0.04,2026-09-11T22:15:17.323795+00:00,2026-09-11T21:15:19.470901+00:00
KXBTCD-26SEP1118-T76899.99,KXBTCD-26SEP1118,10,yes,0.97,yes,True,0.03,2026-09-11T22:15:17.323826+00:00,2026-09-11T21:15:19.470957+00:00
KXBTCD-26SEP1118-T77499.99,KXBTCD-26SEP1118,5,no,0.99,no,True,0.01,2026-09-11T22:15:17.323877+00:00,2026-09-11T22:00:29.205238+00:00
KXBTCD-26SEP1119-T77499.99,KXBTCD-26SEP1119,8,no,0.95,no,True,0.05,2026-09-11T23:15:17.276900+00:00,2026-09-11T22:15:17.328986+00:00
KXBTCD-26SEP1119-T77399.99,KXBTCD-26SEP1119,9,no,0.89,no,True,0.1099999999999999,2026-09-11T23:15:17.276952+00:00,2026-09-11T22:15:17.329012+00:00
KXBTCD-26SEP1119-T77299.99,KXBTCD-26SEP1119,5,no,0.76,no,True,0.24,2026-09-11T23:15:17.276985+00:00,2026-09-11T22:15:17.329036+00:00
KXBTCD-26SEP1119-T76799.99,KXBTCD-26SEP1119,6,yes,0.96,yes,True,0.04,2026-09-11T23:15:17.277029+00:00,2026-09-11T22:15:17.329060+00:00
KXBTCD-26SEP1119-T76699.99,KXBTCD-26SEP1119,7,yes,0.97,yes,True,0.03,2026-09-11T23:15:17.277063+00:00,2026-09-11T22:15:17.329084+00:00
KXBTCD-26SEP1119-T76599.99,KXBTCD-26SEP1119,10,yes,0.98,yes,True,0.02,2026-09-11T23:15:17.277093+00:00,2026-09-11T22:15:17.329108+00:00
KXBTCD-26SEP1119-T76899.99,KXBTCD-26SEP1119,5,yes,0.89,yes,True,0.1099999999999999,2026-09-11T23:15:17.277122+00:00,2026-09-11T22:30:21.587697+00:00
KXBTCD-26SEP1120-T77599.99,KXBTCD-26SEP1120,9,no,0.98,no,True,0.02,2026-09-12T00:15:19.243735+00:00,2026-09-11T23:15:17.282210+00:00
KXBTCD-26SEP1120-T77499.99,KXBTCD-26SEP1120,7,no,0.97,no,True,0.03,2026-09-12T00:15:19.243826+00:00,2026-09-11T23:15:17.282240+00:00
KXBTCD-26SEP1120-T77399.99,KXBTCD-26SEP1120,5,no,0.93,no,True,0.0699999999999999,2026-09-12T00:15:19.243893+00:00,2026-09-11T23:15:17.282267+00:00
KXBTCD-26SEP1120-T76899.99,KXBTCD-26SEP1120,6,yes,0.87,yes,True,0.13,2026-09-12T00:15:19.243956+00:00,2026-09-11T23:15:17.282292+00:00
KXBTCD-26SEP1120-T76799.99,KXBTCD-26SEP1120,8,yes,0.94,yes,True,0.06,2026-09-12T00:15:19.244020+00:00,2026-09-11T23:15:17.282316+00:00
KXBTCD-26SEP1120-T76699.99,KXBTCD-26SEP1120,10,yes,0.97,yes,True,0.03,2026-09-12T00:15:19.244083+00:00,2026-09-11T23:15:17.282339+00:00
KXBTCD-26SEP1121-T77799.99,KXBTCD-26SEP1121,10,no,0.99,no,True,0.01,2026-09-12T01:15:19.804784+00:00,2026-09-12T00:15:19.251548+00:00
KXBTCD-26SEP1121-T77599.99,KXBTCD-26SEP1121,7,no,0.98,no,True,0.02,2026-09-12T01:15:19.804848+00:00,2026-09-12T00:15:19.251597+00:00
KXBTCD-26SEP1121-T77499.99,KXBTCD-26SEP1121,5,no,0.95,no,True,0.05,2026-09-12T01:15:19.804892+00:00,2026-09-12T00:15:19.251644+00:00
KXBTCD-26SEP1121-T76999.99,KXBTCD-26SEP1121,6,yes,0.97,yes,True,0.03,2026-09-12T01:15:19.804933+00:00,2026-09-12T00:15:19.251714+00:00
KXBTCD-26SEP1121-T76899.99,KXBTCD-26SEP1121,8,yes,0.99,yes,True,0.01,2026-09-12T01:15:19.804972+00:00,2026-09-12T00:15:19.251767+00:00
KXBTCD-26SEP1121-T76799.99,KXBTCD-26SEP1121,9,yes,0.99,yes,True,0.01,2026-09-12T01:15:19.805010+00:00,2026-09-12T00:15:19.251819+00:00
KXBTCD-26SEP1122-T77799.99,KXBTCD-26SEP1122,10,no,0.99,no,True,0.01,2026-09-12T02:15:22.876779+00:00,2026-09-12T01:15:19.811621+00:00
KXBTCD-26SEP1122-T77699.99,KXBTCD-26SEP1122,9,no,0.98,no,True,0.02,2026-09-12T02:15:22.876845+00:00,2026-09-12T01:15:19.811687+00:00
KXBTCD-26SEP1122-T77599.99,KXBTCD-26SEP1122,6,no,0.97,no,True,0.03,2026-09-12T02:15:22.876886+00:00,2026-09-12T01:15:19.811722+00:00
KXBTCD-26SEP1122-T77099.99,KXBTCD-26SEP1122,5,yes,0.97,yes,True,0.03,2026-09-12T02:15:22.876925+00:00,2026-09-12T01:15:19.811755+00:00
KXBTCD-26SEP1122-T76999.99,KXBTCD-26SEP1122,7,yes,0.98,yes,True,0.02,2026-09-12T02:15:22.876964+00:00,2026-09-12T01:15:19.811786+00:00
KXBTCD-26SEP1122-T76899.99,KXBTCD-26SEP1122,8,yes,0.99,yes,True,0.01,2026-09-12T02:15:22.877001+00:00,2026-09-12T01:15:19.811817+00:00
KXBTCD-26SEP1123-T77699.99,KXBTCD-26SEP1123,10,no,0.99,no,True,0.01,2026-09-12T03:15:18.186627+00:00,2026-09-12T02:15:22.883760+00:00
KXBTCD-26SEP1123-T77599.99,KXBTCD-26SEP1123,7,no,0.98,no,True,0.02,2026-09-12T03:15:18.186671+00:00,2026-09-12T02:15:22.883804+00:00
KXBTCD-26SEP1123-T77499.99,KXBTCD-26SEP1123,5,no,0.97,no,True,0.03,2026-09-12T03:15:18.186699+00:00,2026-09-12T02:15:22.883837+00:00
KXBTCD-26SEP1123-T76999.99,KXBTCD-26SEP1123,6,yes,0.99,yes,True,0.01,2026-09-12T03:15:18.186726+00:00,2026-09-12T02:15:22.883869+00:00
KXBTCD-26SEP1123-T76899.99,KXBTCD-26SEP1123,8,yes,0.99,yes,True,0.01,2026-09-12T03:15:18.186752+00:00,2026-09-12T02:15:22.883900+00:00
KXBTCD-26SEP1123-T76799.99,KXBTCD-26SEP1123,9,yes,0.99,yes,True,0.01,2026-09-12T03:15:18.186779+00:00,2026-09-12T02:15:22.883933+00:00
KXBTCD-26SEP1123-T75499.99,KXBTCD-26SEP1123,9,yes,0.99,yes,True,0.01,2026-09-12T03:15:18.186806+00:00,2026-09-12T02:30:23.054952+00:00
KXBTCD-26SEP1123-T76399.99,KXBTCD-26SEP1123,10,yes,0.99,yes,True,0.01,2026-09-12T03:15:18.186875+00:00,2026-09-12T02:45:22.303272+00:00
KXBTCD-26SEP1200-T77699.99,KXBTCD-26SEP1200,9,no,0.99,no,True,0.01,2026-09-12T04:15:18.217762+00:00,2026-09-12T03:15:18.191671+00:00
KXBTCD-26SEP1200-T77599.99,KXBTCD-26SEP1200,7,no,0.99,no,True,0.01,2026-09-12T04:15:18.217796+00:00,2026-09-12T03:15:18.191698+00:00
KXBTCD-26SEP1200-T77499.99,KXBTCD-26SEP1200,5,no,0.97,no,True,0.03,2026-09-12T04:15:18.217817+00:00,2026-09-12T03:15:18.191720+00:00
KXBTCD-26SEP1200-T76999.99,KXBTCD-26SEP1200,6,yes,0.98,yes,True,0.02,2026-09-12T04:15:18.217837+00:00,2026-09-12T03:15:18.191801+00:00
KXBTCD-26SEP1200-T76899.99,KXBTCD-26SEP1200,8,yes,0.99,yes,True,0.01,2026-09-12T04:15:18.217857+00:00,2026-09-12T03:15:18.191823+00:00
KXBTCD-26SEP1200-T76799.99,KXBTCD-26SEP1200,10,yes,0.99,yes,True,0.01,2026-09-12T04:15:18.217876+00:00,2026-09-12T03:15:18.191844+00:00
KXBTCD-26SEP1200-T76699.99,KXBTCD-26SEP1200,10,yes,0.99,yes,True,0.01,2026-09-12T04:15:18.217896+00:00,2026-09-12T04:00:20.250105+00:00
KXBTCD-26SEP1201-T77799.99,KXBTCD-26SEP1201,10,no,0.99,no,True,0.01,2026-09-12T05:15:21.486056+00:00,2026-09-12T04:15:18.221719+00:00
KXBTCD-26SEP1201-T77699.99,KXBTCD-26SEP1201,7,no,0.99,no,True,0.01,2026-09-12T05:15:21.486100+00:00,2026-09-12T04:15:18.221747+00:00
KXBTCD-26SEP1201-T77599.99,KXBTCD-26SEP1201,6,no,0.99,no,True,0.01,2026-09-12T05:15:21.486129+00:00,2026-09-12T04:15:18.221767+00:00
KXBTCD-26SEP1201-T77499.99,KXBTCD-26SEP1201,5,no,0.99,no,True,0.01,2026-09-12T05:15:21.486155+00:00,2026-09-12T04:15:18.221786+00:00
KXBTCD-26SEP1201-T76999.99,KXBTCD-26SEP1201,8,yes,0.99,yes,True,0.01,2026-09-12T05:15:21.486181+00:00,2026-09-12T04:15:18.221804+00:00
KXBTCD-26SEP1201-T67799.99,KXBTCD-26SEP1201,9,yes,0.99,yes,True,0.01,2026-09-12T05:15:21.486207+00:00,2026-09-12T04:15:18.221822+00:00
KXBTCD-26SEP1202-T77699.99,KXBTCD-26SEP1202,8,no,0.99,no,True,0.01,2026-09-12T06:15:21.324436+00:00,2026-09-12T05:15:21.491049+00:00
KXBTCD-26SEP1202-T77499.99,KXBTCD-26SEP1202,6,no,0.98,no,True,0.02,2026-09-12T06:15:21.324512+00:00,2026-09-12T05:15:21.491084+00:00
KXBTCD-26SEP1202-T76999.99,KXBTCD-26SEP1202,5,yes,0.97,yes,True,0.03,2026-09-12T06:15:21.324573+00:00,2026-09-12T05:15:21.491106+00:00
KXBTCD-26SEP1202-T76899.99,KXBTCD-26SEP1202,7,yes,0.99,yes,True,0.01,2026-09-12T06:15:21.324637+00:00,2026-09-12T05:15:21.491127+00:00
KXBTCD-26SEP1202-T76799.99,KXBTCD-26SEP1202,9,yes,0.99,yes,True,0.01,2026-09-12T06:15:21.324697+00:00,2026-09-12T05:15:21.491148+00:00
KXBTCD-26SEP1202-T76499.99,KXBTCD-26SEP1202,10,yes,0.99,yes,True,0.01,2026-09-12T06:15:21.324794+00:00,2026-09-12T05:15:21.491168+00:00
KXBTCD-26SEP1202-T76199.99,KXBTCD-26SEP1202,10,yes,0.99,yes,True,0.01,2026-09-12T06:15:21.324868+00:00,2026-09-12T06:00:24.037568+00:00
KXBTCD-26SEP1203-T77799.99,KXBTCD-26SEP1203,9,no,0.99,no,True,0.01,2026-09-12T07:15:20.986012+00:00,2026-09-12T06:15:21.331659+00:00
KXBTCD-26SEP1203-T77599.99,KXBTCD-26SEP1203,7,no,0.99,no,True,0.01,2026-09-12T07:15:20.986062+00:00,2026-09-12T06:15:21.331720+00:00
KXBTCD-26SEP1203-T77499.99,KXBTCD-26SEP1203,6,no,0.99,no,True,0.01,2026-09-12T07:15:20.986090+00:00,2026-09-12T06:15:21.331794+00:00
KXBTCD-26SEP1203-T76999.99,KXBTCD-26SEP1203,5,yes,0.97,yes,True,0.03,2026-09-12T07:15:20.986117+00:00,2026-09-12T06:15:21.331923+00:00
KXBTCD-26SEP1203-T76899.99,KXBTCD-26SEP1203,8,yes,0.99,yes,True,0.01,2026-09-12T07:15:20.986143+00:00,2026-09-12T06:15:21.331977+00:00
KXBTCD-26SEP1203-T76799.99,KXBTCD-26SEP1203,10,yes,0.99,yes,True,0.01,2026-09-12T07:15:20.986169+00:00,2026-09-12T06:15:21.332026+00:00
KXBTCD-26SEP1203-T76699.99,KXBTCD-26SEP1203,10,yes,0.99,yes,True,0.01,2026-09-12T07:15:20.986195+00:00,2026-09-12T06:45:20.936423+00:00
KXBTCD-26SEP1203-T77699.99,KXBTCD-26SEP1203,10,no,0.99,no,True,0.01,2026-09-12T07:15:20.986221+00:00,2026-09-12T07:00:24.711320+00:00
KXBTCD-26SEP1204-T78199.99,KXBTCD-26SEP1204,10,no,0.99,no,True,0.01,2026-09-12T08:15:18.163417+00:00,2026-09-12T07:15:20.991178+00:00
KXBTCD-26SEP1204-T77699.99,KXBTCD-26SEP1204,6,no,0.99,no,True,0.01,2026-09-12T08:15:18.163498+00:00,2026-09-12T07:15:20.991310+00:00
KXBTCD-26SEP1204-T77599.99,KXBTCD-26SEP1204,8,no,0.99,no,True,0.01,2026-09-12T08:15:18.163561+00:00,2026-09-12T07:15:20.991344+00:00
KXBTCD-26SEP1204-T77099.99,KXBTCD-26SEP1204,5,yes,0.98,yes,True,0.02,2026-09-12T08:15:18.163624+00:00,2026-09-12T07:15:20.991368+00:00
KXBTCD-26SEP1204-T76999.99,KXBTCD-26SEP1204,7,yes,0.99,yes,True,0.01,2026-09-12T08:15:18.163685+00:00,2026-09-12T07:15:20.991389+00:00
KXBTCD-26SEP1204-T76899.99,KXBTCD-26SEP1204,9,yes,0.99,yes,True,0.01,2026-09-12T08:15:18.163746+00:00,2026-09-12T07:15:20.991410+00:00
KXBTCD-26SEP1205-T77699.99,KXBTCD-26SEP1205,7,no,0.99,no,True,0.01,2026-09-12T09:15:21.581828+00:00,2026-09-12T08:15:18.170521+00:00
KXBTCD-26SEP1205-T77599.99,KXBTCD-26SEP1205,8,no,0.99,no,True,0.01,2026-09-12T09:15:21.581911+00:00,2026-09-12T08:15:18.170583+00:00
KXBTCD-26SEP1205-T77499.99,KXBTCD-26SEP1205,5,no,0.96,no,True,0.04,2026-09-12T09:15:21.581975+00:00,2026-09-12T08:15:18.170635+00:00
KXBTCD-26SEP1205-T76999.99,KXBTCD-26SEP1205,6,yes,0.98,yes,True,0.02,2026-09-12T09:15:21.582037+00:00,2026-09-12T08:15:18.170685+00:00
KXBTCD-26SEP1205-T76899.99,KXBTCD-26SEP1205,9,yes,0.99,yes,True,0.01,2026-09-12T09:15:21.582096+00:00,2026-09-12T08:15:18.170734+00:00
KXBTCD-26SEP1205-T76799.99,KXBTCD-26SEP1205,10,yes,0.99,yes,True,0.01,2026-09-12T09:15:21.582157+00:00,2026-09-12T08:15:18.170782+00:00
KXBTCD-26SEP1206-T77799.99,KXBTCD-26SEP1206,9,no,0.99,no,True,0.01,2026-09-12T10:15:18.604149+00:00,2026-09-12T09:15:21.589212+00:00
KXBTCD-26SEP1206-T77699.99,KXBTCD-26SEP1206,8,no,0.99,no,True,0.01,2026-09-12T10:15:18.604206+00:00,2026-09-12T09:15:21.589299+00:00
KXBTCD-26SEP1206-T77599.99,KXBTCD-26SEP1206,5,no,0.98,no,True,0.02,2026-09-12T10:15:18.604242+00:00,2026-09-12T09:15:21.589355+00:00
KXBTCD-26SEP1206-T77099.99,KXBTCD-26SEP1206,6,yes,0.99,yes,True,0.01,2026-09-12T10:15:18.604279+00:00,2026-09-12T09:15:21.589405+00:00
KXBTCD-26SEP1206-T76999.99,KXBTCD-26SEP1206,7,yes,0.99,yes,True,0.01,2026-09-12T10:15:18.604313+00:00,2026-09-12T09:15:21.589452+00:00
KXBTCD-26SEP1206-T84599.99,KXBTCD-26SEP1206,10,no,0.99,no,True,0.01,2026-09-12T10:15:18.604405+00:00,2026-09-12T10:00:20.134782+00:00
KXBTCD-26SEP1207-T77799.99,KXBTCD-26SEP1207,10,no,0.99,no,True,0.01,2026-09-12T11:07:40.228889+00:00,2026-09-12T10:15:18.609828+00:00
KXBTCD-26SEP1207-T77699.99,KXBTCD-26SEP1207,6,no,0.99,no,True,0.01,2026-09-12T11:07:40.228944+00:00,2026-09-12T10:15:18.609944+00:00
KXBTCD-26SEP1207-T77199.99,KXBTCD-26SEP1207,5,yes,0.97,yes,True,0.03,2026-09-12T11:07:40.228979+00:00,2026-09-12T10:15:18.609978+00:00
KXBTCD-26SEP1207-T77099.99,KXBTCD-26SEP1207,7,yes,0.99,yes,True,0.01,2026-09-12T11:07:40.229011+00:00,2026-09-12T10:15:18.610006+00:00
KXBTCD-26SEP1207-T76999.99,KXBTCD-26SEP1207,8,yes,0.99,yes,True,0.01,2026-09-12T11:07:40.229042+00:00,2026-09-12T10:15:18.610032+00:00
KXBTCD-26SEP1207-T76899.99,KXBTCD-26SEP1207,9,yes,0.99,yes,True,0.01,2026-09-12T11:07:40.229076+00:00,2026-09-12T10:15:18.610105+00:00
KXBTCD-26SEP1207-T77599.99,KXBTCD-26SEP1207,5,no,0.98,no,True,0.02,2026-09-12T11:07:40.229108+00:00,2026-09-12T10:30:26.964169+00:00
KXBTCD-26SEP1208-T78299.99,KXBTCD-26SEP1208,10,no,0.99,no,True,0.01,2026-09-12T12:15:20.175600+00:00,2026-09-12T11:07:40.234396+00:00
KXBTCD-26SEP1208-T77699.99,KXBTCD-26SEP1208,6,no,0.99,no,True,0.01,2026-09-12T12:15:20.175648+00:00,2026-09-12T11:07:40.234512+00:00
KXBTCD-26SEP1208-T77599.99,KXBTCD-26SEP1208,8,no,0.99,no,True,0.01,2026-09-12T12:15:20.175679+00:00,2026-09-12T11:07:40.234546+00:00
KXBTCD-26SEP1208-T77099.99,KXBTCD-26SEP1208,5,yes,0.97,yes,True,0.03,2026-09-12T12:15:20.175706+00:00,2026-09-12T11:07:40.234575+00:00
KXBTCD-26SEP1208-T76999.99,KXBTCD-26SEP1208,9,yes,0.98,yes,True,0.02,2026-09-12T12:15:20.175735+00:00,2026-09-12T11:07:40.234601+00:00
KXBTCD-26SEP1208-T76899.99,KXBTCD-26SEP1208,7,yes,0.99,yes,True,0.01,2026-09-12T12:15:20.175764+00:00,2026-09-12T11:07:40.234626+00:00
KXBTCD-26SEP1208-T77799.99,KXBTCD-26SEP1208,10,no,0.99,no,True,0.01,2026-09-12T12:15:20.175791+00:00,2026-09-12T11:45:20.558382+00:00
KXBTCD-26SEP1208-T77499.99,KXBTCD-26SEP1208,6,no,0.99,no,True,0.01,2026-09-12T12:15:20.175819+00:00,2026-09-12T12:00:21.382525+00:00
KXBTCD-26SEP1209-T77699.99,KXBTCD-26SEP1209,8,no,0.99,no,True,0.01,2026-09-12T13:15:17.644247+00:00,2026-09-12T12:15:20.180805+00:00
KXBTCD-26SEP1209-T77599.99,KXBTCD-26SEP1209,5,no,0.99,no,True,0.01,2026-09-12T13:15:17.644296+00:00,2026-09-12T12:15:20.180909+00:00
KXBTCD-26SEP1209-T77099.99,KXBTCD-26SEP1209,10,yes,0.99,yes,True,0.01,2026-09-12T13:15:17.644349+00:00,2026-09-12T12:15:20.180936+00:00
KXBTCD-26SEP1209-T76999.99,KXBTCD-26SEP1209,9,yes,0.99,yes,True,0.01,2026-09-12T13:15:17.644385+00:00,2026-09-12T12:15:20.180959+00:00
KXBTCD-26SEP1209-T67799.99,KXBTCD-26SEP1209,6,yes,0.99,yes,True,0.01,2026-09-12T13:15:17.644419+00:00,2026-09-12T12:15:20.180980+00:00
KXBTCD-26SEP1209-T67699.99,KXBTCD-26SEP1209,7,yes,0.99,yes,True,0.01,2026-09-12T13:15:17.644452+00:00,2026-09-12T12:15:20.181000+00:00
KXBTCD-26SEP1210-T77699.99,KXBTCD-26SEP1210,7,no,0.99,no,True,0.01,2026-09-12T14:04:00.917720+00:00,2026-09-12T13:15:17.649597+00:00
KXBTCD-26SEP1210-T77599.99,KXBTCD-26SEP1210,5,no,0.96,no,True,0.04,2026-09-12T14:04:00.917784+00:00,2026-09-12T13:15:17.649709+00:00
KXBTCD-26SEP1210-T77099.99,KXBTCD-26SEP1210,6,yes,0.95,yes,True,0.05,2026-09-12T14:04:00.917825+00:00,2026-09-12T13:15:17.649742+00:00
KXBTCD-26SEP1210-T76999.99,KXBTCD-26SEP1210,8,yes,0.99,yes,True,0.01,2026-09-12T14:04:00.917864+00:00,2026-09-12T13:15:17.649771+00:00
KXBTCD-26SEP1210-T76899.99,KXBTCD-26SEP1210,9,yes,0.99,yes,True,0.01,2026-09-12T14:04:00.917904+00:00,2026-09-12T13:15:17.649796+00:00
KXBTCD-26SEP1210-T67599.99,KXBTCD-26SEP1210,10,yes,0.99,yes,True,0.01,2026-09-12T14:04:00.917943+00:00,2026-09-12T13:15:17.649821+00:00
KXBTCD-26SEP1210-T76299.99,KXBTCD-26SEP1210,10,yes,0.99,yes,True,0.01,2026-09-12T14:04:00.917982+00:00,2026-09-12T13:30:24.736694+00:00
KXBTCD-26SEP1211-T77999.99,KXBTCD-26SEP1211,7,no,0.99,no,True,0.01,2026-09-12T15:15:18.707787+00:00,2026-09-12T14:04:00.924127+00:00
KXBTCD-26SEP1211-T77899.99,KXBTCD-26SEP1211,8,no,0.99,no,True,0.01,2026-09-12T15:15:18.707864+00:00,2026-09-12T14:04:00.924261+00:00
KXBTCD-26SEP1211-T77799.99,KXBTCD-26SEP1211,9,no,0.99,no,True,0.01,2026-09-12T15:15:18.707949+00:00,2026-09-12T14:04:00.924297+00:00
KXBTCD-26SEP1211-T77699.99,KXBTCD-26SEP1211,6,no,0.98,no,True,0.02,2026-09-12T15:15:18.708016+00:00,2026-09-12T14:04:00.924330+00:00
KXBTCD-26SEP1211-T77199.99,KXBTCD-26SEP1211,5,yes,0.94,yes,True,0.06,2026-09-12T15:15:18.708079+00:00,2026-09-12T14:04:00.924359+00:00
KXBTCD-26SEP1211-T77099.99,KXBTCD-26SEP1211,10,yes,0.97,yes,True,0.03,2026-09-12T15:15:18.708142+00:00,2026-09-12T14:04:00.924409+00:00
KXBTCD-26SEP1211-T77599.99,KXBTCD-26SEP1211,5,no,0.99,no,True,0.01,2026-09-12T15:15:18.708202+00:00,2026-09-12T14:15:24.685374+00:00
KXBTCD-26SEP1212-T77999.99,KXBTCD-26SEP1212,10,no,0.99,no,True,0.01,2026-09-12T16:15:18.630066+00:00,2026-09-12T15:15:18.715199+00:00
KXBTCD-26SEP1212-T77899.99,KXBTCD-26SEP1212,8,no,0.99,no,True,0.01,2026-09-12T16:15:18.630144+00:00,2026-09-12T15:15:18.715334+00:00
KXBTCD-26SEP1212-T77799.99,KXBTCD-26SEP1212,7,no,0.99,no,True,0.01,2026-09-12T16:15:18.630209+00:00,2026-09-12T15:15:18.715390+00:00
KXBTCD-26SEP1212-T77699.99,KXBTCD-26SEP1212,5,no,0.99,no,True,0.01,2026-09-12T16:15:18.630271+00:00,2026-09-12T15:15:18.715453+00:00
KXBTCD-26SEP1212-T77199.99,KXBTCD-26SEP1212,6,yes,0.98,yes,True,0.02,2026-09-12T16:15:18.630333+00:00,2026-09-12T15:15:18.715502+00:00
KXBTCD-26SEP1212-T77099.99,KXBTCD-26SEP1212,9,yes,0.99,yes,True,0.01,2026-09-12T16:15:18.630394+00:00,2026-09-12T15:15:18.715549+00:00
KXBTCD-26SEP1213-T77799.99,KXBTCD-26SEP1213,10,no,0.99,no,True,0.01,2026-09-12T17:15:17.524079+00:00,2026-09-12T16:15:18.637219+00:00
KXBTCD-26SEP1213-T77699.99,KXBTCD-26SEP1213,7,no,0.99,no,True,0.01,2026-09-12T17:15:17.524138+00:00,2026-09-12T16:15:18.637352+00:00
KXBTCD-26SEP1213-T77599.99,KXBTCD-26SEP1213,5,no,0.98,no,True,0.02,2026-09-12T17:15:17.524179+00:00,2026-09-12T16:15:18.637407+00:00
KXBTCD-26SEP1213-T77099.99,KXBTCD-26SEP1213,6,yes,0.98,yes,True,0.02,2026-09-12T17:15:17.524217+00:00,2026-09-12T16:15:18.637458+00:00
KXBTCD-26SEP1213-T76999.99,KXBTCD-26SEP1213,8,yes,0.99,yes,True,0.01,2026-09-12T17:15:17.524253+00:00,2026-09-12T16:15:18.637507+00:00
KXBTCD-26SEP1213-T76899.99,KXBTCD-26SEP1213,9,yes,0.99,yes,True,0.01,2026-09-12T17:15:17.524291+00:00,2026-09-12T16:15:18.637554+00:00
KXBTCD-26SEP1214-T77799.99,KXBTCD-26SEP1214,10,no,0.99,no,True,0.01,2026-09-12T18:15:17.770881+00:00,2026-09-12T17:15:17.530428+00:00
KXBTCD-26SEP1214-T77699.99,KXBTCD-26SEP1214,6,no,0.99,no,True,0.01,2026-09-12T18:15:17.770926+00:00,2026-09-12T17:15:17.530589+00:00
KXBTCD-26SEP1214-T77599.99,KXBTCD-26SEP1214,5,no,0.99,no,True,0.01,2026-09-12T18:15:17.770951+00:00,2026-09-12T17:15:17.530636+00:00
KXBTCD-26SEP1214-T77099.99,KXBTCD-26SEP1214,7,yes,0.99,yes,True,0.01,2026-09-12T18:15:17.770974+00:00,2026-09-12T17:15:17.530673+00:00
KXBTCD-26SEP1214-T76999.99,KXBTCD-26SEP1214,9,yes,0.99,yes,True,0.01,2026-09-12T18:15:17.771022+00:00,2026-09-12T17:15:17.530706+00:00
KXBTCD-26SEP1214-T76499.99,KXBTCD-26SEP1214,8,yes,0.99,yes,True,0.01,2026-09-12T18:15:17.771056+00:00,2026-09-12T17:15:17.530739+00:00
KXBTCD-26SEP1214-T77499.99,KXBTCD-26SEP1214,5,no,0.99,no,True,0.01,2026-09-12T18:15:17.771079+00:00,2026-09-12T18:00:21.047866+00:00
KXBTCD-26SEP1215-T77599.99,KXBTCD-26SEP1215,9,no,0.99,no,True,0.01,2026-09-12T19:07:49.254711+00:00,2026-09-12T18:15:17.775309+00:00
KXBTCD-26SEP1215-T77499.99,KXBTCD-26SEP1215,7,no,0.99,no,True,0.01,2026-09-12T19:07:49.254772+00:00,2026-09-12T18:15:17.775400+00:00
KXBTCD-26SEP1215-T77399.99,KXBTCD-26SEP1215,6,no,0.98,no,True,0.02,2026-09-12T19:07:49.254812+00:00,2026-09-12T18:15:17.775424+00:00
KXBTCD-26SEP1215-T76899.99,KXBTCD-26SEP1215,5,yes,0.99,yes,True,0.01,2026-09-12T19:07:49.254850+00:00,2026-09-12T18:15:17.775443+00:00
KXBTCD-26SEP1215-T76799.99,KXBTCD-26SEP1215,8,yes,0.99,yes,True,0.01,2026-09-12T19:07:49.254886+00:00,2026-09-12T18:15:17.775462+00:00
KXBTCD-26SEP1215-T76699.99,KXBTCD-26SEP1215,10,yes,0.99,yes,True,0.01,2026-09-12T19:07:49.254923+00:00,2026-09-12T18:15:17.775480+00:00
KXBTCD-26SEP1216-T77599.99,KXBTCD-26SEP1216,10,no,0.99,no,True,0.01,2026-09-12T20:15:36.866326+00:00,2026-09-12T19:07:49.261309+00:00
KXBTCD-26SEP1216-T77499.99,KXBTCD-26SEP1216,7,no,0.99,no,True,0.01,2026-09-12T20:15:36.866408+00:00,2026-09-12T19:07:49.261447+00:00
KXBTCD-26SEP1216-T77399.99,KXBTCD-26SEP1216,6,no,0.99,no,True,0.01,2026-09-12T20:15:36.866475+00:00,2026-09-12T19:07:49.261492+00:00
KXBTCD-26SEP1216-T76899.99,KXBTCD-26SEP1216,5,yes,0.99,yes,True,0.01,2026-09-12T20:15:36.866538+00:00,2026-09-12T19:07:49.261532+00:00
KXBTCD-26SEP1216-T76799.99,KXBTCD-26SEP1216,8,yes,0.99,yes,True,0.01,2026-09-12T20:15:36.866601+00:00,2026-09-12T19:07:49.261566+00:00
KXBTCD-26SEP1216-T76699.99,KXBTCD-26SEP1216,9,yes,0.99,yes,True,0.01,2026-09-12T20:15:36.866663+00:00,2026-09-12T19:07:49.261600+00:00
KXBTCD-26SEP1216-T77699.99,KXBTCD-26SEP1216,10,no,0.99,no,True,0.01,2026-09-12T20:15:36.866772+00:00,2026-09-12T19:15:27.166667+00:00
KXBTCD-26SEP1217-T78499.99,KXBTCD-26SEP1217,5,no,0.88,no,True,0.12,2026-09-12T21:15:18.618419+00:00,2026-09-11T20:00:26.945303+00:00
KXBTCD-26SEP1217-T77999.99,KXBTCD-26SEP1217,6,no,0.77,no,True,0.2299999999999999,2026-09-12T21:15:18.618524+00:00,2026-09-11T20:00:26.945360+00:00
KXBTCD-26SEP1217-T77749.99,KXBTCD-26SEP1217,8,no,0.69,no,True,0.31,2026-09-12T21:15:18.618635+00:00,2026-09-11T20:00:26.945393+00:00
KXBTCD-26SEP1217-T76749.99,KXBTCD-26SEP1217,9,yes,0.7,yes,True,0.3,2026-09-12T21:15:18.618719+00:00,2026-09-11T20:00:26.945444+00:00
KXBTCD-26SEP1217-T76499.99,KXBTCD-26SEP1217,7,yes,0.79,yes,True,0.2099999999999999,2026-09-12T21:15:18.618794+00:00,2026-09-11T20:00:26.945472+00:00
KXBTCD-26SEP1217-T78749.99,KXBTCD-26SEP1217,8,no,0.92,no,True,0.0799999999999999,2026-09-12T21:15:18.618867+00:00,2026-09-11T20:15:22.928329+00:00
KXBTCD-26SEP1217-T76999.99,KXBTCD-26SEP1217,10,yes,0.7,yes,True,0.3,2026-09-12T21:15:18.618942+00:00,2026-09-11T20:15:22.928460+00:00
KXBTCD-26SEP1217-T76249.99,KXBTCD-26SEP1217,7,yes,0.91,yes,True,0.0899999999999999,2026-09-12T21:15:18.619059+00:00,2026-09-11T20:15:22.928510+00:00
KXBTCD-26SEP1217-T75999.99,KXBTCD-26SEP1217,6,yes,0.92,yes,True,0.0799999999999999,2026-09-12T21:15:18.619130+00:00,2026-09-11T20:15:22.928566+00:00
KXBTCD-26SEP1217-T78249.99,KXBTCD-26SEP1217,8,no,0.87,no,True,0.13,2026-09-12T21:15:18.619196+00:00,2026-09-11T21:15:19.470130+00:00
KXBTCD-26SEP1217-T75749.99,KXBTCD-26SEP1217,10,yes,0.95,yes,True,0.05,2026-09-12T21:15:18.619259+00:00,2026-09-11T21:15:19.470291+00:00
KXBTCD-26SEP1217-T77499.99,KXBTCD-26SEP1217,10,no,0.64,no,True,0.36,2026-09-12T21:15:18.619675+00:00,2026-09-12T00:15:19.251224+00:00
KXBTCD-26SEP1218-T77799.99,KXBTCD-26SEP1218,10,no,0.99,no,True,0.01,2026-09-12T22:15:56.273970+00:00,2026-09-12T21:15:18.627711+00:00
KXBTCD-26SEP1218-T77599.99,KXBTCD-26SEP1218,9,no,0.99,no,True,0.01,2026-09-12T22:15:56.274051+00:00,2026-09-12T21:15:18.627763+00:00
KXBTCD-26SEP1218-T77499.99,KXBTCD-26SEP1218,7,no,0.99,no,True,0.01,2026-09-12T22:15:56.274115+00:00,2026-09-12T21:15:18.627812+00:00
KXBTCD-26SEP1218-T77399.99,KXBTCD-26SEP1218,5,no,0.98,no,True,0.02,2026-09-12T22:15:56.274177+00:00,2026-09-12T21:15:18.627859+00:00
KXBTCD-26SEP1218-T76899.99,KXBTCD-26SEP1218,6,yes,0.98,yes,True,0.02,2026-09-12T22:15:56.274242+00:00,2026-09-12T21:15:18.627907+00:00
KXBTCD-26SEP1218-T76799.99,KXBTCD-26SEP1218,8,yes,0.99,yes,True,0.01,2026-09-12T22:15:56.274304+00:00,2026-09-12T21:15:18.627952+00:00
KXBTCD-26SEP1218-T76399.99,KXBTCD-26SEP1218,10,yes,0.99,yes,True,0.01,2026-09-12T22:15:56.274429+00:00,2026-09-12T21:25:31.829542+00:00
KXBTCD-26SEP1219-T78199.99,KXBTCD-26SEP1219,10,no,0.99,no,True,0.01,2026-09-12T23:08:03.851092+00:00,2026-09-12T22:15:56.281565+00:00
KXBTCD-26SEP1219-T77699.99,KXBTCD-26SEP1219,9,no,0.99,no,True,0.01,2026-09-12T23:08:03.851178+00:00,2026-09-12T22:15:56.281623+00:00
KXBTCD-26SEP1219-T77599.99,KXBTCD-26SEP1219,8,no,0.99,no,True,0.01,2026-09-12T23:08:03.851269+00:00,2026-09-12T22:15:56.281672+00:00
KXBTCD-26SEP1219-T77499.99,KXBTCD-26SEP1219,6,no,0.97,no,True,0.03,2026-09-12T23:08:03.851344+00:00,2026-09-12T22:15:56.281720+00:00
KXBTCD-26SEP1219-T76999.99,KXBTCD-26SEP1219,5,yes,0.98,yes,True,0.02,2026-09-12T23:08:03.851408+00:00,2026-09-12T22:15:56.281792+00:00
KXBTCD-26SEP1219-T76899.99,KXBTCD-26SEP1219,7,yes,0.99,yes,True,0.01,2026-09-12T23:08:03.851490+00:00,2026-09-12T22:15:56.281846+00:00
KXBTCD-26SEP1219-T74499.99,KXBTCD-26SEP1219,10,yes,0.99,yes,True,0.01,2026-09-12T23:08:03.851588+00:00,2026-09-12T22:45:18.790997+00:00
KXBTCD-26SEP1220-T77599.99,KXBTCD-26SEP1220,5,no,0.99,no,True,0.01,2026-09-13T00:15:18.462222+00:00,2026-09-12T23:08:03.859386+00:00
KXBTCD-26SEP1220-T77499.99,KXBTCD-26SEP1220,7,no,0.99,no,True,0.01,2026-09-13T00:15:18.462337+00:00,2026-09-12T23:08:03.859448+00:00
KXBTCD-26SEP1220-T76999.99,KXBTCD-26SEP1220,6,yes,0.99,yes,True,0.01,2026-09-13T00:15:18.462409+00:00,2026-09-12T23:08:03.859499+00:00
KXBTCD-26SEP1220-T76899.99,KXBTCD-26SEP1220,8,yes,0.99,yes,True,0.01,2026-09-13T00:15:18.462483+00:00,2026-09-12T23:08:03.859548+00:00
KXBTCD-26SEP1220-T76799.99,KXBTCD-26SEP1220,9,yes,0.99,yes,True,0.01,2026-09-13T00:15:18.462546+00:00,2026-09-12T23:08:03.859596+00:00
KXBTCD-26SEP1220-T67599.99,KXBTCD-26SEP1220,10,yes,0.99,yes,True,0.01,2026-09-13T00:15:18.462609+00:00,2026-09-12T23:08:03.859643+00:00
KXBTCD-26SEP1221-T77699.99,KXBTCD-26SEP1221,9,no,0.99,no,True,0.01,2026-09-13T01:15:19.989299+00:00,2026-09-13T00:15:18.470074+00:00
KXBTCD-26SEP1221-T77599.99,KXBTCD-26SEP1221,6,no,0.99,no,True,0.01,2026-09-13T01:15:19.989361+00:00,2026-09-13T00:15:18.470133+00:00
KXBTCD-26SEP1221-T77099.99,KXBTCD-26SEP1221,5,yes,0.96,yes,True,0.04,2026-09-13T01:15:19.989402+00:00,2026-09-13T00:15:18.470183+00:00
KXBTCD-26SEP1221-T76999.99,KXBTCD-26SEP1221,7,yes,0.98,yes,True,0.02,2026-09-13T01:15:19.989440+00:00,2026-09-13T00:15:18.470231+00:00
KXBTCD-26SEP1221-T76899.99,KXBTCD-26SEP1221,8,yes,0.99,yes,True,0.01,2026-09-13T01:15:19.989478+00:00,2026-09-13T00:15:18.470305+00:00
KXBTCD-26SEP1221-T67599.99,KXBTCD-26SEP1221,10,yes,0.99,yes,True,0.01,2026-09-13T01:15:19.989516+00:00,2026-09-13T00:15:18.470366+00:00
KXBTCD-26SEP1221-T77499.99,KXBTCD-26SEP1221,5,no,0.99,no,True,0.01,2026-09-13T01:15:19.989552+00:00,2026-09-13T00:30:20.881692+00:00
KXBTCD-26SEP1222-T78299.99,KXBTCD-26SEP1222,7,no,0.99,no,True,0.01,2026-09-13T02:15:23.458157+00:00,2026-09-13T01:15:19.996193+00:00
KXBTCD-26SEP1222-T77999.99,KXBTCD-26SEP1222,10,no,0.99,no,True,0.01,2026-09-13T02:15:23.458270+00:00,2026-09-13T01:15:19.996240+00:00
KXBTCD-26SEP1222-T77599.99,KXBTCD-26SEP1222,8,no,0.99,no,True,0.01,2026-09-13T02:15:23.458345+00:00,2026-09-13T01:15:19.996273+00:00
KXBTCD-26SEP1222-T77499.99,KXBTCD-26SEP1222,5,no,0.99,no,True,0.01,2026-09-13T02:15:23.458411+00:00,2026-09-13T01:15:19.996305+00:00
KXBTCD-26SEP1222-T76999.99,KXBTCD-26SEP1222,6,yes,0.99,yes,True,0.01,2026-09-13T02:15:23.458477+00:00,2026-09-13T01:15:19.996335+00:00
KXBTCD-26SEP1222-T76899.99,KXBTCD-26SEP1222,9,yes,0.99,yes,True,0.01,2026-09-13T02:15:23.458541+00:00,2026-09-13T01:15:19.996365+00:00
KXBTCD-26SEP1223-T77699.99,KXBTCD-26SEP1223,8,no,0.99,no,True,0.01,2026-09-13T03:15:19.617989+00:00,2026-09-13T02:15:23.465831+00:00
KXBTCD-26SEP1223-T77599.99,KXBTCD-26SEP1223,7,no,0.99,no,True,0.01,2026-09-13T03:15:19.618050+00:00,2026-09-13T02:15:23.465892+00:00
KXBTCD-26SEP1223-T77499.99,KXBTCD-26SEP1223,6,no,0.99,no,True,0.01,2026-09-13T03:15:19.618090+00:00,2026-09-13T02:15:23.465943+00:00
KXBTCD-26SEP1223-T76999.99,KXBTCD-26SEP1223,5,yes,0.99,yes,True,0.01,2026-09-13T03:15:19.618132+00:00,2026-09-13T02:15:23.465990+00:00
KXBTCD-26SEP1223-T76899.99,KXBTCD-26SEP1223,9,yes,0.99,yes,True,0.01,2026-09-13T03:15:19.618170+00:00,2026-09-13T02:15:23.466037+00:00
KXBTCD-26SEP1223-T70999.99,KXBTCD-26SEP1223,10,yes,0.99,yes,True,0.01,2026-09-13T03:15:19.618205+00:00,2026-09-13T02:15:23.466085+00:00
KXBTCD-26SEP1223-T76499.99,KXBTCD-26SEP1223,10,yes,0.99,yes,True,0.01,2026-09-13T03:15:19.618241+00:00,2026-09-13T02:45:21.097180+00:00
KXBTCD-26SEP1300-T77699.99,KXBTCD-26SEP1300,9,no,0.99,no,True,0.01,2026-09-13T04:15:18.026374+00:00,2026-09-13T03:15:19.624776+00:00
KXBTCD-26SEP1300-T77599.99,KXBTCD-26SEP1300,7,no,0.99,no,True,0.01,2026-09-13T04:15:18.026452+00:00,2026-09-13T03:15:19.624821+00:00
KXBTCD-26SEP1300-T77499.99,KXBTCD-26SEP1300,5,no,0.99,no,True,0.01,2026-09-13T04:15:18.026517+00:00,2026-09-13T03:15:19.624856+00:00
KXBTCD-26SEP1300-T76999.99,KXBTCD-26SEP1300,6,yes,0.99,yes,True,0.01,2026-09-13T04:15:18.026588+00:00,2026-09-13T03:15:19.624890+00:00
KXBTCD-26SEP1300-T76899.99,KXBTCD-26SEP1300,8,yes,0.99,yes,True,0.01,2026-09-13T04:15:18.026675+00:00,2026-09-13T03:15:19.624921+00:00
KXBTCD-26SEP1300-T67599.99,KXBTCD-26SEP1300,10,yes,0.99,yes,True,0.01,2026-09-13T04:15:18.026741+00:00,2026-09-13T03:15:19.624953+00:00
KXBTCD-26SEP1300-T78199.99,KXBTCD-26SEP1300,10,no,0.99,no,True,0.01,2026-09-13T04:15:18.026805+00:00,2026-09-13T03:30:24.470553+00:00
KXBTCD-26SEP1300-T76199.99,KXBTCD-26SEP1300,10,yes,0.99,yes,True,0.01,2026-09-13T04:15:18.026867+00:00,2026-09-13T03:45:20.272005+00:00
KXBTCD-26SEP1300-T76099.99,KXBTCD-26SEP1300,7,yes,0.99,yes,True,0.01,2026-09-13T04:15:18.026928+00:00,2026-09-13T04:00:21.926291+00:00
KXBTCD-26SEP1301-T77599.99,KXBTCD-26SEP1301,9,no,0.99,no,True,0.01,2026-09-13T05:15:20.966435+00:00,2026-09-13T04:15:18.034026+00:00
KXBTCD-26SEP1301-T77499.99,KXBTCD-26SEP1301,6,no,0.99,no,True,0.01,2026-09-13T05:15:20.966520+00:00,2026-09-13T04:15:18.034091+00:00
KXBTCD-26SEP1301-T77399.99,KXBTCD-26SEP1301,5,no,0.98,no,True,0.02,2026-09-13T05:15:20.966587+00:00,2026-09-13T04:15:18.034146+00:00
KXBTCD-26SEP1301-T76899.99,KXBTCD-26SEP1301,8,yes,0.99,yes,True,0.01,2026-09-13T05:15:20.966659+00:00,2026-09-13T04:15:18.034196+00:00
KXBTCD-26SEP1301-T76799.99,KXBTCD-26SEP1301,7,yes,0.99,yes,True,0.01,2026-09-13T05:15:20.966725+00:00,2026-09-13T04:15:18.034247+00:00
KXBTCD-26SEP1301-T76999.99,KXBTCD-26SEP1301,5,yes,0.98,yes,True,0.02,2026-09-13T05:15:20.966789+00:00,2026-09-13T04:30:21.824140+00:00
KXBTCD-26SEP1301-T67599.99,KXBTCD-26SEP1301,10,yes,0.99,yes,True,0.01,2026-09-13T05:15:20.966851+00:00,2026-09-13T04:30:21.824286+00:00
KXBTCD-26SEP1301-T80899.99,KXBTCD-26SEP1301,10,no,0.99,no,True,0.01,2026-09-13T05:15:20.966938+00:00,2026-09-13T05:00:24.491876+00:00
KXBTCD-26SEP1302-T77599.99,KXBTCD-26SEP1302,8,no,0.99,no,True,0.01,2026-09-13T06:15:22.942623+00:00,2026-09-13T05:15:20.973879+00:00
KXBTCD-26SEP1302-T77499.99,KXBTCD-26SEP1302,6,no,0.99,no,True,0.01,2026-09-13T06:15:22.942715+00:00,2026-09-13T05:15:20.973966+00:00
KXBTCD-26SEP1302-T77399.99,KXBTCD-26SEP1302,5,no,0.98,no,True,0.02,2026-09-13T06:15:22.942791+00:00,2026-09-13T05:15:20.974025+00:00
KXBTCD-26SEP1302-T76899.99,KXBTCD-26SEP1302,7,yes,0.99,yes,True,0.01,2026-09-13T06:15:22.942862+00:00,2026-09-13T05:15:20.974075+00:00
KXBTCD-26SEP1302-T76799.99,KXBTCD-26SEP1302,9,yes,0.99,yes,True,0.01,2026-09-13T06:15:22.942925+00:00,2026-09-13T05:15:20.974126+00:00
KXBTCD-26SEP1302-T76399.99,KXBTCD-26SEP1302,10,yes,0.99,yes,True,0.01,2026-09-13T06:15:22.942987+00:00,2026-09-13T05:15:20.974175+00:00
KXBTCD-26SEP1302-T77699.99,KXBTCD-26SEP1302,10,no,0.99,no,True,0.01,2026-09-13T06:15:22.943047+00:00,2026-09-13T05:30:23.535668+00:00
KXBTCD-26SEP1302-T76999.99,KXBTCD-26SEP1302,5,yes,0.99,yes,True,0.01,2026-09-13T06:15:22.943107+00:00,2026-09-13T05:30:23.535782+00:00
KXBTCD-26SEP1302-T77799.99,KXBTCD-26SEP1302,7,no,0.99,no,True,0.01,2026-09-13T06:15:22.943178+00:00,2026-09-13T06:00:23.821781+00:00
KXBTCD-26SEP1303-T77699.99,KXBTCD-26SEP1303,9,no,0.99,no,True,0.01,2026-09-13T07:15:39.107309+00:00,2026-09-13T06:15:22.950489+00:00
KXBTCD-26SEP1303-T77599.99,KXBTCD-26SEP1303,6,no,0.99,no,True,0.01,2026-09-13T07:15:39.107394+00:00,2026-09-13T06:15:22.950557+00:00
KXBTCD-26SEP1303-T77099.99,KXBTCD-26SEP1303,5,yes,0.98,no,False,-0.98,2026-09-13T07:15:39.107458+00:00,2026-09-13T06:15:22.950612+00:00
KXBTCD-26SEP1303-T76999.99,KXBTCD-26SEP1303,7,yes,0.99,yes,True,0.01,2026-09-13T07:15:39.107530+00:00,2026-09-13T06:15:22.950664+00:00
KXBTCD-26SEP1303-T76899.99,KXBTCD-26SEP1303,8,yes,0.99,yes,True,0.01,2026-09-13T07:15:39.107592+00:00,2026-09-13T06:15:22.950715+00:00
KXBTCD-26SEP1303-T76499.99,KXBTCD-26SEP1303,10,yes,0.99,yes,True,0.01,2026-09-13T07:15:39.107653+00:00,2026-09-13T06:15:22.950764+00:00
KXBTCD-26SEP1303-T76299.99,KXBTCD-26SEP1303,8,yes,0.99,yes,True,0.01,2026-09-13T07:15:39.107711+00:00,2026-09-13T06:30:23.935622+00:00
KXBTCD-26SEP1303-T77499.99,KXBTCD-26SEP1303,5,no,0.99,no,True,0.01,2026-09-13T07:15:39.107771+00:00,2026-09-13T07:00:24.263335+00:00
KXBTCD-26SEP1303-T67599.99,KXBTCD-26SEP1303,9,yes,0.99,yes,True,0.01,2026-09-13T07:15:39.107831+00:00,2026-09-13T07:00:24.263495+00:00
KXBTCD-26SEP1304-T77599.99,KXBTCD-26SEP1304,10,no,0.99,no,True,0.01,2026-09-13T08:15:18.547624+00:00,2026-09-13T07:15:39.115500+00:00
KXBTCD-26SEP1304-T77499.99,KXBTCD-26SEP1304,7,no,0.99,no,True,0.01,2026-09-13T08:15:18.547706+00:00,2026-09-13T07:15:39.115576+00:00
KXBTCD-26SEP1304-T77399.99,KXBTCD-26SEP1304,6,no,0.98,no,True,0.02,2026-09-13T08:15:18.547772+00:00,2026-09-13T07:15:39.115628+00:00
KXBTCD-26SEP1304-T76899.99,KXBTCD-26SEP1304,5,yes,0.98,yes,True,0.02,2026-09-13T08:15:18.547842+00:00,2026-09-13T07:15:39.115675+00:00
KXBTCD-26SEP1304-T76799.99,KXBTCD-26SEP1304,8,yes,0.99,yes,True,0.01,2026-09-13T08:15:18.547905+00:00,2026-09-13T07:15:39.115721+00:00
KXBTCD-26SEP1304-T76699.99,KXBTCD-26SEP1304,9,yes,0.99,yes,True,0.01,2026-09-13T08:15:18.547968+00:00,2026-09-13T07:15:39.115767+00:00
KXBTCD-26SEP1305-T77499.99,KXBTCD-26SEP1305,8,no,0.99,no,True,0.01,2026-09-13T09:45:19.517473+00:00,2026-09-13T08:15:18.554949+00:00
KXBTCD-26SEP1305-T77399.99,KXBTCD-26SEP1305,6,no,0.99,no,True,0.01,2026-09-13T09:45:19.517529+00:00,2026-09-13T08:15:18.555012+00:00
KXBTCD-26SEP1305-T76899.99,KXBTCD-26SEP1305,5,yes,0.92,no,False,-0.92,2026-09-13T09:45:19.517561+00:00,2026-09-13T08:15:18.555066+00:00
KXBTCD-26SEP1305-T76799.99,KXBTCD-26SEP1305,7,yes,0.97,no,False,-0.97,2026-09-13T09:45:19.517592+00:00,2026-09-13T08:15:18.555117+00:00
KXBTCD-26SEP1305-T76699.99,KXBTCD-26SEP1305,9,yes,0.99,yes,True,0.01,2026-09-13T09:45:19.517622+00:00,2026-09-13T08:15:18.555195+00:00
KXBTCD-26SEP1305-T73199.99,KXBTCD-26SEP1305,10,yes,0.99,yes,True,0.01,2026-09-13T09:45:19.517651+00:00,2026-09-13T08:15:18.555246+00:00
KXBTCD-26SEP1305-T77299.99,KXBTCD-26SEP1305,5,no,0.99,no,True,0.01,2026-09-13T09:45:19.517681+00:00,2026-09-13T08:30:25.079515+00:00
KXBTCD-26SEP1305-T76199.99,KXBTCD-26SEP1305,10,yes,0.99,yes,True,0.01,2026-09-13T09:45:19.517709+00:00,2026-09-13T08:30:25.079643+00:00
KXBTCD-26SEP1305-T77199.99,KXBTCD-26SEP1305,5,no,0.99,no,True,0.01,2026-09-13T09:45:19.517741+00:00,2026-09-13T08:46:22.181759+00:00
KXBTCD-26SEP1305-T76599.99,KXBTCD-26SEP1305,7,yes,0.97,yes,True,0.03,2026-09-13T09:45:19.517771+00:00,2026-09-13T08:46:22.181881+00:00
KXBTCD-26SEP1305-T76499.99,KXBTCD-26SEP1305,9,yes,0.99,yes,True,0.01,2026-09-13T09:45:19.517799+00:00,2026-09-13T08:46:22.181941+00:00
KXBTCD-26SEP1306-T77199.99,KXBTCD-26SEP1306,8,no,0.98,no,True,0.02,2026-09-13T10:15:18.710591+00:00,2026-09-13T09:00:50.480520+00:00
KXBTCD-26SEP1306-T77099.99,KXBTCD-26SEP1306,7,no,0.97,no,True,0.03,2026-09-13T10:15:18.710644+00:00,2026-09-13T09:00:50.480590+00:00
KXBTCD-26SEP1306-T76999.99,KXBTCD-26SEP1306,6,no,0.94,no,True,0.06,2026-09-13T10:15:18.710676+00:00,2026-09-13T09:00:50.480642+00:00
KXBTCD-26SEP1306-T76499.99,KXBTCD-26SEP1306,5,yes,0.94,yes,True,0.06,2026-09-13T10:15:18.710712+00:00,2026-09-13T09:45:19.522957+00:00
KXBTCD-26SEP1306-T76399.99,KXBTCD-26SEP1306,6,yes,0.98,yes,True,0.02,2026-09-13T10:15:18.710757+00:00,2026-09-13T09:45:19.522990+00:00
KXBTCD-26SEP1306-T76299.99,KXBTCD-26SEP1306,8,yes,0.99,yes,True,0.01,2026-09-13T10:15:18.710790+00:00,2026-09-13T09:45:19.523016+00:00
KXBTCD-26SEP1307-T78499.99,KXBTCD-26SEP1307,10,no,0.99,no,True,0.01,2026-09-13T11:15:20.703110+00:00,2026-09-13T10:15:18.715859+00:00
KXBTCD-26SEP1307-T77199.99,KXBTCD-26SEP1307,8,no,0.98,no,True,0.02,2026-09-13T11:15:20.703155+00:00,2026-09-13T10:15:18.715901+00:00
KXBTCD-26SEP1307-T77099.99,KXBTCD-26SEP1307,7,no,0.98,no,True,0.02,2026-09-13T11:15:20.703181+00:00,2026-09-13T10:15:18.715931+00:00
KXBTCD-26SEP1307-T76999.99,KXBTCD-26SEP1307,6,no,0.94,no,True,0.06,2026-09-13T11:15:20.703203+00:00,2026-09-13T10:15:18.715958+00:00
KXBTCD-26SEP1307-T76499.99,KXBTCD-26SEP1307,5,yes,0.95,yes,True,0.05,2026-09-13T11:15:20.703223+00:00,2026-09-13T10:15:18.715983+00:00
KXBTCD-26SEP1307-T76399.99,KXBTCD-26SEP1307,9,yes,0.98,yes,True,0.02,2026-09-13T11:15:20.703243+00:00,2026-09-13T10:15:18.716007+00:00
KXBTCD-26SEP1307-T67599.99,KXBTCD-26SEP1307,10,yes,0.99,yes,True,0.01,2026-09-13T11:15:20.703263+00:00,2026-09-13T11:00:34.135486+00:00
KXBTCD-26SEP1308-T77099.99,KXBTCD-26SEP1308,10,no,0.99,no,True,0.01,2026-09-13T12:15:19.625396+00:00,2026-09-13T11:15:20.707484+00:00
KXBTCD-26SEP1308-T76999.99,KXBTCD-26SEP1308,9,no,0.99,no,True,0.01,2026-09-13T12:15:19.625464+00:00,2026-09-13T11:15:20.707513+00:00
KXBTCD-26SEP1308-T76899.99,KXBTCD-26SEP1308,7,no,0.97,no,True,0.03,2026-09-13T12:15:19.625520+00:00,2026-09-13T11:15:20.707534+00:00
KXBTCD-26SEP1308-T76799.99,KXBTCD-26SEP1308,5,no,0.93,no,True,0.0699999999999999,2026-09-13T12:15:19.625570+00:00,2026-09-13T11:15:20.707553+00:00
KXBTCD-26SEP1308-T76299.99,KXBTCD-26SEP1308,6,yes,0.93,yes,True,0.0699999999999999,2026-09-13T12:15:19.625620+00:00,2026-09-13T11:15:20.707571+00:00
KXBTCD-26SEP1308-T76199.99,KXBTCD-26SEP1308,8,yes,0.97,yes,True,0.03,2026-09-13T12:15:19.625669+00:00,2026-09-13T11:15:20.707593+00:00
KXBTCD-26SEP1308-T76399.99,KXBTCD-26SEP1308,5,yes,0.99,yes,True,0.01,2026-09-13T12:15:19.625717+00:00,2026-09-13T11:45:21.988591+00:00
KXBTCD-26SEP1309-T77199.99,KXBTCD-26SEP1309,9,no,0.99,no,True,0.01,2026-09-13T13:15:27.826506+00:00,2026-09-13T12:15:19.631955+00:00
KXBTCD-26SEP1309-T77099.99,KXBTCD-26SEP1309,5,no,0.98,no,True,0.02,2026-09-13T13:15:27.826553+00:00,2026-09-13T12:15:19.632009+00:00
KXBTCD-26SEP1309-T76999.99,KXBTCD-26SEP1309,7,no,0.96,no,True,0.04,2026-09-13T13:15:27.826585+00:00,2026-09-13T12:15:19.632051+00:00
KXBTCD-26SEP1309-T76499.99,KXBTCD-26SEP1309,6,yes,0.97,yes,True,0.03,2026-09-13T13:15:27.826613+00:00,2026-09-13T12:15:19.632091+00:00
KXBTCD-26SEP1309-T76399.99,KXBTCD-26SEP1309,8,yes,0.99,yes,True,0.01,2026-09-13T13:15:27.826639+00:00,2026-09-13T12:15:19.632129+00:00
KXBTCD-26SEP1309-T68599.99,KXBTCD-26SEP1309,10,yes,0.99,yes,True,0.01,2026-09-13T13:15:27.826666+00:00,2026-09-13T12:15:19.632167+00:00
KXBTCD-26SEP1309-T76599.99,KXBTCD-26SEP1309,5,yes,0.97,yes,True,0.03,2026-09-13T13:15:27.826692+00:00,2026-09-13T12:30:24.388883+00:00
KXBTCD-26SEP1310-T77199.99,KXBTCD-26SEP1310,10,no,0.99,no,True,0.01,2026-09-13T14:15:19.132487+00:00,2026-09-13T13:15:27.831648+00:00
KXBTCD-26SEP1310-T77099.99,KXBTCD-26SEP1310,8,no,0.99,no,True,0.01,2026-09-13T14:15:19.132564+00:00,2026-09-13T13:15:27.831683+00:00
KXBTCD-26SEP1310-T76999.99,KXBTCD-26SEP1310,6,no,0.97,no,True,0.03,2026-09-13T14:15:19.132630+00:00,2026-09-13T13:15:27.831707+00:00
KXBTCD-26SEP1310-T76899.99,KXBTCD-26SEP1310,5,no,0.89,no,True,0.1099999999999999,2026-09-13T14:15:19.132693+00:00,2026-09-13T13:15:27.831730+00:00
KXBTCD-26SEP1310-T76399.99,KXBTCD-26SEP1310,7,yes,0.99,yes,True,0.01,2026-09-13T14:15:19.132781+00:00,2026-09-13T13:15:27.831751+00:00
KXBTCD-26SEP1310-T76299.99,KXBTCD-26SEP1310,9,yes,0.99,yes,True,0.01,2026-09-13T14:15:19.132846+00:00,2026-09-13T13:15:27.831772+00:00
KXBTCD-26SEP1310-T76199.99,KXBTCD-26SEP1310,10,yes,0.99,yes,True,0.01,2026-09-13T14:15:19.132907+00:00,2026-09-13T13:30:22.888684+00:00
KXBTCD-26SEP1310-T67599.99,KXBTCD-26SEP1310,9,yes,0.99,yes,True,0.01,2026-09-13T14:15:19.132967+00:00,2026-09-13T13:45:19.861423+00:00
KXBTCD-26SEP1311-T76399.99,KXBTCD-26SEP1311,5,yes,0.98,yes,True,0.02,2026-09-13T15:15:20.039548+00:00,2026-09-13T14:00:23.039440+00:00
KXBTCD-26SEP1311-T77299.99,KXBTCD-26SEP1311,8,no,0.98,no,True,0.02,2026-09-13T15:15:20.039626+00:00,2026-09-13T14:15:19.139941+00:00
KXBTCD-26SEP1311-T77199.99,KXBTCD-26SEP1311,6,no,0.96,no,True,0.04,2026-09-13T15:15:20.039691+00:00,2026-09-13T14:15:19.140003+00:00
KXBTCD-26SEP1311-T77099.99,KXBTCD-26SEP1311,5,no,0.86,yes,False,-0.86,2026-09-13T15:15:20.039753+00:00,2026-09-13T14:15:19.140055+00:00
KXBTCD-26SEP1311-T76599.99,KXBTCD-26SEP1311,7,yes,0.98,yes,True,0.02,2026-09-13T15:15:20.039815+00:00,2026-09-13T14:15:19.140106+00:00
KXBTCD-26SEP1311-T76499.99,KXBTCD-26SEP1311,9,yes,0.99,yes,True,0.01,2026-09-13T15:15:20.039877+00:00,2026-09-13T14:15:19.140156+00:00
KXBTCD-26SEP1311-T75999.99,KXBTCD-26SEP1311,10,yes,0.99,yes,True,0.01,2026-09-13T15:15:20.039938+00:00,2026-09-13T14:15:19.140204+00:00
KXBTCD-26SEP1311-T77499.99,KXBTCD-26SEP1311,10,no,0.99,no,True,0.01,2026-09-13T15:15:20.039999+00:00,2026-09-13T14:30:22.372318+00:00
KXBTCD-26SEP1311-T77399.99,KXBTCD-26SEP1311,9,no,0.98,no,True,0.02,2026-09-13T15:15:20.040060+00:00,2026-09-13T14:30:22.372353+00:00
KXBTCD-26SEP1311-T76699.99,KXBTCD-26SEP1311,6,yes,0.98,yes,True,0.02,2026-09-13T15:15:20.040131+00:00,2026-09-13T14:30:22.372409+00:00
KXBTCD-26SEP1311-T76799.99,KXBTCD-26SEP1311,5,yes,0.98,yes,True,0.02,2026-09-13T15:15:20.040191+00:00,2026-09-13T14:39:17.971267+00:00
KXBTCD-26SEP1312-T77299.99,KXBTCD-26SEP1312,5,no,0.84,no,True,0.16,2026-09-13T16:15:25.714651+00:00,2026-09-13T15:01:01.150403+00:00
KXBTCD-26SEP1312-T77199.99,KXBTCD-26SEP1312,6,no,0.62,no,True,0.38,2026-09-13T16:15:25.714779+00:00,2026-09-13T15:01:01.150478+00:00
KXBTCD-26SEP1312-T76799.99,KXBTCD-26SEP1312,7,yes,0.97,yes,True,0.03,2026-09-13T16:15:25.714865+00:00,2026-09-13T15:01:01.150532+00:00
KXBTCD-26SEP1312-T76699.99,KXBTCD-26SEP1312,8,yes,0.98,yes,True,0.02,2026-09-13T16:15:25.714928+00:00,2026-09-13T15:01:01.150582+00:00
KXBTCD-26SEP1312-T77599.99,KXBTCD-26SEP1312,9,no,0.99,no,True,0.01,2026-09-13T16:15:25.714989+00:00,2026-09-13T15:15:20.047509+00:00
KXBTCD-26SEP1312-T77499.99,KXBTCD-26SEP1312,8,no,0.98,no,True,0.02,2026-09-13T16:15:25.715051+00:00,2026-09-13T15:15:20.047571+00:00
KXBTCD-26SEP1312-T77399.99,KXBTCD-26SEP1312,6,no,0.97,no,True,0.03,2026-09-13T16:15:25.715110+00:00,2026-09-13T15:15:20.047623+00:00
KXBTCD-26SEP1313-T77599.99,KXBTCD-26SEP1313,9,no,0.99,no,True,0.01,2026-09-13T17:15:19.151589+00:00,2026-09-13T16:15:25.722867+00:00
KXBTCD-26SEP1313-T77499.99,KXBTCD-26SEP1313,7,no,0.97,no,True,0.03,2026-09-13T17:15:19.151666+00:00,2026-09-13T16:15:25.722935+00:00
KXBTCD-26SEP1313-T77399.99,KXBTCD-26SEP1313,5,no,0.92,no,True,0.0799999999999999,2026-09-13T17:15:19.151730+00:00,2026-09-13T16:15:25.722989+00:00
KXBTCD-26SEP1313-T76899.99,KXBTCD-26SEP1313,6,yes,0.96,yes,True,0.04,2026-09-13T17:15:19.151791+00:00,2026-09-13T16:15:25.723039+00:00
KXBTCD-26SEP1313-T76799.99,KXBTCD-26SEP1313,8,yes,0.99,yes,True,0.01,2026-09-13T17:15:19.151852+00:00,2026-09-13T16:15:25.723087+00:00
KXBTCD-26SEP1313-T76699.99,KXBTCD-26SEP1313,10,yes,0.99,yes,True,0.01,2026-09-13T17:15:19.151919+00:00,2026-09-13T16:15:25.723134+00:00
KXBTCD-26SEP1313-T76999.99,KXBTCD-26SEP1313,5,yes,0.98,yes,True,0.02,2026-09-13T17:15:19.151980+00:00,2026-09-13T16:45:21.572470+00:00
KXBTCD-26SEP1314-T77099.99,KXBTCD-26SEP1314,5,yes,0.92,yes,True,0.0799999999999999,2026-09-13T18:15:22.820164+00:00,2026-09-13T17:00:25.587195+00:00
KXBTCD-26SEP1314-T77799.99,KXBTCD-26SEP1314,9,no,0.99,no,True,0.01,2026-09-13T18:15:22.820246+00:00,2026-09-13T17:15:19.159103+00:00
KXBTCD-26SEP1314-T77699.99,KXBTCD-26SEP1314,8,no,0.98,no,True,0.02,2026-09-13T18:15:22.820317+00:00,2026-09-13T17:15:19.159165+00:00
KXBTCD-26SEP1314-T77599.99,KXBTCD-26SEP1314,5,no,0.96,no,True,0.04,2026-09-13T18:15:22.820380+00:00,2026-09-13T17:15:19.159270+00:00
KXBTCD-26SEP1314-T76999.99,KXBTCD-26SEP1314,7,yes,0.99,yes,True,0.01,2026-09-13T18:15:22.820440+00:00,2026-09-13T17:15:19.159376+00:00
KXBTCD-26SEP1314-T76899.99,KXBTCD-26SEP1314,10,yes,0.99,yes,True,0.01,2026-09-13T18:15:22.820502+00:00,2026-09-13T17:15:19.159426+00:00
KXBTCD-26SEP1315-T77699.99,KXBTCD-26SEP1315,8,no,0.99,no,True,0.01,2026-09-13T19:15:25.847815+00:00,2026-09-13T18:15:22.827507+00:00
KXBTCD-26SEP1315-T77599.99,KXBTCD-26SEP1315,6,no,0.97,no,True,0.03,2026-09-13T19:15:25.847922+00:00,2026-09-13T18:15:22.827591+00:00
KXBTCD-26SEP1315-T77499.99,KXBTCD-26SEP1315,5,no,0.93,no,True,0.0699999999999999,2026-09-13T19:15:25.847993+00:00,2026-09-13T18:15:22.827647+00:00
KXBTCD-26SEP1315-T76999.99,KXBTCD-26SEP1315,7,yes,0.99,yes,True,0.01,2026-09-13T19:15:25.848057+00:00,2026-09-13T18:15:22.827696+00:00
KXBTCD-26SEP1315-T76899.99,KXBTCD-26SEP1315,9,yes,0.99,yes,True,0.01,2026-09-13T19:15:25.848120+00:00,2026-09-13T18:15:22.827743+00:00
KXBTCD-26SEP1315-T67599.99,KXBTCD-26SEP1315,10,yes,0.99,yes,True,0.01,2026-09-13T19:15:25.848192+00:00,2026-09-13T18:15:22.827790+00:00
KXBTCD-26SEP1315-T77099.99,KXBTCD-26SEP1315,5,yes,0.98,yes,True,0.02,2026-09-13T19:15:25.848254+00:00,2026-09-13T18:30:25.273727+00:00
KXBTCD-26SEP1316-T77799.99,KXBTCD-26SEP1316,10,no,0.99,no,True,0.01,2026-09-13T20:15:21.882453+00:00,2026-09-13T19:15:25.855387+00:00
KXBTCD-26SEP1316-T77699.99,KXBTCD-26SEP1316,8,no,0.99,no,True,0.01,2026-09-13T20:15:21.882517+00:00,2026-09-13T19:15:25.855449+00:00
KXBTCD-26SEP1316-T77599.99,KXBTCD-26SEP1316,6,no,0.99,no,True,0.01,2026-09-13T20:15:21.882559+00:00,2026-09-13T19:15:25.855504+00:00
KXBTCD-26SEP1316-T77099.99,KXBTCD-26SEP1316,5,yes,0.93,yes,True,0.0699999999999999,2026-09-13T20:15:21.882598+00:00,2026-09-13T19:15:25.855554+00:00
KXBTCD-26SEP1316-T76999.99,KXBTCD-26SEP1316,7,yes,0.98,yes,True,0.02,2026-09-13T20:15:21.882653+00:00,2026-09-13T19:15:25.855612+00:00
KXBTCD-26SEP1316-T76899.99,KXBTCD-26SEP1316,9,yes,0.99,yes,True,0.01,2026-09-13T20:15:21.882695+00:00,2026-09-13T19:15:25.855659+00:00
KXBTCD-26SEP1316-T77499.99,KXBTCD-26SEP1316,5,no,0.99,no,True,0.01,2026-09-13T20:15:21.882733+00:00,2026-09-13T19:30:24.643221+00:00
KXBTCD-26SEP1316-T67699.99,KXBTCD-26SEP1316,10,yes,0.99,yes,True,0.01,2026-09-13T20:15:21.882773+00:00,2026-09-13T19:45:19.572119+00:00
KXBTCD-26SEP1317-T78999.99,KXBTCD-26SEP1317,6,no,0.95,no,True,0.05,2026-09-13T21:15:20.702288+00:00,2026-09-12T20:15:36.873969+00:00
KXBTCD-26SEP1317-T77999.99,KXBTCD-26SEP1317,5,no,0.81,no,True,0.1899999999999999,2026-09-13T21:15:20.702355+00:00,2026-09-12T20:15:36.874030+00:00
KXBTCD-26SEP1317-T78499.99,KXBTCD-26SEP1317,9,no,0.89,no,True,0.1099999999999999,2026-09-13T21:15:20.702432+00:00,2026-09-12T20:30:50.769208+00:00
KXBTCD-26SEP1317-T78249.99,KXBTCD-26SEP1317,10,no,0.86,no,True,0.14,2026-09-13T21:15:20.702489+00:00,2026-09-12T20:30:50.769289+00:00
KXBTCD-26SEP1317-T77749.99,KXBTCD-26SEP1317,6,no,0.76,no,True,0.24,2026-09-13T21:15:20.702533+00:00,2026-09-12T20:30:50.769343+00:00
KXBTCD-26SEP1317-T77499.99,KXBTCD-26SEP1317,5,no,0.64,no,True,0.36,2026-09-13T21:15:20.702571+00:00,2026-09-12T20:30:50.769392+00:00
KXBTCD-26SEP1317-T75999.99,KXBTCD-26SEP1317,8,yes,0.88,yes,True,0.12,2026-09-13T21:15:20.702608+00:00,2026-09-12T20:30:50.769438+00:00
KXBTCD-26SEP1317-T75749.99,KXBTCD-26SEP1317,7,yes,0.91,yes,True,0.0899999999999999,2026-09-13T21:15:20.702645+00:00,2026-09-12T20:30:50.769486+00:00
KXBTCD-26SEP1317-T76249.99,KXBTCD-26SEP1317,5,yes,0.87,yes,True,0.13,2026-09-13T21:15:20.702681+00:00,2026-09-12T20:45:24.357392+00:00
KXBTCD-26SEP1317-T78749.99,KXBTCD-26SEP1317,9,no,0.93,no,True,0.0699999999999999,2026-09-13T21:15:20.702718+00:00,2026-09-12T21:00:31.590083+00:00
KXBTCD-26SEP1317-T76749.99,KXBTCD-26SEP1317,7,yes,0.66,yes,True,0.3399999999999999,2026-09-13T21:15:20.702754+00:00,2026-09-12T21:00:31.590273+00:00
KXBTCD-26SEP1317-T76499.99,KXBTCD-26SEP1317,6,yes,0.79,yes,True,0.2099999999999999,2026-09-13T21:15:20.702790+00:00,2026-09-12T21:15:18.627625+00:00
KXBTCD-26SEP1318-T77699.99,KXBTCD-26SEP1318,8,no,0.99,no,True,0.01,2026-09-13T22:15:20.360303+00:00,2026-09-13T21:15:20.709941+00:00
KXBTCD-26SEP1318-T77599.99,KXBTCD-26SEP1318,6,no,0.97,no,True,0.03,2026-09-13T22:15:20.360392+00:00,2026-09-13T21:15:20.709978+00:00
KXBTCD-26SEP1318-T77499.99,KXBTCD-26SEP1318,5,no,0.91,no,True,0.0899999999999999,2026-09-13T22:15:20.360456+00:00,2026-09-13T21:15:20.710010+00:00
KXBTCD-26SEP1318-T76999.99,KXBTCD-26SEP1318,7,yes,0.98,yes,True,0.02,2026-09-13T22:15:20.360518+00:00,2026-09-13T21:15:20.710041+00:00
KXBTCD-26SEP1318-T76899.99,KXBTCD-26SEP1318,10,yes,0.99,yes,True,0.01,2026-09-13T22:15:20.360589+00:00,2026-09-13T21:15:20.710071+00:00
KXBTCD-26SEP1318-T67599.99,KXBTCD-26SEP1318,9,yes,0.99,yes,True,0.01,2026-09-13T22:15:20.360651+00:00,2026-09-13T21:15:20.710101+00:00
KXBTCD-26SEP1318-T77099.99,KXBTCD-26SEP1318,5,yes,0.98,yes,True,0.02,2026-09-13T22:15:20.360767+00:00,2026-09-13T21:30:35.423602+00:00
KXBTCD-26SEP1318-T67699.99,KXBTCD-26SEP1318,10,yes,0.99,yes,True,0.01,2026-09-13T22:15:20.360829+00:00,2026-09-13T21:30:35.423713+00:00
KXBTCD-26SEP1319-T77399.99,KXBTCD-26SEP1319,7,no,0.96,no,True,0.04,2026-09-13T23:15:21.494535+00:00,2026-09-13T22:15:20.368493+00:00
KXBTCD-26SEP1319-T77299.99,KXBTCD-26SEP1319,6,no,0.93,no,True,0.0699999999999999,2026-09-13T23:15:21.494598+00:00,2026-09-13T22:15:20.368556+00:00
KXBTCD-26SEP1319-T76799.99,KXBTCD-26SEP1319,5,yes,0.66,no,False,-0.66,2026-09-13T23:15:21.494639+00:00,2026-09-13T22:15:20.368615+00:00
KXBTCD-26SEP1319-T76699.99,KXBTCD-26SEP1319,9,yes,0.78,no,False,-0.78,2026-09-13T23:15:21.494678+00:00,2026-09-13T22:15:20.368663+00:00
KXBTCD-26SEP1319-T76599.99,KXBTCD-26SEP1319,8,yes,0.86,yes,True,0.14,2026-09-13T23:15:21.494715+00:00,2026-09-13T22:15:20.368710+00:00
KXBTCD-26SEP1319-T76499.99,KXBTCD-26SEP1319,10,yes,0.92,yes,True,0.0799999999999999,2026-09-13T23:15:21.494752+00:00,2026-09-13T22:15:20.368755+00:00
KXBTCD-26SEP1319-T77099.99,KXBTCD-26SEP1319,5,no,0.92,no,True,0.0799999999999999,2026-09-13T23:15:21.494817+00:00,2026-09-13T22:30:22.868481+00:00
KXBTCD-26SEP1319-T77199.99,KXBTCD-26SEP1319,5,no,0.99,no,True,0.01,2026-09-13T23:15:21.494881+00:00,2026-09-13T22:45:22.510631+00:00
KXBTCD-26SEP1319-T76999.99,KXBTCD-26SEP1319,5,no,0.99,no,True,0.01,2026-09-13T23:15:21.494917+00:00,2026-09-13T23:00:23.638279+00:00
KXBTCD-26SEP1320-T77099.99,KXBTCD-26SEP1320,10,no,0.94,no,True,0.06,2026-09-14T00:15:54.712941+00:00,2026-09-13T23:15:21.501395+00:00
KXBTCD-26SEP1320-T76999.99,KXBTCD-26SEP1320,7,no,0.89,no,True,0.1099999999999999,2026-09-14T00:15:54.713019+00:00,2026-09-13T23:15:21.501439+00:00
KXBTCD-26SEP1320-T76899.99,KXBTCD-26SEP1320,6,no,0.81,no,True,0.1899999999999999,2026-09-14T00:15:54.713084+00:00,2026-09-13T23:15:21.501473+00:00
KXBTCD-26SEP1320-T76499.99,KXBTCD-26SEP1320,5,yes,0.81,yes,True,0.1899999999999999,2026-09-14T00:15:54.713146+00:00,2026-09-13T23:15:21.501505+00:00
KXBTCD-26SEP1320-T76399.99,KXBTCD-26SEP1320,8,yes,0.89,yes,True,0.1099999999999999,2026-09-14T00:15:54.713209+00:00,2026-09-13T23:15:21.501535+00:00
KXBTCD-26SEP1320-T76299.99,KXBTCD-26SEP1320,9,yes,0.94,yes,True,0.06,2026-09-14T00:15:54.713273+00:00,2026-09-13T23:15:21.501565+00:00
KXBTCD-26SEP1320-T67799.99,KXBTCD-26SEP1320,6,yes,0.99,yes,True,0.01,2026-09-14T00:15:54.713367+00:00,2026-09-13T23:35:24.312519+00:00
KXBTCD-26SEP1321-T77299.99,KXBTCD-26SEP1321,10,no,0.95,no,True,0.05,2026-09-14T01:15:21.728000+00:00,2026-09-14T00:15:54.720760+00:00
KXBTCD-26SEP1321-T77199.99,KXBTCD-26SEP1321,6,no,0.91,no,True,0.0899999999999999,2026-09-14T01:15:21.728066+00:00,2026-09-14T00:15:54.720819+00:00
KXBTCD-26SEP1321-T77099.99,KXBTCD-26SEP1321,5,no,0.83,no,True,0.17,2026-09-14T01:15:21.728109+00:00,2026-09-14T00:15:54.720870+00:00
KXBTCD-26SEP1321-T76599.99,KXBTCD-26SEP1321,7,yes,0.91,yes,True,0.0899999999999999,2026-09-14T01:15:21.728151+00:00,2026-09-14T00:15:54.720918+00:00
KXBTCD-26SEP1321-T76499.99,KXBTCD-26SEP1321,8,yes,0.95,yes,True,0.05,2026-09-14T01:15:21.728190+00:00,2026-09-14T00:15:54.720966+00:00
KXBTCD-26SEP1321-T76399.99,KXBTCD-26SEP1321,9,yes,0.97,yes,True,0.03,2026-09-14T01:15:21.728229+00:00,2026-09-14T00:15:54.721013+00:00
KXBTCD-26SEP1321-T76999.99,KXBTCD-26SEP1321,5,no,0.95,no,True,0.05,2026-09-14T01:15:21.728267+00:00,2026-09-14T00:30:27.139548+00:00
KXBTCD-26SEP1321-T76299.99,KXBTCD-26SEP1321,10,yes,0.7,yes,True,0.3,2026-09-14T01:15:21.728302+00:00,2026-09-14T00:30:27.139657+00:00
KXBTCD-26SEP1321-T76899.99,KXBTCD-26SEP1321,5,no,0.86,no,True,0.14,2026-09-14T01:15:21.728338+00:00,2026-09-14T00:45:24.302050+00:00
KXBTCD-26SEP1322-T77199.99,KXBTCD-26SEP1322,8,no,0.96,no,True,0.04,2026-09-14T02:15:22.476045+00:00,2026-09-14T01:15:21.735184+00:00
KXBTCD-26SEP1322-T77099.99,KXBTCD-26SEP1322,9,no,0.93,yes,False,-0.93,2026-09-14T02:15:22.476094+00:00,2026-09-14T01:15:21.735229+00:00
KXBTCD-26SEP1322-T76999.99,KXBTCD-26SEP1322,7,no,0.87,yes,False,-0.87,2026-09-14T02:15:22.476122+00:00,2026-09-14T01:15:21.735264+00:00
KXBTCD-26SEP1322-T76899.99,KXBTCD-26SEP1322,5,no,0.76,yes,False,-0.76,2026-09-14T02:15:22.476148+00:00,2026-09-14T01:15:21.735298+00:00
KXBTCD-26SEP1322-T76399.99,KXBTCD-26SEP1322,6,yes,0.92,yes,True,0.0799999999999999,2026-09-14T02:15:22.476176+00:00,2026-09-14T01:15:21.735330+00:00
KXBTCD-26SEP1322-T76299.99,KXBTCD-26SEP1322,10,yes,0.95,yes,True,0.05,2026-09-14T02:15:22.476202+00:00,2026-09-14T01:15:21.735360+00:00
KXBTCD-26SEP1322-T76499.99,KXBTCD-26SEP1322,5,yes,0.95,yes,True,0.05,2026-09-14T02:15:22.476227+00:00,2026-09-14T01:30:24.869785+00:00
KXBTCD-26SEP1322-T76599.99,KXBTCD-26SEP1322,6,yes,0.99,yes,True,0.01,2026-09-14T02:15:22.476253+00:00,2026-09-14T02:00:21.531164+00:00
KXBTCD-26SEP1323-T77599.99,KXBTCD-26SEP1323,10,no,0.84,no,True,0.16,2026-09-14T03:15:21.810671+00:00,2026-09-14T02:15:22.481599+00:00
KXBTCD-26SEP1323-T77499.99,KXBTCD-26SEP1323,7,no,0.73,yes,False,-0.73,2026-09-14T03:15:21.810752+00:00,2026-09-14T02:15:22.481633+00:00
KXBTCD-26SEP1323-T76999.99,KXBTCD-26SEP1323,5,yes,0.9,yes,True,0.0999999999999999,2026-09-14T03:15:21.810816+00:00,2026-09-14T02:15:22.481674+00:00
KXBTCD-26SEP1323-T76799.99,KXBTCD-26SEP1323,8,yes,0.96,yes,True,0.04,2026-09-14T03:15:21.810878+00:00,2026-09-14T02:15:22.481695+00:00
KXBTCD-26SEP1323-T76699.99,KXBTCD-26SEP1323,9,yes,0.97,yes,True,0.03,2026-09-14T03:15:21.810976+00:00,2026-09-14T02:15:22.481716+00:00
KXBTCD-26SEP1323-T77699.99,KXBTCD-26SEP1323,10,no,0.82,no,True,0.18,2026-09-14T03:15:21.811099+00:00,2026-09-14T02:30:21.224942+00:00
KXBTCD-26SEP1323-T77099.99,KXBTCD-26SEP1323,5,yes,0.94,yes,True,0.06,2026-09-14T03:15:21.811159+00:00,2026-09-14T02:30:21.225002+00:00
KXBTCD-26SEP1323-T76899.99,KXBTCD-26SEP1323,8,yes,0.97,yes,True,0.03,2026-09-14T03:15:21.811219+00:00,2026-09-14T02:30:21.225044+00:00
KXBTCD-26SEP1323-T77799.99,KXBTCD-26SEP1323,10,no,0.97,no,True,0.03,2026-09-14T03:15:21.811277+00:00,2026-09-14T02:45:19.045329+00:00
KXBTCD-26SEP1323-T77299.99,KXBTCD-26SEP1323,5,yes,0.99,yes,True,0.01,2026-09-14T03:15:21.811337+00:00,2026-09-14T03:00:23.170111+00:00
KXBTCD-26SEP1323-T77199.99,KXBTCD-26SEP1323,6,yes,0.99,yes,True,0.01,2026-09-14T03:15:21.811397+00:00,2026-09-14T03:00:23.170153+00:00
KXBTCD-26SEP1400-T78099.99,KXBTCD-26SEP1400,8,no,0.91,no,True,0.0899999999999999,2026-09-14T04:15:24.757931+00:00,2026-09-14T03:15:21.818685+00:00
KXBTCD-26SEP1400-T77899.99,KXBTCD-26SEP1400,5,no,0.72,no,True,0.28,2026-09-14T04:15:24.758019+00:00,2026-09-14T03:15:21.818742+00:00
KXBTCD-26SEP1400-T77499.99,KXBTCD-26SEP1400,6,yes,0.86,yes,True,0.14,2026-09-14T04:15:24.758085+00:00,2026-09-14T03:15:21.818800+00:00
KXBTCD-26SEP1400-T77399.99,KXBTCD-26SEP1400,7,yes,0.92,yes,True,0.0799999999999999,2026-09-14T04:15:24.758148+00:00,2026-09-14T03:15:21.818851+00:00
KXBTCD-26SEP1400-T77299.99,KXBTCD-26SEP1400,9,yes,0.95,yes,True,0.05,2026-09-14T04:15:24.758234+00:00,2026-09-14T03:15:21.818939+00:00
KXBTCD-26SEP1400-T77199.99,KXBTCD-26SEP1400,10,yes,0.97,yes,True,0.03,2026-09-14T04:15:24.758302+00:00,2026-09-14T03:15:21.819012+00:00
KXBTCD-26SEP1400-T77999.99,KXBTCD-26SEP1400,6,no,0.89,no,True,0.1099999999999999,2026-09-14T04:15:24.758365+00:00,2026-09-14T03:30:21.644310+00:00
KXBTCD-26SEP1401-T77999.99,KXBTCD-26SEP1401,8,no,0.97,no,True,0.03,2026-09-14T05:15:30.244676+00:00,2026-09-14T04:15:24.765969+00:00
KXBTCD-26SEP1401-T77899.99,KXBTCD-26SEP1401,9,no,0.96,no,True,0.04,2026-09-14T05:15:30.244762+00:00,2026-09-14T04:15:24.766041+00:00
KXBTCD-26SEP1401-T77799.99,KXBTCD-26SEP1401,6,no,0.9,no,True,0.0999999999999999,2026-09-14T05:15:30.244829+00:00,2026-09-14T04:15:24.766097+00:00
KXBTCD-26SEP1401-T77299.99,KXBTCD-26SEP1401,7,yes,0.9,yes,True,0.0999999999999999,2026-09-14T05:15:30.244901+00:00,2026-09-14T04:15:24.766149+00:00
KXBTCD-26SEP1401-T77199.99,KXBTCD-26SEP1401,5,yes,0.96,yes,True,0.04,2026-09-14T05:15:30.244963+00:00,2026-09-14T04:15:24.766222+00:00
KXBTCD-26SEP1401-T77099.99,KXBTCD-26SEP1401,10,yes,0.98,yes,True,0.02,2026-09-14T05:15:30.245024+00:00,2026-09-14T04:15:24.766276+00:00
KXBTCD-26SEP1402-T78099.99,KXBTCD-26SEP1402,10,no,0.98,no,True,0.02,2026-09-14T06:15:21.808089+00:00,2026-09-14T05:15:30.252618+00:00
KXBTCD-26SEP1402-T77999.99,KXBTCD-26SEP1402,8,no,0.97,no,True,0.03,2026-09-14T06:15:21.808179+00:00,2026-09-14T05:15:30.252682+00:00
KXBTCD-26SEP1402-T77899.99,KXBTCD-26SEP1402,9,no,0.95,no,True,0.05,2026-09-14T06:15:21.808276+00:00,2026-09-14T05:15:30.252735+00:00
KXBTCD-26SEP1402-T77799.99,KXBTCD-26SEP1402,5,no,0.88,no,True,0.12,2026-09-14T06:15:21.808343+00:00,2026-09-14T05:15:30.252785+00:00
KXBTCD-26SEP1402-T77399.99,KXBTCD-26SEP1402,6,yes,0.87,yes,True,0.13,2026-09-14T06:15:21.808411+00:00,2026-09-14T05:15:30.252833+00:00
KXBTCD-26SEP1402-T77199.99,KXBTCD-26SEP1402,7,yes,0.97,yes,True,0.03,2026-09-14T06:15:21.808474+00:00,2026-09-14T05:15:30.252881+00:00
KXBTCD-26SEP1402-T77299.99,KXBTCD-26SEP1402,5,yes,0.93,yes,True,0.0699999999999999,2026-09-14T06:15:21.808535+00:00,2026-09-14T05:30:26.068757+00:00
KXBTCD-26SEP1403-T78199.99,KXBTCD-26SEP1403,9,no,0.97,no,True,0.03,2026-09-14T07:15:20.993727+00:00,2026-09-14T06:15:21.815902+00:00
KXBTCD-26SEP1403-T78099.99,KXBTCD-26SEP1403,8,no,0.96,no,True,0.04,2026-09-14T07:15:20.993819+00:00,2026-09-14T06:15:21.815969+00:00
KXBTCD-26SEP1403-T77999.99,KXBTCD-26SEP1403,6,no,0.91,no,True,0.0899999999999999,2026-09-14T07:15:20.993887+00:00,2026-09-14T06:15:21.816023+00:00
KXBTCD-26SEP1403-T77499.99,KXBTCD-26SEP1403,5,yes,0.86,yes,True,0.14,2026-09-14T07:15:20.993956+00:00,2026-09-14T06:15:21.816073+00:00
KXBTCD-26SEP1403-T77399.99,KXBTCD-26SEP1403,7,yes,0.94,yes,True,0.06,2026-09-14T07:15:20.994018+00:00,2026-09-14T06:15:21.816123+00:00
KXBTCD-26SEP1403-T77299.99,KXBTCD-26SEP1403,10,yes,0.98,yes,True,0.02,2026-09-14T07:15:20.994080+00:00,2026-09-14T06:15:21.816172+00:00
KXBTCD-26SEP1403-T77899.99,KXBTCD-26SEP1403,5,no,0.95,no,True,0.05,2026-09-14T07:15:20.994171+00:00,2026-09-14T06:45:20.121366+00:00
KXBTCD-26SEP1403-T77199.99,KXBTCD-26SEP1403,9,yes,0.98,yes,True,0.02,2026-09-14T07:15:20.994233+00:00,2026-09-14T06:45:20.121464+00:00
KXBTCD-26SEP1404-T77999.99,KXBTCD-26SEP1404,8,no,0.95,no,True,0.05,2026-09-14T08:15:25.542309+00:00,2026-09-14T07:15:21.002024+00:00
KXBTCD-26SEP1404-T77899.99,KXBTCD-26SEP1404,6,no,0.91,no,True,0.0899999999999999,2026-09-14T08:15:25.542435+00:00,2026-09-14T07:15:21.002114+00:00
KXBTCD-26SEP1404-T77399.99,KXBTCD-26SEP1404,7,yes,0.9,yes,True,0.0999999999999999,2026-09-14T08:15:25.542526+00:00,2026-09-14T07:15:21.002186+00:00
KXBTCD-26SEP1404-T77299.99,KXBTCD-26SEP1404,5,yes,0.94,yes,True,0.06,2026-09-14T08:15:25.542593+00:00,2026-09-14T07:15:21.002239+00:00
KXBTCD-26SEP1404-T77199.99,KXBTCD-26SEP1404,9,yes,0.97,yes,True,0.03,2026-09-14T08:15:25.542656+00:00,2026-09-14T07:15:21.002291+00:00
KXBTCD-26SEP1404-T77099.99,KXBTCD-26SEP1404,10,yes,0.98,yes,True,0.02,2026-09-14T08:15:25.542718+00:00,2026-09-14T07:15:21.002353+00:00
KXBTCD-26SEP1404-T78099.99,KXBTCD-26SEP1404,10,no,0.97,no,True,0.03,2026-09-14T08:15:25.542778+00:00,2026-09-14T07:45:22.646887+00:00
KXBTCD-26SEP1404-T77499.99,KXBTCD-26SEP1404,5,yes,0.97,yes,True,0.03,2026-09-14T08:15:25.542838+00:00,2026-09-14T07:45:22.646956+00:00
KXBTCD-26SEP1405-T78299.99,KXBTCD-26SEP1405,10,no,0.98,no,True,0.02,2026-09-14T09:15:57.402800+00:00,2026-09-14T08:15:25.549816+00:00
KXBTCD-26SEP1405-T78199.99,KXBTCD-26SEP1405,8,no,0.97,no,True,0.03,2026-09-14T09:15:57.402887+00:00,2026-09-14T08:15:25.549877+00:00
KXBTCD-26SEP1405-T78099.99,KXBTCD-26SEP1405,9,no,0.95,no,True,0.05,2026-09-14T09:15:57.402952+00:00,2026-09-14T08:15:25.549929+00:00
KXBTCD-26SEP1405-T77999.99,KXBTCD-26SEP1405,5,no,0.9,no,True,0.0999999999999999,2026-09-14T09:15:57.403013+00:00,2026-09-14T08:15:25.549979+00:00
KXBTCD-26SEP1405-T77499.99,KXBTCD-26SEP1405,6,yes,0.89,yes,True,0.1099999999999999,2026-09-14T09:15:57.403073+00:00,2026-09-14T08:15:25.550028+00:00
KXBTCD-26SEP1405-T77399.99,KXBTCD-26SEP1405,7,yes,0.94,yes,True,0.06,2026-09-14T09:15:57.403132+00:00,2026-09-14T08:15:25.550077+00:00
KXBTCD-26SEP1406-T78099.99,KXBTCD-26SEP1406,7,no,0.97,yes,False,-0.97,2026-09-14T10:15:21.887168+00:00,2026-09-14T09:15:57.410582+00:00
KXBTCD-26SEP1406-T77999.99,KXBTCD-26SEP1406,6,no,0.95,yes,False,-0.95,2026-09-14T10:15:21.887337+00:00,2026-09-14T09:15:57.410651+00:00
KXBTCD-26SEP1406-T77899.99,KXBTCD-26SEP1406,5,no,0.91,yes,False,-0.91,2026-09-14T10:15:21.887387+00:00,2026-09-14T09:15:57.410710+00:00
KXBTCD-26SEP1406-T77399.99,KXBTCD-26SEP1406,8,yes,0.88,yes,True,0.12,2026-09-14T10:15:21.887426+00:00,2026-09-14T09:15:57.410772+00:00
KXBTCD-26SEP1406-T77299.99,KXBTCD-26SEP1406,9,yes,0.94,yes,True,0.06,2026-09-14T10:15:21.887463+00:00,2026-09-14T09:15:57.410825+00:00
KXBTCD-26SEP1406-T77199.99,KXBTCD-26SEP1406,10,yes,0.97,yes,True,0.03,2026-09-14T10:15:21.887499+00:00,2026-09-14T09:15:57.410881+00:00
KXBTCD-26SEP1406-T78199.99,KXBTCD-26SEP1406,10,no,0.98,no,True,0.02,2026-09-14T10:15:21.887534+00:00,2026-09-14T09:45:20.364064+00:00
KXBTCD-26SEP1406-T77499.99,KXBTCD-26SEP1406,5,yes,0.98,yes,True,0.02,2026-09-14T10:15:21.887570+00:00,2026-09-14T09:45:20.364216+00:00
KXBTCD-26SEP1406-T78399.99,KXBTCD-26SEP1406,10,no,0.99,no,True,0.01,2026-09-14T10:15:21.887605+00:00,2026-09-14T10:00:24.130570+00:00
KXBTCD-26SEP1406-T78299.99,KXBTCD-26SEP1406,8,no,0.99,no,True,0.01,2026-09-14T10:15:21.887641+00:00,2026-09-14T10:00:24.130636+00:00
KXBTCD-26SEP1406-T77699.99,KXBTCD-26SEP1406,6,yes,0.99,yes,True,0.01,2026-09-14T10:15:21.887676+00:00,2026-09-14T10:00:24.130724+00:00
KXBTCD-26SEP1406-T77599.99,KXBTCD-26SEP1406,7,yes,0.99,yes,True,0.01,2026-09-14T10:15:21.887711+00:00,2026-09-14T10:00:24.130853+00:00
KXBTCD-26SEP1407-T78499.99,KXBTCD-26SEP1407,9,no,0.96,no,True,0.04,2026-09-14T11:15:25.022078+00:00,2026-09-14T10:15:21.894302+00:00
KXBTCD-26SEP1407-T78399.99,KXBTCD-26SEP1407,6,no,0.94,no,True,0.06,2026-09-14T11:15:25.022142+00:00,2026-09-14T10:15:21.894356+00:00
KXBTCD-26SEP1407-T78299.99,KXBTCD-26SEP1407,8,no,0.89,no,True,0.1099999999999999,2026-09-14T11:15:25.022197+00:00,2026-09-14T10:15:21.894396+00:00
KXBTCD-26SEP1407-T77899.99,KXBTCD-26SEP1407,5,yes,0.69,no,False,-0.69,2026-09-14T11:15:25.022239+00:00,2026-09-14T10:15:21.894430+00:00
KXBTCD-26SEP1407-T77699.99,KXBTCD-26SEP1407,7,yes,0.91,yes,True,0.0899999999999999,2026-09-14T11:15:25.022277+00:00,2026-09-14T10:15:21.894465+00:00
KXBTCD-26SEP1407-T77599.99,KXBTCD-26SEP1407,10,yes,0.94,yes,True,0.06,2026-09-14T11:15:25.022313+00:00,2026-09-14T10:15:21.894495+00:00
KXBTCD-26SEP1407-T77799.99,KXBTCD-26SEP1407,5,yes,0.8,yes,True,0.1999999999999999,2026-09-14T11:15:25.022349+00:00,2026-09-14T10:30:24.339649+00:00
KXBTCD-26SEP1407-T78199.99,KXBTCD-26SEP1407,5,no,0.99,no,True,0.01,2026-09-14T11:15:25.022385+00:00,2026-09-14T11:00:22.683139+00:00
KXBTCD-26SEP1408-T78299.99,KXBTCD-26SEP1408,7,no,0.98,no,True,0.02,2026-09-14T12:15:24.038230+00:00,2026-09-14T11:15:25.028980+00:00
KXBTCD-26SEP1408-T78099.99,KXBTCD-26SEP1408,10,no,0.96,no,True,0.04,2026-09-14T12:15:24.038314+00:00,2026-09-14T11:15:25.029034+00:00
KXBTCD-26SEP1408-T77999.99,KXBTCD-26SEP1408,6,no,0.91,no,True,0.0899999999999999,2026-09-14T12:15:24.038378+00:00,2026-09-14T11:15:25.029073+00:00
KXBTCD-26SEP1408-T77499.99,KXBTCD-26SEP1408,5,yes,0.89,yes,True,0.1099999999999999,2026-09-14T12:15:24.038441+00:00,2026-09-14T11:15:25.029107+00:00
KXBTCD-26SEP1408-T77399.99,KXBTCD-26SEP1408,8,yes,0.94,yes,True,0.06,2026-09-14T12:15:24.038501+00:00,2026-09-14T11:15:25.029139+00:00
KXBTCD-26SEP1408-T77299.99,KXBTCD-26SEP1408,9,yes,0.97,yes,True,0.03,2026-09-14T12:15:24.038562+00:00,2026-09-14T11:15:25.029187+00:00
KXBTCD-26SEP1408-T78199.99,KXBTCD-26SEP1408,10,no,0.97,no,True,0.03,2026-09-14T12:15:24.038626+00:00,2026-09-14T11:30:27.555272+00:00
KXBTCD-26SEP1409-T78199.99,KXBTCD-26SEP1409,10,no,0.95,no,True,0.05,2026-09-14T13:15:19.887173+00:00,2026-09-14T12:15:24.046119+00:00
KXBTCD-26SEP1409-T78099.99,KXBTCD-26SEP1409,8,no,0.91,no,True,0.0899999999999999,2026-09-14T13:15:19.887232+00:00,2026-09-14T12:15:24.046192+00:00
KXBTCD-26SEP1409-T77899.99,KXBTCD-26SEP1409,5,no,0.68,no,True,0.3199999999999999,2026-09-14T13:15:19.887272+00:00,2026-09-14T12:15:24.046246+00:00
KXBTCD-26SEP1409-T77499.99,KXBTCD-26SEP1409,6,yes,0.91,yes,True,0.0899999999999999,2026-09-14T13:15:19.887310+00:00,2026-09-14T12:15:24.046296+00:00
KXBTCD-26SEP1409-T77399.99,KXBTCD-26SEP1409,7,yes,0.96,yes,True,0.04,2026-09-14T13:15:19.887348+00:00,2026-09-14T12:15:24.046344+00:00
KXBTCD-26SEP1409-T77299.99,KXBTCD-26SEP1409,9,yes,0.97,yes,True,0.03,2026-09-14T13:15:19.887387+00:00,2026-09-14T12:15:24.046393+00:00
KXBTCD-26SEP1409-T77599.99,KXBTCD-26SEP1409,5,yes,0.95,yes,True,0.05,2026-09-14T13:15:19.887424+00:00,2026-09-14T12:30:26.194642+00:00
KXBTCD-26SEP1409-T77999.99,KXBTCD-26SEP1409,5,no,0.99,no,True,0.01,2026-09-14T13:15:19.887461+00:00,2026-09-14T13:00:24.221521+00:00
KXBTCD-26SEP1410-T78099.99,KXBTCD-26SEP1410,8,no,0.88,yes,False,-0.88,2026-09-14T14:15:24.201121+00:00,2026-09-14T13:15:19.893877+00:00
KXBTCD-26SEP1410-T77999.99,KXBTCD-26SEP1410,10,no,0.83,yes,False,-0.83,2026-09-14T14:15:24.201174+00:00,2026-09-14T13:15:19.893932+00:00
KXBTCD-26SEP1410-T77899.99,KXBTCD-26SEP1410,6,no,0.73,yes,False,-0.73,2026-09-14T14:15:24.201209+00:00,2026-09-14T13:15:19.893971+00:00
KXBTCD-26SEP1410-T77799.99,KXBTCD-26SEP1410,7,no,0.62,yes,False,-0.62,2026-09-14T14:15:24.201242+00:00,2026-09-14T13:15:19.894006+00:00
KXBTCD-26SEP1410-T77199.99,KXBTCD-26SEP1410,9,yes,0.92,yes,True,0.0799999999999999,2026-09-14T14:15:24.201275+00:00,2026-09-14T13:15:19.894079+00:00
KXBTCD-26SEP1410-T77399.99,KXBTCD-26SEP1410,5,yes,0.88,yes,True,0.12,2026-09-14T14:15:24.201309+00:00,2026-09-14T13:30:24.355264+00:00
KXBTCD-26SEP1410-T77299.99,KXBTCD-26SEP1410,7,yes,0.92,yes,True,0.0799999999999999,2026-09-14T14:15:24.201340+00:00,2026-09-14T13:30:24.355305+00:00
KXBTCD-26SEP1410-T78199.99,KXBTCD-26SEP1410,10,no,0.61,no,True,0.39,2026-09-14T14:15:24.201371+00:00,2026-09-14T13:45:21.001969+00:00
KXBTCD-26SEP1410-T77699.99,KXBTCD-26SEP1410,5,yes,0.93,yes,True,0.0699999999999999,2026-09-14T14:15:24.201403+00:00,2026-09-14T13:45:21.002051+00:00
KXBTCD-26SEP1410-T77499.99,KXBTCD-26SEP1410,6,yes,0.96,yes,True,0.04,2026-09-14T14:15:24.201434+00:00,2026-09-14T13:45:21.002084+00:00
KXBTCD-26SEP1410-T78299.99,KXBTCD-26SEP1410,10,yes,0.69,no,False,-0.69,2026-09-14T14:15:24.201465+00:00,2026-09-14T13:50:55.124462+00:00
KXBTCD-26SEP1410-T77599.99,KXBTCD-26SEP1410,5,yes,0.98,yes,True,0.02,2026-09-14T14:15:24.201495+00:00,2026-09-14T13:50:55.124698+00:00
KXBTCD-26SEP1411-T78999.99,KXBTCD-26SEP1411,8,no,0.88,no,True,0.12,2026-09-14T15:15:29.695670+00:00,2026-09-14T14:15:24.206967+00:00
KXBTCD-26SEP1411-T78299.99,KXBTCD-26SEP1411,6,yes,0.68,yes,True,0.3199999999999999,2026-09-14T15:15:29.695761+00:00,2026-09-14T14:15:24.207007+00:00
KXBTCD-26SEP1411-T78199.99,KXBTCD-26SEP1411,5,yes,0.76,yes,True,0.24,2026-09-14T15:15:29.695827+00:00,2026-09-14T14:15:24.207035+00:00
KXBTCD-26SEP1411-T78099.99,KXBTCD-26SEP1411,7,yes,0.81,yes,True,0.1899999999999999,2026-09-14T15:15:29.695891+00:00,2026-09-14T14:15:24.207060+00:00
KXBTCD-26SEP1411-T77999.99,KXBTCD-26SEP1411,9,yes,0.87,yes,True,0.13,2026-09-14T15:15:29.695965+00:00,2026-09-14T14:15:24.207107+00:00
KXBTCD-26SEP1411-T77899.99,KXBTCD-26SEP1411,10,yes,0.9,yes,True,0.0999999999999999,2026-09-14T15:15:29.696028+00:00,2026-09-14T14:15:24.207137+00:00
KXBTCD-26SEP1411-T78899.99,KXBTCD-26SEP1411,9,no,0.9,no,True,0.0999999999999999,2026-09-14T15:15:29.696089+00:00,2026-09-14T14:30:27.355445+00:00
KXBTCD-26SEP1411-T78699.99,KXBTCD-26SEP1411,6,no,0.78,no,True,0.2199999999999999,2026-09-14T15:15:29.696151+00:00,2026-09-14T14:30:27.355517+00:00
KXBTCD-26SEP1411-T78799.99,KXBTCD-26SEP1411,7,no,0.96,no,True,0.04,2026-09-14T15:15:29.696213+00:00,2026-09-14T14:45:25.153504+00:00
KXBTCD-26SEP1412-T78899.99,KXBTCD-26SEP1412,10,no,0.88,no,True,0.12,2026-09-14T16:15:30.559101+00:00,2026-09-14T15:15:29.703247+00:00
KXBTCD-26SEP1412-T78699.99,KXBTCD-26SEP1412,8,no,0.75,no,True,0.25,2026-09-14T16:15:30.559149+00:00,2026-09-14T15:15:29.703311+00:00
KXBTCD-26SEP1412-T78599.99,KXBTCD-26SEP1412,5,no,0.63,no,True,0.37,2026-09-14T16:15:30.559180+00:00,2026-09-14T15:15:29.703365+00:00
KXBTCD-26SEP1412-T78199.99,KXBTCD-26SEP1412,6,yes,0.78,yes,True,0.2199999999999999,2026-09-14T16:15:30.559208+00:00,2026-09-14T15:15:29.703417+00:00
KXBTCD-26SEP1412-T78099.99,KXBTCD-26SEP1412,7,yes,0.86,yes,True,0.14,2026-09-14T16:15:30.559234+00:00,2026-09-14T15:15:29.703468+00:00
KXBTCD-26SEP1412-T77999.99,KXBTCD-26SEP1412,9,yes,0.91,yes,True,0.0899999999999999,2026-09-14T16:15:30.559261+00:00,2026-09-14T15:15:29.703520+00:00
KXBTCD-26SEP1412-T78999.99,KXBTCD-26SEP1412,10,no,0.97,no,True,0.03,2026-09-14T16:15:30.559288+00:00,2026-09-14T15:30:25.264570+00:00
KXBTCD-26SEP1412-T78299.99,KXBTCD-26SEP1412,6,yes,0.64,yes,True,0.36,2026-09-14T16:15:30.559320+00:00,2026-09-14T15:30:25.264641+00:00
KXBTCD-26SEP1412-T78799.99,KXBTCD-26SEP1412,7,no,0.91,no,True,0.0899999999999999,2026-09-14T16:15:30.559367+00:00,2026-09-14T15:45:27.927284+00:00
KXBTCD-26SEP1413-T79099.99,KXBTCD-26SEP1413,10,no,0.98,no,True,0.02,2026-09-14T17:15:25.495607+00:00,2026-09-14T16:15:30.564717+00:00
KXBTCD-26SEP1413-T78899.99,KXBTCD-26SEP1413,8,no,0.95,no,True,0.05,2026-09-14T17:15:25.495687+00:00,2026-09-14T16:15:30.564760+00:00
KXBTCD-26SEP1413-T78299.99,KXBTCD-26SEP1413,5,yes,0.72,yes,True,0.28,2026-09-14T17:15:25.495751+00:00,2026-09-14T16:15:30.564785+00:00
KXBTCD-26SEP1413-T78199.99,KXBTCD-26SEP1413,6,yes,0.83,yes,True,0.17,2026-09-14T17:15:25.495811+00:00,2026-09-14T16:15:30.564808+00:00
KXBTCD-26SEP1413-T78099.99,KXBTCD-26SEP1413,7,yes,0.9,yes,True,0.0999999999999999,2026-09-14T17:15:25.495879+00:00,2026-09-14T16:15:30.564832+00:00
KXBTCD-26SEP1413-T77899.99,KXBTCD-26SEP1413,9,yes,0.97,yes,True,0.03,2026-09-14T17:15:25.495939+00:00,2026-09-14T16:15:30.564854+00:00
KXBTCD-26SEP1413-T78999.99,KXBTCD-26SEP1413,9,no,0.9,no,True,0.0999999999999999,2026-09-14T17:15:25.495997+00:00,2026-09-14T16:30:27.182430+00:00
KXBTCD-26SEP1413-T78399.99,KXBTCD-26SEP1413,6,yes,0.84,yes,True,0.16,2026-09-14T17:15:25.496055+00:00,2026-09-14T16:30:27.182507+00:00
KXBTCD-26SEP1414-T79399.99,KXBTCD-26SEP1414,9,no,0.98,no,True,0.02,2026-09-14T18:15:21.232429+00:00,2026-09-14T17:15:25.503018+00:00
KXBTCD-26SEP1414-T79199.99,KXBTCD-26SEP1414,8,no,0.94,no,True,0.06,2026-09-14T18:15:21.232491+00:00,2026-09-14T17:15:25.503079+00:00
KXBTCD-26SEP1414-T79099.99,KXBTCD-26SEP1414,7,no,0.88,no,True,0.12,2026-09-14T18:15:21.232532+00:00,2026-09-14T17:15:25.503132+00:00
KXBTCD-26SEP1414-T78999.99,KXBTCD-26SEP1414,6,no,0.77,no,True,0.2299999999999999,2026-09-14T18:15:21.232595+00:00,2026-09-14T17:15:25.503181+00:00
KXBTCD-26SEP1414-T78599.99,KXBTCD-26SEP1414,5,yes,0.82,yes,True,0.18,2026-09-14T18:15:21.232644+00:00,2026-09-14T17:15:25.503228+00:00
KXBTCD-26SEP1414-T78399.99,KXBTCD-26SEP1414,10,yes,0.96,yes,True,0.04,2026-09-14T18:15:21.232688+00:00,2026-09-14T17:15:25.503277+00:00
KXBTCD-26SEP1414-T79299.99,KXBTCD-26SEP1414,9,no,0.97,no,True,0.03,2026-09-14T18:15:21.232724+00:00,2026-09-14T17:30:27.944516+00:00
KXBTCD-26SEP1414-T78499.99,KXBTCD-26SEP1414,6,yes,0.99,yes,True,0.01,2026-09-14T18:15:21.232759+00:00,2026-09-14T17:45:26.841412+00:00
KXBTCD-26SEP1415-T79399.99,KXBTCD-26SEP1415,10,no,0.97,no,True,0.03,2026-09-14T19:15:22.528118+00:00,2026-09-14T18:15:21.239724+00:00
KXBTCD-26SEP1415-T79299.99,KXBTCD-26SEP1415,9,no,0.96,no,True,0.04,2026-09-14T19:15:22.528161+00:00,2026-09-14T18:15:21.239778+00:00
KXBTCD-26SEP1415-T79199.99,KXBTCD-26SEP1415,5,no,0.93,yes,False,-0.93,2026-09-14T19:15:22.528184+00:00,2026-09-14T18:15:21.239816+00:00
KXBTCD-26SEP1415-T78599.99,KXBTCD-26SEP1415,6,yes,0.88,yes,True,0.12,2026-09-14T19:15:22.528207+00:00,2026-09-14T18:15:21.239873+00:00
KXBTCD-26SEP1415-T78399.99,KXBTCD-26SEP1415,8,yes,0.96,yes,True,0.04,2026-09-14T19:15:22.528238+00:00,2026-09-14T18:15:21.239905+00:00
KXBTCD-26SEP1415-T79499.99,KXBTCD-26SEP1415,9,no,0.91,no,True,0.0899999999999999,2026-09-14T19:15:22.528259+00:00,2026-09-14T18:30:29.441119+00:00
KXBTCD-26SEP1415-T78799.99,KXBTCD-26SEP1415,5,yes,0.91,yes,True,0.0899999999999999,2026-09-14T19:15:22.528280+00:00,2026-09-14T18:30:29.441260+00:00
KXBTCD-26SEP1415-T78699.99,KXBTCD-26SEP1415,6,yes,0.94,yes,True,0.06,2026-09-14T19:15:22.528300+00:00,2026-09-14T18:30:29.441310+00:00
KXBTCD-26SEP1415-T78899.99,KXBTCD-26SEP1415,5,yes,0.99,yes,True,0.01,2026-09-14T19:15:22.528346+00:00,2026-09-14T18:54:47.412057+00:00
KXBTCD-26SEP1416-T79599.99,KXBTCD-26SEP1416,10,no,0.97,no,True,0.03,2026-09-14T20:15:25.125772+00:00,2026-09-14T19:15:22.533157+00:00
KXBTCD-26SEP1416-T79499.99,KXBTCD-26SEP1416,6,no,0.94,no,True,0.06,2026-09-14T20:15:25.125820+00:00,2026-09-14T19:15:22.533205+00:00
KXBTCD-26SEP1416-T79399.99,KXBTCD-26SEP1416,8,no,0.89,no,True,0.1099999999999999,2026-09-14T20:15:25.125871+00:00,2026-09-14T19:15:22.533257+00:00
KXBTCD-26SEP1416-T78899.99,KXBTCD-26SEP1416,5,yes,0.77,yes,True,0.2299999999999999,2026-09-14T20:15:25.125905+00:00,2026-09-14T19:15:22.533291+00:00
KXBTCD-26SEP1416-T78799.99,KXBTCD-26SEP1416,7,yes,0.86,yes,True,0.14,2026-09-14T20:15:25.125937+00:00,2026-09-14T19:15:22.533324+00:00
KXBTCD-26SEP1416-T78699.99,KXBTCD-26SEP1416,9,yes,0.94,yes,True,0.06,2026-09-14T20:15:25.125969+00:00,2026-09-14T19:15:22.533354+00:00
KXBTCD-26SEP1417-T80249.99,KXBTCD-26SEP1417,6,no,0.96,no,True,0.04,2026-09-14T21:15:29.513728+00:00,2026-09-13T20:15:21.888797+00:00
KXBTCD-26SEP1417-T78749.99,KXBTCD-26SEP1417,5,no,0.85,yes,False,-0.85,2026-09-14T21:15:29.513803+00:00,2026-09-13T20:15:21.888845+00:00
KXBTCD-26SEP1417-T78249.99,KXBTCD-26SEP1417,5,no,0.75,yes,False,-0.75,2026-09-14T21:15:29.513865+00:00,2026-09-13T20:30:24.147117+00:00
KXBTCD-26SEP1417-T76749.99,KXBTCD-26SEP1417,7,yes,0.65,yes,True,0.35,2026-09-14T21:15:29.513926+00:00,2026-09-13T20:30:24.147183+00:00
KXBTCD-26SEP1417-T78499.99,KXBTCD-26SEP1417,5,no,0.8,yes,False,-0.8,2026-09-14T21:15:29.513987+00:00,2026-09-13T20:45:23.047135+00:00
KXBTCD-26SEP1417-T77749.99,KXBTCD-26SEP1417,9,no,0.62,yes,False,-0.62,2026-09-14T21:15:29.514046+00:00,2026-09-13T20:45:23.047271+00:00
KXBTCD-26SEP1417-T76249.99,KXBTCD-26SEP1417,10,yes,0.79,yes,True,0.2099999999999999,2026-09-14T21:15:29.514105+00:00,2026-09-13T20:45:23.047326+00:00
KXBTCD-26SEP1417-T75499.99,KXBTCD-26SEP1417,7,yes,0.9,yes,True,0.0999999999999999,2026-09-14T21:15:29.514163+00:00,2026-09-13T21:00:25.308254+00:00
KXBTCD-26SEP1417-T79999.99,KXBTCD-26SEP1417,10,no,0.97,no,True,0.03,2026-09-14T21:15:29.514222+00:00,2026-09-13T21:15:20.709757+00:00
KXBTCD-26SEP1417-T75999.99,KXBTCD-26SEP1417,7,yes,0.84,yes,True,0.16,2026-09-14T21:15:29.514281+00:00,2026-09-13T21:15:20.709905+00:00
KXBTCD-26SEP1417-T75749.99,KXBTCD-26SEP1417,5,yes,0.91,yes,True,0.0899999999999999,2026-09-14T21:15:29.514342+00:00,2026-09-13T21:30:35.423474+00:00
KXBTCD-26SEP1417-T75249.99,KXBTCD-26SEP1417,5,yes,0.93,yes,True,0.0699999999999999,2026-09-14T21:15:29.514403+00:00,2026-09-13T21:45:10.106471+00:00
KXBTCD-26SEP1417-T78999.99,KXBTCD-26SEP1417,8,no,0.89,yes,False,-0.89,2026-09-14T21:15:29.514463+00:00,2026-09-13T22:00:24.033297+00:00
KXBTCD-26SEP1417-T77499.99,KXBTCD-26SEP1417,5,no,0.71,yes,False,-0.71,2026-09-14T21:15:29.514567+00:00,2026-09-13T22:30:22.868210+00:00
KXBTCD-26SEP1417-T74999.99,KXBTCD-26SEP1417,9,yes,0.9,yes,True,0.0999999999999999,2026-09-14T21:15:29.514632+00:00,2026-09-13T22:45:22.510495+00:00
KXBTCD-26SEP1417-T77999.99,KXBTCD-26SEP1417,10,no,0.83,yes,False,-0.83,2026-09-14T21:15:29.514693+00:00,2026-09-14T00:00:21.745372+00:00
KXBTCD-26SEP1417-T76499.99,KXBTCD-26SEP1417,5,yes,0.92,yes,True,0.0799999999999999,2026-09-14T21:15:29.514842+00:00,2026-09-14T10:00:24.130973+00:00
KXBTCD-26SEP1417-T77249.99,KXBTCD-26SEP1417,5,yes,0.99,yes,True,0.01,2026-09-14T21:15:29.514949+00:00,2026-09-14T19:00:25.609265+00:00
KXBTCD-26SEP1417-T79249.99,KXBTCD-26SEP1417,8,no,0.66,no,True,0.3399999999999999,2026-09-14T21:15:29.515009+00:00,2026-09-14T19:45:22.927965+00:00
KXBTCD-26SEP1417-T79499.99,KXBTCD-26SEP1417,9,no,0.97,no,True,0.03,2026-09-14T21:15:29.515067+00:00,2026-09-14T20:00:26.735371+00:00
KXBTCD-26SEP1417-T79749.99,KXBTCD-26SEP1417,5,no,0.9,no,True,0.0999999999999999,2026-09-14T21:15:29.515519+00:00,2026-09-14T20:30:25.680009+00:00
KXBTCD-26SEP1417-T76999.99,KXBTCD-26SEP1417,5,yes,0.99,yes,True,0.01,2026-09-14T21:15:29.515781+00:00,2026-09-14T20:45:25.390111+00:00
KXBTCD-26SEP1418-T79499.99,KXBTCD-26SEP1418,10,no,0.98,no,True,0.02,2026-09-14T22:12:56.465464+00:00,2026-09-14T21:15:29.523124+00:00
KXBTCD-26SEP1418-T79299.99,KXBTCD-26SEP1418,6,no,0.93,no,True,0.0699999999999999,2026-09-14T22:12:56.465541+00:00,2026-09-14T21:15:29.523174+00:00
KXBTCD-26SEP1418-T79199.99,KXBTCD-26SEP1418,8,no,0.88,no,True,0.12,2026-09-14T22:12:56.465642+00:00,2026-09-14T21:15:29.523220+00:00
KXBTCD-26SEP1418-T78699.99,KXBTCD-26SEP1418,5,yes,0.73,yes,True,0.27,2026-09-14T22:12:56.465717+00:00,2026-09-14T21:15:29.523265+00:00
KXBTCD-26SEP1418-T78599.99,KXBTCD-26SEP1418,7,yes,0.84,yes,True,0.16,2026-09-14T22:12:56.465779+00:00,2026-09-14T21:15:29.523308+00:00
KXBTCD-26SEP1418-T78499.99,KXBTCD-26SEP1418,9,yes,0.92,yes,True,0.0799999999999999,2026-09-14T22:12:56.465840+00:00,2026-09-14T21:15:29.523351+00:00
KXBTCD-26SEP1418-T79099.99,KXBTCD-26SEP1418,5,no,0.97,no,True,0.03,2026-09-14T22:12:56.465951+00:00,2026-09-14T21:45:18.715328+00:00
KXBTCD-26SEP1419-T79199.99,KXBTCD-26SEP1419,10,no,0.95,no,True,0.05,2026-09-14T23:15:19.367592+00:00,2026-09-14T22:12:56.473674+00:00
KXBTCD-26SEP1419-T79099.99,KXBTCD-26SEP1419,9,no,0.91,no,True,0.0899999999999999,2026-09-14T23:15:19.367669+00:00,2026-09-14T22:12:56.473742+00:00
KXBTCD-26SEP1419-T78999.99,KXBTCD-26SEP1419,5,no,0.81,no,True,0.1899999999999999,2026-09-14T23:15:19.367762+00:00,2026-09-14T22:12:56.473793+00:00
KXBTCD-26SEP1419-T78599.99,KXBTCD-26SEP1419,6,yes,0.84,no,False,-0.84,2026-09-14T23:15:19.367830+00:00,2026-09-14T22:12:56.473841+00:00
KXBTCD-26SEP1419-T78399.99,KXBTCD-26SEP1419,8,yes,0.96,yes,True,0.04,2026-09-14T23:15:19.367890+00:00,2026-09-14T22:12:56.473888+00:00
KXBTCD-26SEP1419-T78299.99,KXBTCD-26SEP1419,7,yes,0.97,yes,True,0.03,2026-09-14T23:15:19.367952+00:00,2026-09-14T22:12:56.473936+00:00
KXBTCD-26SEP1419-T78899.99,KXBTCD-26SEP1419,6,no,0.64,no,True,0.36,2026-09-14T23:15:19.368013+00:00,2026-09-14T22:15:19.964387+00:00
KXBTCD-26SEP1419-T78199.99,KXBTCD-26SEP1419,10,yes,0.99,yes,True,0.01,2026-09-14T23:15:19.368074+00:00,2026-09-14T22:45:55.965273+00:00
KXBTCD-26SEP1420-T78799.99,KXBTCD-26SEP1420,9,no,0.96,no,True,0.04,2026-09-15T00:15:23.201338+00:00,2026-09-14T23:15:19.375315+00:00
KXBTCD-26SEP1420-T78699.99,KXBTCD-26SEP1420,6,no,0.92,no,True,0.0799999999999999,2026-09-15T00:15:23.201411+00:00,2026-09-14T23:15:19.375373+00:00
KXBTCD-26SEP1420-T78199.99,KXBTCD-26SEP1420,5,yes,0.88,no,False,-0.88,2026-09-15T00:15:23.201459+00:00,2026-09-14T23:15:19.375424+00:00
KXBTCD-26SEP1420-T78099.99,KXBTCD-26SEP1420,7,yes,0.95,yes,True,0.05,2026-09-15T00:15:23.201504+00:00,2026-09-14T23:15:19.375470+00:00
KXBTCD-26SEP1420-T77999.99,KXBTCD-26SEP1420,8,yes,0.97,yes,True,0.03,2026-09-15T00:15:23.201548+00:00,2026-09-14T23:15:19.375518+00:00
KXBTCD-26SEP1420-T77899.99,KXBTCD-26SEP1420,10,yes,0.98,yes,True,0.02,2026-09-15T00:15:23.201593+00:00,2026-09-14T23:15:19.375566+00:00
KXBTCD-26SEP1420-T78599.99,KXBTCD-26SEP1420,5,no,0.99,no,True,0.01,2026-09-15T00:15:23.201670+00:00,2026-09-14T23:45:23.487123+00:00
KXBTCD-26SEP1421-T78799.99,KXBTCD-26SEP1421,5,no,0.98,no,True,0.02,2026-09-15T01:15:22.440519+00:00,2026-09-15T00:01:04.194404+00:00
KXBTCD-26SEP1421-T78699.99,KXBTCD-26SEP1421,10,no,0.97,no,True,0.03,2026-09-15T01:15:22.440571+00:00,2026-09-15T00:01:04.194469+00:00
KXBTCD-26SEP1421-T78499.99,KXBTCD-26SEP1421,6,no,0.93,no,True,0.0699999999999999,2026-09-15T01:15:22.440605+00:00,2026-09-15T00:01:04.194519+00:00
KXBTCD-26SEP1421-T78399.99,KXBTCD-26SEP1421,7,no,0.85,no,True,0.15,2026-09-15T01:15:22.440637+00:00,2026-09-15T00:01:04.194566+00:00
KXBTCD-26SEP1421-T77899.99,KXBTCD-26SEP1421,9,yes,0.9,yes,True,0.0999999999999999,2026-09-15T01:15:22.440668+00:00,2026-09-15T00:01:04.194614+00:00
KXBTCD-26SEP1421-T77599.99,KXBTCD-26SEP1421,8,yes,0.97,yes,True,0.03,2026-09-15T01:15:22.440698+00:00,2026-09-15T00:01:04.194660+00:00
KXBTCD-26SEP1421-T77799.99,KXBTCD-26SEP1421,6,yes,0.93,yes,True,0.0699999999999999,2026-09-15T01:15:22.440752+00:00,2026-09-15T00:15:23.209702+00:00
KXBTCD-26SEP1421-T77699.99,KXBTCD-26SEP1421,10,yes,0.96,yes,True,0.04,2026-09-15T01:15:22.440782+00:00,2026-09-15T00:15:23.209750+00:00
KXBTCD-26SEP1421-T78299.99,KXBTCD-26SEP1421,5,no,0.96,no,True,0.04,2026-09-15T01:15:22.440838+00:00,2026-09-15T00:38:41.748807+00:00
KXBTCD-26SEP1422-T77799.99,KXBTCD-26SEP1422,7,yes,0.73,yes,True,0.27,2026-09-15T02:15:20.724786+00:00,2026-09-15T01:00:30.149231+00:00
KXBTCD-26SEP1422-T77599.99,KXBTCD-26SEP1422,5,yes,0.93,yes,True,0.0699999999999999,2026-09-15T02:15:20.724900+00:00,2026-09-15T01:00:30.149297+00:00
KXBTCD-26SEP1422-T77499.99,KXBTCD-26SEP1422,6,yes,0.96,yes,True,0.04,2026-09-15T02:15:20.724979+00:00,2026-09-15T01:00:30.149347+00:00
KXBTCD-26SEP1422-T78399.99,KXBTCD-26SEP1422,10,no,0.99,no,True,0.01,2026-09-15T02:15:20.725042+00:00,2026-09-15T01:15:22.446841+00:00
KXBTCD-26SEP1422-T78299.99,KXBTCD-26SEP1422,9,no,0.97,no,True,0.03,2026-09-15T02:15:20.725103+00:00,2026-09-15T01:15:22.446879+00:00
KXBTCD-26SEP1422-T78199.99,KXBTCD-26SEP1422,8,no,0.95,no,True,0.05,2026-09-15T02:15:20.725163+00:00,2026-09-15T01:15:22.446905+00:00
KXBTCD-26SEP1422-T78099.99,KXBTCD-26SEP1422,7,no,0.91,no,True,0.0899999999999999,2026-09-15T02:15:20.725223+00:00,2026-09-15T01:15:22.446929+00:00
KXBTCD-26SEP1422-T77699.99,KXBTCD-26SEP1422,5,yes,0.76,yes,True,0.24,2026-09-15T02:15:20.725282+00:00,2026-09-15T01:30:22.742865+00:00
KXBTCD-26SEP1422-T77399.99,KXBTCD-26SEP1422,10,yes,0.96,yes,True,0.04,2026-09-15T02:15:20.725341+00:00,2026-09-15T01:30:22.743034+00:00
KXBTCD-26SEP1423-T78499.99,KXBTCD-26SEP1423,9,no,0.98,no,True,0.02,2026-09-15T03:15:24.847124+00:00,2026-09-15T02:15:20.732630+00:00
KXBTCD-26SEP1423-T78299.99,KXBTCD-26SEP1423,10,no,0.95,no,True,0.05,2026-09-15T03:15:24.847180+00:00,2026-09-15T02:15:20.732687+00:00
KXBTCD-26SEP1423-T78199.99,KXBTCD-26SEP1423,8,no,0.88,no,True,0.12,2026-09-15T03:15:24.847214+00:00,2026-09-15T02:15:20.732736+00:00
KXBTCD-26SEP1423-T77799.99,KXBTCD-26SEP1423,5,yes,0.82,yes,True,0.18,2026-09-15T03:15:24.847245+00:00,2026-09-15T02:15:20.732783+00:00
KXBTCD-26SEP1423-T77699.99,KXBTCD-26SEP1423,6,yes,0.92,yes,True,0.0799999999999999,2026-09-15T03:15:24.847275+00:00,2026-09-15T02:15:20.732863+00:00
KXBTCD-26SEP1423-T77499.99,KXBTCD-26SEP1423,7,yes,0.98,yes,True,0.02,2026-09-15T03:15:24.847304+00:00,2026-09-15T02:15:20.732919+00:00
KXBTCD-26SEP1423-T78399.99,KXBTCD-26SEP1423,10,no,0.99,no,True,0.01,2026-09-15T03:15:24.847333+00:00,2026-09-15T02:30:21.891964+00:00
KXBTCD-26SEP1423-T77599.99,KXBTCD-26SEP1423,6,yes,0.98,yes,True,0.02,2026-09-15T03:15:24.847360+00:00,2026-09-15T02:30:21.892057+00:00
KXBTCD-26SEP1500-T78299.99,KXBTCD-26SEP1500,9,no,0.99,no,True,0.01,2026-09-15T04:15:19.546711+00:00,2026-09-15T03:15:24.852636+00:00
KXBTCD-26SEP1500-T78199.99,KXBTCD-26SEP1500,8,no,0.98,no,True,0.02,2026-09-15T04:15:19.546770+00:00,2026-09-15T03:15:24.852671+00:00
KXBTCD-26SEP1500-T78099.99,KXBTCD-26SEP1500,10,no,0.96,no,True,0.04,2026-09-15T04:15:19.546810+00:00,2026-09-15T03:15:24.852698+00:00
KXBTCD-26SEP1500-T77999.99,KXBTCD-26SEP1500,5,no,0.92,no,True,0.0799999999999999,2026-09-15T04:15:19.546848+00:00,2026-09-15T03:15:24.852723+00:00
KXBTCD-26SEP1500-T77499.99,KXBTCD-26SEP1500,6,yes,0.87,yes,True,0.13,2026-09-15T04:15:19.546884+00:00,2026-09-15T03:15:24.852746+00:00
KXBTCD-26SEP1500-T77399.99,KXBTCD-26SEP1500,7,yes,0.95,yes,True,0.05,2026-09-15T04:15:19.546920+00:00,2026-09-15T03:15:24.852771+00:00
KXBTCD-26SEP1501-T78099.99,KXBTCD-26SEP1501,8,no,0.99,no,True,0.01,2026-09-15T05:15:35.031228+00:00,2026-09-15T04:15:19.554241+00:00
KXBTCD-26SEP1501-T77999.99,KXBTCD-26SEP1501,6,no,0.98,no,True,0.02,2026-09-15T05:15:35.031272+00:00,2026-09-15T04:15:19.554293+00:00
KXBTCD-26SEP1501-T77899.99,KXBTCD-26SEP1501,5,no,0.94,no,True,0.06,2026-09-15T05:15:35.031296+00:00,2026-09-15T04:15:19.554332+00:00
KXBTCD-26SEP1501-T77399.99,KXBTCD-26SEP1501,7,yes,0.93,yes,True,0.0699999999999999,2026-09-15T05:15:35.031317+00:00,2026-09-15T04:15:19.554366+00:00
KXBTCD-26SEP1501-T77299.99,KXBTCD-26SEP1501,9,yes,0.97,yes,True,0.03,2026-09-15T05:15:35.031337+00:00,2026-09-15T04:15:19.554398+00:00
KXBTCD-26SEP1501-T77199.99,KXBTCD-26SEP1501,10,yes,0.99,yes,True,0.01,2026-09-15T05:15:35.031358+00:00,2026-09-15T04:15:19.554448+00:00
KXBTCD-26SEP1502-T77999.99,KXBTCD-26SEP1502,9,no,0.98,no,True,0.02,2026-09-15T06:15:24.239111+00:00,2026-09-15T05:15:35.035508+00:00
KXBTCD-26SEP1502-T77799.99,KXBTCD-26SEP1502,7,no,0.96,no,True,0.04,2026-09-15T06:15:24.239197+00:00,2026-09-15T05:15:35.035536+00:00
KXBTCD-26SEP1502-T77299.99,KXBTCD-26SEP1502,5,yes,0.68,yes,True,0.3199999999999999,2026-09-15T06:15:24.239261+00:00,2026-09-15T05:15:35.035556+00:00
KXBTCD-26SEP1502-T77199.99,KXBTCD-26SEP1502,6,yes,0.82,yes,True,0.18,2026-09-15T06:15:24.239322+00:00,2026-09-15T05:15:35.035575+00:00
KXBTCD-26SEP1502-T77099.99,KXBTCD-26SEP1502,8,yes,0.91,yes,True,0.0899999999999999,2026-09-15T06:15:24.239383+00:00,2026-09-15T05:15:35.035593+00:00
KXBTCD-26SEP1502-T76999.99,KXBTCD-26SEP1502,10,yes,0.95,yes,True,0.05,2026-09-15T06:15:24.239442+00:00,2026-09-15T05:15:35.035623+00:00
KXBTCD-26SEP1502-T77699.99,KXBTCD-26SEP1502,5,no,0.95,no,True,0.05,2026-09-15T06:15:24.239503+00:00,2026-09-15T05:30:24.934567+00:00
KXBTCD-26SEP1503-T78099.99,KXBTCD-26SEP1503,10,no,0.99,no,True,0.01,2026-09-15T07:15:20.362108+00:00,2026-09-15T06:15:24.246709+00:00
KXBTCD-26SEP1503-T77999.99,KXBTCD-26SEP1503,7,no,0.97,no,True,0.03,2026-09-15T07:15:20.362185+00:00,2026-09-15T06:15:24.246771+00:00
KXBTCD-26SEP1503-T77499.99,KXBTCD-26SEP1503,5,yes,0.64,no,False,-0.64,2026-09-15T07:15:20.362248+00:00,2026-09-15T06:15:24.246824+00:00
KXBTCD-26SEP1503-T77399.99,KXBTCD-26SEP1503,6,yes,0.84,no,False,-0.84,2026-09-15T07:15:20.362308+00:00,2026-09-15T06:15:24.246873+00:00
KXBTCD-26SEP1503-T77299.99,KXBTCD-26SEP1503,8,yes,0.92,no,False,-0.92,2026-09-15T07:15:20.362367+00:00,2026-09-15T06:15:24.246922+00:00
KXBTCD-26SEP1503-T77199.99,KXBTCD-26SEP1503,9,yes,0.96,yes,True,0.04,2026-09-15T07:15:20.362427+00:00,2026-09-15T06:15:24.246970+00:00
KXBTCD-26SEP1503-T77899.99,KXBTCD-26SEP1503,5,no,0.98,no,True,0.02,2026-09-15T07:15:20.362485+00:00,2026-09-15T06:30:30.357890+00:00
KXBTCD-26SEP1503-T77799.99,KXBTCD-26SEP1503,7,no,0.97,no,True,0.03,2026-09-15T07:15:20.362544+00:00,2026-09-15T06:30:30.357960+00:00
KXBTCD-26SEP1503-T77099.99,KXBTCD-26SEP1503,10,yes,0.96,yes,True,0.04,2026-09-15T07:15:20.362669+00:00,2026-09-15T06:30:30.358074+00:00
KXBTCD-26SEP1503-T77699.99,KXBTCD-26SEP1503,5,no,0.98,no,True,0.02,2026-09-15T07:15:20.362739+00:00,2026-09-15T06:45:21.995364+00:00
KXBTCD-26SEP1504-T77699.99,KXBTCD-26SEP1504,10,no,0.98,no,True,0.02,2026-09-15T08:15:25.649173+00:00,2026-09-15T07:15:20.369951+00:00
KXBTCD-26SEP1504-T77599.99,KXBTCD-26SEP1504,6,no,0.97,no,True,0.03,2026-09-15T08:15:25.649223+00:00,2026-09-15T07:15:20.370012+00:00
KXBTCD-26SEP1504-T77499.99,KXBTCD-26SEP1504,8,no,0.94,no,True,0.06,2026-09-15T08:15:25.649247+00:00,2026-09-15T07:15:20.370063+00:00
KXBTCD-26SEP1504-T77099.99,KXBTCD-26SEP1504,5,yes,0.68,no,False,-0.68,2026-09-15T08:15:25.649271+00:00,2026-09-15T07:15:20.370109+00:00
KXBTCD-26SEP1504-T76899.99,KXBTCD-26SEP1504,7,yes,0.92,no,False,-0.92,2026-09-15T08:15:25.649295+00:00,2026-09-15T07:15:20.370158+00:00
KXBTCD-26SEP1504-T76799.99,KXBTCD-26SEP1504,9,yes,0.96,yes,True,0.04,2026-09-15T08:15:25.649318+00:00,2026-09-15T07:15:20.370203+00:00
KXBTCD-26SEP1504-T76999.99,KXBTCD-26SEP1504,5,yes,0.95,no,False,-0.95,2026-09-15T08:15:25.649340+00:00,2026-09-15T07:30:22.774588+00:00
KXBTCD-26SEP1504-T77399.99,KXBTCD-26SEP1504,5,no,0.98,no,True,0.02,2026-09-15T08:15:25.649362+00:00,2026-09-15T07:45:22.334378+00:00
KXBTCD-26SEP1504-T76699.99,KXBTCD-26SEP1504,10,yes,0.98,yes,True,0.02,2026-09-15T08:15:25.649384+00:00,2026-09-15T07:45:22.334436+00:00
KXBTCD-26SEP1505-T77199.99,KXBTCD-26SEP1505,10,no,0.96,no,True,0.04,2026-09-15T09:15:23.926938+00:00,2026-09-15T08:15:25.654165+00:00
KXBTCD-26SEP1505-T77099.99,KXBTCD-26SEP1505,9,no,0.93,no,True,0.0699999999999999,2026-09-15T09:15:23.927000+00:00,2026-09-15T08:15:25.654199+00:00
KXBTCD-26SEP1505-T76999.99,KXBTCD-26SEP1505,6,no,0.84,no,True,0.16,2026-09-15T09:15:23.927042+00:00,2026-09-15T08:15:25.654222+00:00
KXBTCD-26SEP1505-T76899.99,KXBTCD-26SEP1505,5,no,0.72,yes,False,-0.72,2026-09-15T09:15:23.927082+00:00,2026-09-15T08:15:25.654244+00:00
KXBTCD-26SEP1505-T76399.99,KXBTCD-26SEP1505,7,yes,0.94,yes,True,0.06,2026-09-15T09:15:23.927121+00:00,2026-09-15T08:15:25.654266+00:00
KXBTCD-26SEP1505-T76299.99,KXBTCD-26SEP1505,8,yes,0.97,yes,True,0.03,2026-09-15T09:15:23.927159+00:00,2026-09-15T08:15:25.654286+00:00
KXBTCD-26SEP1505-T76499.99,KXBTCD-26SEP1505,6,yes,0.95,yes,True,0.05,2026-09-15T09:15:23.927196+00:00,2026-09-15T08:30:23.764815+00:00
KXBTCD-26SEP1505-T76599.99,KXBTCD-26SEP1505,5,yes,0.99,yes,True,0.01,2026-09-15T09:15:23.927234+00:00,2026-09-15T09:00:24.056186+00:00
KXBTCD-26SEP1506-T77399.99,KXBTCD-26SEP1506,8,no,0.98,no,True,0.02,2026-09-15T10:11:03.167150+00:00,2026-09-15T09:15:23.933869+00:00
KXBTCD-26SEP1506-T77299.99,KXBTCD-26SEP1506,9,no,0.97,no,True,0.03,2026-09-15T10:11:03.167215+00:00,2026-09-15T09:15:23.933922+00:00
KXBTCD-26SEP1506-T77199.99,KXBTCD-26SEP1506,7,no,0.96,no,True,0.04,2026-09-15T10:11:03.167256+00:00,2026-09-15T09:15:23.933961+00:00
KXBTCD-26SEP1506-T77099.99,KXBTCD-26SEP1506,6,no,0.9,no,True,0.0999999999999999,2026-09-15T10:11:03.167294+00:00,2026-09-15T09:15:23.933996+00:00
KXBTCD-26SEP1506-T76699.99,KXBTCD-26SEP1506,5,yes,0.83,yes,True,0.17,2026-09-15T10:11:03.167332+00:00,2026-09-15T09:15:23.934030+00:00
KXBTCD-26SEP1506-T76499.99,KXBTCD-26SEP1506,10,yes,0.97,yes,True,0.03,2026-09-15T10:11:03.167370+00:00,2026-09-15T09:15:23.934065+00:00
KXBTCD-26SEP1506-T76599.99,KXBTCD-26SEP1506,7,yes,0.96,yes,True,0.04,2026-09-15T10:11:03.167445+00:00,2026-09-15T09:30:48.064622+00:00
KXBTCD-26SEP1507-T77399.99,KXBTCD-26SEP1507,10,no,0.96,no,True,0.04,2026-09-15T11:15:21.687930+00:00,2026-09-15T10:11:03.174015+00:00
KXBTCD-26SEP1507-T77299.99,KXBTCD-26SEP1507,7,no,0.95,no,True,0.05,2026-09-15T11:15:21.687983+00:00,2026-09-15T10:11:03.174068+00:00
KXBTCD-26SEP1507-T77199.99,KXBTCD-26SEP1507,8,no,0.88,no,True,0.12,2026-09-15T11:15:21.688014+00:00,2026-09-15T10:11:03.174107+00:00
KXBTCD-26SEP1507-T77099.99,KXBTCD-26SEP1507,5,no,0.74,no,True,0.26,2026-09-15T11:15:21.688043+00:00,2026-09-15T10:11:03.174143+00:00
KXBTCD-26SEP1507-T76599.99,KXBTCD-26SEP1507,6,yes,0.97,yes,True,0.03,2026-09-15T11:15:21.688085+00:00,2026-09-15T10:11:03.174176+00:00
KXBTCD-26SEP1507-T76499.99,KXBTCD-26SEP1507,9,yes,0.99,yes,True,0.01,2026-09-15T11:15:21.688117+00:00,2026-09-15T10:11:03.174209+00:00
KXBTCD-26SEP1507-T76799.99,KXBTCD-26SEP1507,5,yes,0.84,yes,True,0.16,2026-09-15T11:15:21.688145+00:00,2026-09-15T10:15:21.064773+00:00
KXBTCD-26SEP1507-T76699.99,KXBTCD-26SEP1507,5,yes,0.98,yes,True,0.02,2026-09-15T11:15:21.688173+00:00,2026-09-15T10:45:22.154422+00:00
KXBTCD-26SEP1508-T77299.99,KXBTCD-26SEP1508,5,no,0.9,no,True,0.0999999999999999,2026-09-15T12:15:19.365175+00:00,2026-09-15T11:01:45.387722+00:00
KXBTCD-26SEP1508-T77099.99,KXBTCD-26SEP1508,10,no,0.64,no,True,0.36,2026-09-15T12:15:19.365223+00:00,2026-09-15T11:01:45.387769+00:00
KXBTCD-26SEP1508-T76899.99,KXBTCD-26SEP1508,9,yes,0.72,yes,True,0.28,2026-09-15T12:15:19.365256+00:00,2026-09-15T11:01:45.387810+00:00
KXBTCD-26SEP1508-T76599.99,KXBTCD-26SEP1508,7,yes,0.97,yes,True,0.03,2026-09-15T12:15:19.365286+00:00,2026-09-15T11:01:45.387830+00:00
KXBTCD-26SEP1508-T76499.99,KXBTCD-26SEP1508,8,yes,0.99,yes,True,0.01,2026-09-15T12:15:19.365315+00:00,2026-09-15T11:01:45.387851+00:00
KXBTCD-26SEP1508-T77499.99,KXBTCD-26SEP1508,9,no,0.97,no,True,0.03,2026-09-15T12:15:19.365345+00:00,2026-09-15T11:15:21.693767+00:00
KXBTCD-26SEP1508-T77399.99,KXBTCD-26SEP1508,8,no,0.95,no,True,0.05,2026-09-15T12:15:19.365373+00:00,2026-09-15T11:15:21.693812+00:00
KXBTCD-26SEP1508-T76799.99,KXBTCD-26SEP1508,6,yes,0.84,yes,True,0.16,2026-09-15T12:15:19.365401+00:00,2026-09-15T11:15:21.693859+00:00
KXBTCD-26SEP1508-T76699.99,KXBTCD-26SEP1508,7,yes,0.93,yes,True,0.0699999999999999,2026-09-15T12:15:19.365432+00:00,2026-09-15T11:15:21.693886+00:00
KXBTCD-26SEP1508-T77199.99,KXBTCD-26SEP1508,5,no,0.98,no,True,0.02,2026-09-15T12:15:19.365460+00:00,2026-09-15T11:45:23.007389+00:00
KXBTCD-26SEP1509-T77499.99,KXBTCD-26SEP1509,10,no,0.98,no,True,0.02,2026-09-15T13:15:23.713521+00:00,2026-09-15T12:15:19.370574+00:00
KXBTCD-26SEP1509-T77299.99,KXBTCD-26SEP1509,9,no,0.95,no,True,0.05,2026-09-15T13:15:23.713579+00:00,2026-09-15T12:15:19.370646+00:00
KXBTCD-26SEP1509-T77199.99,KXBTCD-26SEP1509,6,no,0.91,no,True,0.0899999999999999,2026-09-15T13:15:23.713632+00:00,2026-09-15T12:15:19.370685+00:00
KXBTCD-26SEP1509-T76799.99,KXBTCD-26SEP1509,5,yes,0.69,yes,True,0.31,2026-09-15T13:15:23.713674+00:00,2026-09-15T12:15:19.370715+00:00
KXBTCD-26SEP1509-T76699.99,KXBTCD-26SEP1509,7,yes,0.84,yes,True,0.16,2026-09-15T13:15:23.713711+00:00,2026-09-15T12:15:19.370740+00:00
KXBTCD-26SEP1509-T76499.99,KXBTCD-26SEP1509,8,yes,0.96,yes,True,0.04,2026-09-15T13:15:23.713749+00:00,2026-09-15T12:15:19.370764+00:00
KXBTCD-26SEP1509-T77099.99,KXBTCD-26SEP1509,5,no,0.86,no,True,0.14,2026-09-15T13:15:23.713797+00:00,2026-09-15T12:30:28.191511+00:00
KXBTCD-26SEP1509-T76599.99,KXBTCD-26SEP1509,5,yes,0.97,yes,True,0.03,2026-09-15T13:15:23.713836+00:00,2026-09-15T12:45:19.708024+00:00
KXBTCD-26SEP1510-T77299.99,KXBTCD-26SEP1510,5,no,0.89,no,True,0.1099999999999999,2026-09-15T14:15:23.512807+00:00,2026-09-15T13:00:27.099615+00:00
KXBTCD-26SEP1510-T76799.99,KXBTCD-26SEP1510,9,yes,0.72,no,False,-0.72,2026-09-15T14:15:23.512889+00:00,2026-09-15T13:00:27.099713+00:00
KXBTCD-26SEP1510-T76399.99,KXBTCD-26SEP1510,6,yes,0.85,yes,True,0.15,2026-09-15T14:15:23.512952+00:00,2026-09-15T13:00:27.099749+00:00
KXBTCD-26SEP1510-T76299.99,KXBTCD-26SEP1510,7,yes,0.94,yes,True,0.06,2026-09-15T14:15:23.513037+00:00,2026-09-15T13:00:27.099782+00:00
KXBTCD-26SEP1510-T77399.99,KXBTCD-26SEP1510,9,no,0.9,no,True,0.0999999999999999,2026-09-15T14:15:23.513112+00:00,2026-09-15T13:15:23.720409+00:00
KXBTCD-26SEP1510-T76699.99,KXBTCD-26SEP1510,8,yes,0.81,no,False,-0.81,2026-09-15T14:15:23.513176+00:00,2026-09-15T13:15:23.720510+00:00
KXBTCD-26SEP1510-T76599.99,KXBTCD-26SEP1510,6,yes,0.88,no,False,-0.88,2026-09-15T14:15:23.513238+00:00,2026-09-15T13:15:23.720544+00:00
KXBTCD-26SEP1510-T76499.99,KXBTCD-26SEP1510,10,yes,0.92,yes,True,0.0799999999999999,2026-09-15T14:15:23.513301+00:00,2026-09-15T13:15:23.720577+00:00
KXBTCD-26SEP1510-T77199.99,KXBTCD-26SEP1510,5,no,0.82,no,True,0.18,2026-09-15T14:15:23.513367+00:00,2026-09-15T13:30:26.238773+00:00
KXBTCD-26SEP1510-T77099.99,KXBTCD-26SEP1510,9,no,0.98,no,True,0.02,2026-09-15T14:15:23.513437+00:00,2026-09-15T13:45:20.938931+00:00
KXBTCD-26SEP1510-T76999.99,KXBTCD-26SEP1510,8,no,0.99,no,True,0.01,2026-09-15T14:15:23.513501+00:00,2026-09-15T14:00:23.301277+00:00
KXBTCD-26SEP1510-T76899.99,KXBTCD-26SEP1510,6,no,0.99,no,True,0.01,2026-09-15T14:15:23.513560+00:00,2026-09-15T14:00:23.301338+00:00
KXBTCD-26SEP1510-T76099.99,KXBTCD-26SEP1510,10,yes,0.99,yes,True,0.01,2026-09-15T14:15:23.513627+00:00,2026-09-15T14:00:23.301441+00:00
KXBTCD-26SEP1511-T76899.99,KXBTCD-26SEP1511,7,no,0.91,no,True,0.0899999999999999,2026-09-15T15:15:25.893172+00:00,2026-09-15T14:15:23.521128+00:00
KXBTCD-26SEP1511-T76799.99,KXBTCD-26SEP1511,9,no,0.87,no,True,0.13,2026-09-15T15:15:25.893252+00:00,2026-09-15T14:15:23.521190+00:00
KXBTCD-26SEP1511-T76699.99,KXBTCD-26SEP1511,6,no,0.81,no,True,0.1899999999999999,2026-09-15T15:15:25.893335+00:00,2026-09-15T14:15:23.521243+00:00
KXBTCD-26SEP1511-T76199.99,KXBTCD-26SEP1511,8,yes,0.67,no,False,-0.67,2026-09-15T15:15:25.893397+00:00,2026-09-15T14:15:23.521330+00:00
KXBTCD-26SEP1511-T76099.99,KXBTCD-26SEP1511,10,yes,0.77,no,False,-0.77,2026-09-15T15:15:25.893457+00:00,2026-09-15T14:15:23.521378+00:00
KXBTCD-26SEP1511-T75999.99,KXBTCD-26SEP1511,6,yes,0.85,no,False,-0.85,2026-09-15T15:15:25.893517+00:00,2026-09-15T14:30:22.227931+00:00
KXBTCD-26SEP1511-T76599.99,KXBTCD-26SEP1511,10,no,0.98,no,True,0.02,2026-09-15T15:15:25.893577+00:00,2026-09-15T14:45:21.752365+00:00
KXBTCD-26SEP1511-T76399.99,KXBTCD-26SEP1511,8,no,0.95,no,True,0.05,2026-09-15T15:15:25.893645+00:00,2026-09-15T14:45:21.752436+00:00
KXBTCD-26SEP1511-T76499.99,KXBTCD-26SEP1511,8,no,0.99,no,True,0.01,2026-09-15T15:15:25.893779+00:00,2026-09-15T14:59:24.891923+00:00
KXBTCD-26SEP1511-T76299.99,KXBTCD-26SEP1511,5,no,0.99,no,True,0.01,2026-09-15T15:15:25.893847+00:00,2026-09-15T14:59:24.892029+00:00
KXBTCD-26SEP1511-T75599.99,KXBTCD-26SEP1511,6,yes,0.99,yes,True,0.01,2026-09-15T15:15:25.893906+00:00,2026-09-15T14:59:24.892147+00:00
KXBTCD-26SEP1512-T76399.99,KXBTCD-26SEP1512,10,no,0.89,yes,False,-0.89,2026-09-15T16:15:37.657554+00:00,2026-09-15T15:15:25.901080+00:00
KXBTCD-26SEP1512-T76299.99,KXBTCD-26SEP1512,6,no,0.84,yes,False,-0.84,2026-09-15T16:15:37.657644+00:00,2026-09-15T15:15:25.901144+00:00
KXBTCD-26SEP1512-T76099.99,KXBTCD-26SEP1512,5,no,0.66,yes,False,-0.66,2026-09-15T16:15:37.657706+00:00,2026-09-15T15:15:25.901197+00:00
KXBTCD-26SEP1512-T75799.99,KXBTCD-26SEP1512,9,yes,0.67,yes,True,0.3299999999999999,2026-09-15T16:15:37.657767+00:00,2026-09-15T15:15:25.901245+00:00
KXBTCD-26SEP1512-T75699.99,KXBTCD-26SEP1512,7,yes,0.76,yes,True,0.24,2026-09-15T16:15:37.657826+00:00,2026-09-15T15:15:25.901292+00:00
KXBTCD-26SEP1512-T75599.99,KXBTCD-26SEP1512,8,yes,0.84,yes,True,0.16,2026-09-15T16:15:37.657886+00:00,2026-09-15T15:15:25.901339+00:00
KXBTCD-26SEP1512-T76199.99,KXBTCD-26SEP1512,7,yes,0.61,yes,True,0.39,2026-09-15T16:15:37.657947+00:00,2026-09-15T15:30:25.415456+00:00
KXBTCD-26SEP1512-T76599.99,KXBTCD-26SEP1512,8,no,0.87,no,True,0.13,2026-09-15T16:15:37.658060+00:00,2026-09-15T15:45:22.983339+00:00
KXBTCD-26SEP1512-T75899.99,KXBTCD-26SEP1512,5,yes,0.98,yes,True,0.02,2026-09-15T16:15:37.658125+00:00,2026-09-15T15:45:22.983469+00:00
KXBTCD-26SEP1512-T76799.99,KXBTCD-26SEP1512,10,no,0.99,no,True,0.01,2026-09-15T16:15:37.658234+00:00,2026-09-15T16:00:26.679101+00:00
KXBTCD-26SEP1512-T76699.99,KXBTCD-26SEP1512,9,no,0.99,no,True,0.01,2026-09-15T16:15:37.658293+00:00,2026-09-15T16:00:26.679154+00:00
KXBTCD-26SEP1512-T75999.99,KXBTCD-26SEP1512,6,yes,0.99,yes,True,0.01,2026-09-15T16:15:37.658378+00:00,2026-09-15T16:00:26.679219+00:00
KXBTCD-26SEP1513-T76799.99,KXBTCD-26SEP1513,10,no,0.95,no,True,0.05,2026-09-15T17:15:22.067948+00:00,2026-09-15T16:15:37.665333+00:00
KXBTCD-26SEP1513-T76699.99,KXBTCD-26SEP1513,8,no,0.92,no,True,0.0799999999999999,2026-09-15T17:15:22.067998+00:00,2026-09-15T16:15:37.665403+00:00
KXBTCD-26SEP1513-T76599.99,KXBTCD-26SEP1513,7,no,0.87,no,True,0.13,2026-09-15T17:15:22.068032+00:00,2026-09-15T16:15:37.665456+00:00
KXBTCD-26SEP1513-T76099.99,KXBTCD-26SEP1513,5,yes,0.74,yes,True,0.26,2026-09-15T17:15:22.068063+00:00,2026-09-15T16:15:37.665505+00:00
KXBTCD-26SEP1513-T75999.99,KXBTCD-26SEP1513,6,yes,0.83,yes,True,0.17,2026-09-15T17:15:22.068094+00:00,2026-09-15T16:15:37.665552+00:00
KXBTCD-26SEP1513-T75899.99,KXBTCD-26SEP1513,9,yes,0.9,yes,True,0.0999999999999999,2026-09-15T17:15:22.068127+00:00,2026-09-15T16:15:37.665609+00:00
KXBTCD-26SEP1514-T76699.99,KXBTCD-26SEP1514,9,no,0.96,yes,False,-0.96,2026-09-15T18:15:24.215754+00:00,2026-09-15T17:15:22.073648+00:00
KXBTCD-26SEP1514-T76599.99,KXBTCD-26SEP1514,7,no,0.92,yes,False,-0.92,2026-09-15T18:15:24.215835+00:00,2026-09-15T17:15:22.073690+00:00
KXBTCD-26SEP1514-T76499.99,KXBTCD-26SEP1514,6,no,0.86,yes,False,-0.86,2026-09-15T18:15:24.215907+00:00,2026-09-15T17:15:22.073718+00:00
KXBTCD-26SEP1514-T76399.99,KXBTCD-26SEP1514,5,no,0.77,yes,False,-0.77,2026-09-15T18:15:24.215990+00:00,2026-09-15T17:15:22.073744+00:00
KXBTCD-26SEP1514-T75899.99,KXBTCD-26SEP1514,8,yes,0.9,yes,True,0.0999999999999999,2026-09-15T18:15:24.216059+00:00,2026-09-15T17:15:22.073770+00:00
KXBTCD-26SEP1514-T75799.99,KXBTCD-26SEP1514,10,yes,0.95,yes,True,0.05,2026-09-15T18:15:24.216125+00:00,2026-09-15T17:15:22.073794+00:00
KXBTCD-26SEP1514-T75999.99,KXBTCD-26SEP1514,6,yes,0.98,yes,True,0.02,2026-09-15T18:15:24.216190+00:00,2026-09-15T17:30:23.653541+00:00
KXBTCD-26SEP1514-T76999.99,KXBTCD-26SEP1514,9,no,0.88,no,True,0.12,2026-09-15T18:15:24.216250+00:00,2026-09-15T17:45:27.652656+00:00
KXBTCD-26SEP1514-T76899.99,KXBTCD-26SEP1514,8,no,0.78,yes,False,-0.78,2026-09-15T18:15:24.216310+00:00,2026-09-15T17:45:27.652711+00:00
KXBTCD-26SEP1514-T76799.99,KXBTCD-26SEP1514,6,no,0.63,yes,False,-0.63,2026-09-15T18:15:24.216369+00:00,2026-09-15T17:45:27.652742+00:00
KXBTCD-26SEP1514-T76199.99,KXBTCD-26SEP1514,7,yes,0.97,yes,True,0.03,2026-09-15T18:15:24.216428+00:00,2026-09-15T17:45:27.652789+00:00
KXBTCD-26SEP1514-T76099.99,KXBTCD-26SEP1514,10,yes,0.97,yes,True,0.03,2026-09-15T18:15:24.216488+00:00,2026-09-15T17:45:27.652815+00:00
KXBTCD-26SEP1515-T77099.99,KXBTCD-26SEP1515,10,no,0.81,no,True,0.1899999999999999,2026-09-15T19:15:20.549511+00:00,2026-09-15T18:15:24.223820+00:00
KXBTCD-26SEP1515-T76999.99,KXBTCD-26SEP1515,5,no,0.71,no,True,0.29,2026-09-15T19:15:20.549588+00:00,2026-09-15T18:15:24.223883+00:00
KXBTCD-26SEP1515-T76699.99,KXBTCD-26SEP1515,8,yes,0.68,no,False,-0.68,2026-09-15T19:15:20.549650+00:00,2026-09-15T18:15:24.224000+00:00
KXBTCD-26SEP1515-T76599.99,KXBTCD-26SEP1515,6,yes,0.8,no,False,-0.8,2026-09-15T19:15:20.549710+00:00,2026-09-15T18:15:24.224055+00:00
KXBTCD-26SEP1515-T76499.99,KXBTCD-26SEP1515,9,yes,0.87,no,False,-0.87,2026-09-15T19:15:20.549799+00:00,2026-09-15T18:15:24.224110+00:00
KXBTCD-26SEP1515-T77299.99,KXBTCD-26SEP1515,10,no,0.84,no,True,0.16,2026-09-15T19:15:20.549879+00:00,2026-09-15T18:30:22.483527+00:00
KXBTCD-26SEP1515-T77199.99,KXBTCD-26SEP1515,9,no,0.78,no,True,0.2199999999999999,2026-09-15T19:15:20.549946+00:00,2026-09-15T18:30:22.483597+00:00
KXBTCD-26SEP1515-T76399.99,KXBTCD-26SEP1515,7,yes,0.86,no,False,-0.86,2026-09-15T19:15:20.550008+00:00,2026-09-15T18:30:22.483752+00:00
KXBTCD-26SEP1515-T76899.99,KXBTCD-26SEP1515,7,no,0.96,no,True,0.04,2026-09-15T19:15:20.550117+00:00,2026-09-15T18:45:26.273196+00:00
KXBTCD-26SEP1515-T76299.99,KXBTCD-26SEP1515,8,no,0.82,no,True,0.18,2026-09-15T19:15:20.550178+00:00,2026-09-15T18:45:26.273298+00:00
KXBTCD-26SEP1515-T76199.99,KXBTCD-26SEP1515,9,no,0.79,no,True,0.2099999999999999,2026-09-15T19:15:20.550240+00:00,2026-09-15T18:45:26.273349+00:00
KXBTCD-26SEP1515-T75999.99,KXBTCD-26SEP1515,10,no,0.64,no,True,0.36,2026-09-15T19:15:20.550300+00:00,2026-09-15T18:45:26.273398+00:00
KXBTCD-26SEP1516-T76999.99,KXBTCD-26SEP1516,10,no,0.96,no,True,0.04,2026-09-15T20:15:24.881455+00:00,2026-09-15T19:15:20.557320+00:00
KXBTCD-26SEP1516-T76399.99,KXBTCD-26SEP1516,5,no,0.81,no,True,0.1899999999999999,2026-09-15T20:15:24.881555+00:00,2026-09-15T19:15:20.557381+00:00
KXBTCD-26SEP1516-T76299.99,KXBTCD-26SEP1516,8,no,0.75,no,True,0.25,2026-09-15T20:15:24.881624+00:00,2026-09-15T19:15:20.557433+00:00
KXBTCD-26SEP1516-T75699.99,KXBTCD-26SEP1516,6,yes,0.65,yes,True,0.35,2026-09-15T20:15:24.881685+00:00,2026-09-15T19:15:20.557483+00:00
KXBTCD-26SEP1516-T75599.99,KXBTCD-26SEP1516,7,yes,0.7,yes,True,0.3,2026-09-15T20:15:24.881745+00:00,2026-09-15T19:15:20.557532+00:00
KXBTCD-26SEP1516-T75499.99,KXBTCD-26SEP1516,9,yes,0.76,yes,True,0.24,2026-09-15T20:15:24.881811+00:00,2026-09-15T19:15:20.557579+00:00
KXBTCD-26SEP1516-T76499.99,KXBTCD-26SEP1516,6,no,0.93,no,True,0.0699999999999999,2026-09-15T20:15:24.881873+00:00,2026-09-15T19:30:24.955246+00:00
KXBTCD-26SEP1516-T76199.99,KXBTCD-26SEP1516,5,no,0.91,no,True,0.0899999999999999,2026-09-15T20:15:24.881982+00:00,2026-09-15T19:45:26.943102+00:00
KXBTCD-26SEP1517-T82499.99,KXBTCD-26SEP1517,10,no,0.96,no,True,0.04,2026-09-15T21:15:23.817909+00:00,2026-09-14T20:15:25.131358+00:00
KXBTCD-26SEP1517-T81999.99,KXBTCD-26SEP1517,9,no,0.92,no,True,0.0799999999999999,2026-09-15T21:15:23.817994+00:00,2026-09-14T20:15:25.131404+00:00
KXBTCD-26SEP1517-T79749.99,KXBTCD-26SEP1517,8,no,0.62,no,True,0.38,2026-09-15T21:15:23.818060+00:00,2026-09-14T20:15:25.131434+00:00
KXBTCD-26SEP1517-T78249.99,KXBTCD-26SEP1517,7,yes,0.71,no,False,-0.71,2026-09-15T21:15:23.818153+00:00,2026-09-14T20:15:25.131479+00:00
KXBTCD-26SEP1517-T77749.99,KXBTCD-26SEP1517,6,yes,0.77,no,False,-0.77,2026-09-15T21:15:23.818233+00:00,2026-09-14T20:15:25.131504+00:00
KXBTCD-26SEP1517-T78749.99,KXBTCD-26SEP1517,5,yes,0.65,no,False,-0.65,2026-09-15T21:15:23.818304+00:00,2026-09-14T20:30:25.679887+00:00
KXBTCD-26SEP1517-T78499.99,KXBTCD-26SEP1517,10,yes,0.71,no,False,-0.71,2026-09-15T21:15:23.818367+00:00,2026-09-14T20:30:25.679924+00:00
KXBTCD-26SEP1517-T77999.99,KXBTCD-26SEP1517,9,yes,0.8,no,False,-0.8,2026-09-15T21:15:23.818431+00:00,2026-09-14T20:30:25.679959+00:00
KXBTCD-26SEP1517-T81249.99,KXBTCD-26SEP1517,10,no,0.84,no,True,0.16,2026-09-15T21:15:23.818550+00:00,2026-09-14T20:45:25.389724+00:00
KXBTCD-26SEP1517-T80499.99,KXBTCD-26SEP1517,9,no,0.73,no,True,0.27,2026-09-15T21:15:23.818613+00:00,2026-09-14T20:45:25.389793+00:00
KXBTCD-26SEP1517-T79999.99,KXBTCD-26SEP1517,5,no,0.63,no,True,0.37,2026-09-15T21:15:23.818677+00:00,2026-09-14T20:45:25.389847+00:00
KXBTCD-26SEP1517-T76999.99,KXBTCD-26SEP1517,7,yes,0.88,no,False,-0.88,2026-09-15T21:15:23.818739+00:00,2026-09-14T21:15:29.523021+00:00
KXBTCD-26SEP1517-T76249.99,KXBTCD-26SEP1517,10,yes,0.94,no,False,-0.94,2026-09-15T21:15:23.818800+00:00,2026-09-14T21:15:29.523076+00:00
KXBTCD-26SEP1517-T77249.99,KXBTCD-26SEP1517,5,yes,0.84,no,False,-0.84,2026-09-15T21:15:23.818861+00:00,2026-09-14T21:45:18.715204+00:00
KXBTCD-26SEP1517-T78999.99,KXBTCD-26SEP1517,5,no,0.62,no,True,0.38,2026-09-15T21:15:23.818923+00:00,2026-09-14T23:00:25.921104+00:00
KXBTCD-26SEP1517-T79499.99,KXBTCD-26SEP1517,5,no,0.77,no,True,0.2299999999999999,2026-09-15T21:15:23.818984+00:00,2026-09-14T23:30:29.492349+00:00
KXBTCD-26SEP1517-T79249.99,KXBTCD-26SEP1517,5,no,0.8,no,True,0.1999999999999999,2026-09-15T21:15:23.819095+00:00,2026-09-15T00:30:22.314794+00:00
KXBTCD-26SEP1517-T74749.99,KXBTCD-26SEP1517,9,yes,0.97,yes,True,0.03,2026-09-15T21:15:23.819181+00:00,2026-09-15T00:45:20.940274+00:00
KXBTCD-26SEP1517-T77499.99,KXBTCD-26SEP1517,5,no,0.62,no,True,0.38,2026-09-15T21:15:23.819246+00:00,2026-09-15T07:45:22.334504+00:00
KXBTCD-26SEP1517-T76499.99,KXBTCD-26SEP1517,5,no,0.72,no,True,0.28,2026-09-15T21:15:23.819308+00:00,2026-09-15T14:45:21.752750+00:00
KXBTCD-26SEP1517-T75999.99,KXBTCD-26SEP1517,10,yes,0.64,no,False,-0.64,2026-09-15T21:15:23.819370+00:00,2026-09-15T15:30:25.415795+00:00
KXBTCD-26SEP1517-T76749.99,KXBTCD-26SEP1517,10,no,0.65,no,True,0.35,2026-09-15T21:15:23.819430+00:00,2026-09-15T15:45:22.983666+00:00
KXBTCD-26SEP1517-T75499.99,KXBTCD-26SEP1517,9,yes,0.94,yes,True,0.06,2026-09-15T21:15:23.819492+00:00,2026-09-15T18:30:22.483978+00:00
KXBTCD-26SEP1517-T74999.99,KXBTCD-26SEP1517,9,yes,0.9,yes,True,0.0999999999999999,2026-09-15T21:15:23.819561+00:00,2026-09-15T19:30:24.955514+00:00
KXBTCD-26SEP1517-T75749.99,KXBTCD-26SEP1517,8,yes,0.72,yes,True,0.28,2026-09-15T21:15:23.819919+00:00,2026-09-15T20:15:24.889544+00:00
KXBTCD-26SEP1518-T76199.99,KXBTCD-26SEP1518,9,no,0.9,no,True,0.0999999999999999,2026-09-15T22:15:22.142614+00:00,2026-09-15T21:15:23.827786+00:00
KXBTCD-26SEP1518-T76099.99,KXBTCD-26SEP1518,10,no,0.84,no,True,0.16,2026-09-15T22:15:22.142695+00:00,2026-09-15T21:15:23.827837+00:00
KXBTCD-26SEP1518-T75999.99,KXBTCD-26SEP1518,5,no,0.75,no,True,0.25,2026-09-15T22:15:22.142759+00:00,2026-09-15T21:15:23.827886+00:00
KXBTCD-26SEP1518-T75499.99,KXBTCD-26SEP1518,8,yes,0.85,no,False,-0.85,2026-09-15T22:15:22.142822+00:00,2026-09-15T21:15:23.827932+00:00
KXBTCD-26SEP1518-T75399.99,KXBTCD-26SEP1518,6,yes,0.94,no,False,-0.94,2026-09-15T22:15:22.142885+00:00,2026-09-15T21:15:23.827978+00:00
KXBTCD-26SEP1518-T75299.99,KXBTCD-26SEP1518,7,yes,0.94,yes,True,0.06,2026-09-15T22:15:22.142973+00:00,2026-09-15T21:15:23.828025+00:00
KXBTCD-26SEP1518-T75199.99,KXBTCD-26SEP1518,10,yes,0.99,yes,True,0.01,2026-09-15T22:15:22.143105+00:00,2026-09-15T21:45:20.949608+00:00
KXBTCD-26SEP1518-T75899.99,KXBTCD-26SEP1518,6,no,0.99,no,True,0.01,2026-09-15T22:15:22.143265+00:00,2026-09-15T22:00:25.175272+00:00
KXBTCD-26SEP1518-T75799.99,KXBTCD-26SEP1518,5,no,0.99,no,True,0.01,2026-09-15T22:15:22.143328+00:00,2026-09-15T22:00:25.175311+00:00
KXBTCD-26SEP1519-T75799.99,KXBTCD-26SEP1519,8,no,0.93,no,True,0.0699999999999999,2026-09-15T23:15:22.080759+00:00,2026-09-15T22:15:22.150674+00:00
KXBTCD-26SEP1519-T75699.99,KXBTCD-26SEP1519,7,no,0.88,no,True,0.12,2026-09-15T23:15:22.080852+00:00,2026-09-15T22:15:22.150732+00:00
KXBTCD-26SEP1519-T75599.99,KXBTCD-26SEP1519,5,no,0.81,yes,False,-0.81,2026-09-15T23:15:22.080886+00:00,2026-09-15T22:15:22.150782+00:00
KXBTCD-26SEP1519-T75099.99,KXBTCD-26SEP1519,6,yes,0.78,yes,True,0.2199999999999999,2026-09-15T23:15:22.080915+00:00,2026-09-15T22:15:22.150831+00:00
KXBTCD-26SEP1519-T74999.99,KXBTCD-26SEP1519,9,yes,0.86,yes,True,0.14,2026-09-15T23:15:22.080944+00:00,2026-09-15T22:15:22.150876+00:00
KXBTCD-26SEP1519-T74799.99,KXBTCD-26SEP1519,10,yes,0.95,yes,True,0.05,2026-09-15T23:15:22.080971+00:00,2026-09-15T22:15:22.150922+00:00
KXBTCD-26SEP1519-T74899.99,KXBTCD-26SEP1519,10,yes,0.95,yes,True,0.05,2026-09-15T23:15:22.081042+00:00,2026-09-15T22:30:24.254345+00:00
KXBTCD-26SEP1519-T75999.99,KXBTCD-26SEP1519,10,no,0.99,no,True,0.01,2026-09-15T23:15:22.081069+00:00,2026-09-15T23:00:23.397677+00:00
KXBTCD-26SEP1519-T75299.99,KXBTCD-26SEP1519,5,yes,0.99,yes,True,0.01,2026-09-15T23:15:22.081095+00:00,2026-09-15T23:00:23.397781+00:00
KXBTCD-26SEP1519-T75199.99,KXBTCD-26SEP1519,6,yes,0.99,yes,True,0.01,2026-09-15T23:15:22.081121+00:00,2026-09-15T23:00:23.397817+00:00
KXBTCD-26SEP1520-T76299.99,KXBTCD-26SEP1520,9,no,0.95,no,True,0.05,2026-09-16T00:15:23.676160+00:00,2026-09-15T23:15:22.086419+00:00
KXBTCD-26SEP1520-T76199.99,KXBTCD-26SEP1520,10,no,0.93,no,True,0.0699999999999999,2026-09-16T00:15:23.676247+00:00,2026-09-15T23:15:22.086454+00:00
KXBTCD-26SEP1520-T76099.99,KXBTCD-26SEP1520,6,no,0.86,no,True,0.14,2026-09-16T00:15:23.676312+00:00,2026-09-15T23:15:22.086479+00:00
KXBTCD-26SEP1520-T75899.99,KXBTCD-26SEP1520,5,no,0.63,no,True,0.37,2026-09-16T00:15:23.676421+00:00,2026-09-15T23:15:22.086503+00:00
KXBTCD-26SEP1520-T75499.99,KXBTCD-26SEP1520,7,yes,0.9,yes,True,0.0999999999999999,2026-09-16T00:15:23.676486+00:00,2026-09-15T23:15:22.086528+00:00
KXBTCD-26SEP1520-T75399.99,KXBTCD-26SEP1520,8,yes,0.94,yes,True,0.06,2026-09-16T00:15:23.676550+00:00,2026-09-15T23:15:22.086552+00:00
KXBTCD-26SEP1520-T75999.99,KXBTCD-26SEP1520,6,no,0.99,no,True,0.01,2026-09-16T00:15:23.676612+00:00,2026-09-15T23:45:07.548524+00:00
KXBTCD-26SEP1520-T75299.99,KXBTCD-26SEP1520,9,yes,0.98,yes,True,0.02,2026-09-16T00:15:23.676675+00:00,2026-09-15T23:45:07.548652+00:00
KXBTCD-26SEP1521-T76299.99,KXBTCD-26SEP1521,9,no,0.97,no,True,0.03,2026-09-16T01:15:25.513462+00:00,2026-09-16T00:15:23.684110+00:00
KXBTCD-26SEP1521-T75999.99,KXBTCD-26SEP1521,8,no,0.92,no,True,0.0799999999999999,2026-09-16T01:15:25.513546+00:00,2026-09-16T00:15:23.684171+00:00
KXBTCD-26SEP1521-T75899.99,KXBTCD-26SEP1521,7,no,0.86,no,True,0.14,2026-09-16T01:15:25.513612+00:00,2026-09-16T00:15:23.684223+00:00
KXBTCD-26SEP1521-T75799.99,KXBTCD-26SEP1521,5,no,0.75,no,True,0.25,2026-09-16T01:15:25.513674+00:00,2026-09-16T00:15:23.684272+00:00
KXBTCD-26SEP1521-T75499.99,KXBTCD-26SEP1521,6,yes,0.73,yes,True,0.27,2026-09-16T01:15:25.513736+00:00,2026-09-16T00:15:23.684348+00:00
KXBTCD-26SEP1521-T75199.99,KXBTCD-26SEP1521,10,yes,0.95,yes,True,0.05,2026-09-16T01:15:25.513797+00:00,2026-09-16T00:15:23.684412+00:00
KXBTCD-26SEP1521-T75399.99,KXBTCD-26SEP1521,7,yes,0.96,yes,True,0.04,2026-09-16T01:15:25.513857+00:00,2026-09-16T00:30:25.439733+00:00
KXBTCD-26SEP1521-T75299.99,KXBTCD-26SEP1521,6,yes,0.97,yes,True,0.03,2026-09-16T01:15:25.513917+00:00,2026-09-16T00:30:25.439800+00:00
KXBTCD-26SEP1522-T76199.99,KXBTCD-26SEP1522,10,no,0.95,no,True,0.05,2026-09-16T02:15:21.685326+00:00,2026-09-16T01:15:25.521309+00:00
KXBTCD-26SEP1522-T76099.99,KXBTCD-26SEP1522,9,no,0.9,no,True,0.0999999999999999,2026-09-16T02:15:21.685404+00:00,2026-09-16T01:15:25.521404+00:00
KXBTCD-26SEP1522-T75999.99,KXBTCD-26SEP1522,6,no,0.83,no,True,0.17,2026-09-16T02:15:21.685469+00:00,2026-09-16T01:15:25.521459+00:00
KXBTCD-26SEP1522-T75599.99,KXBTCD-26SEP1522,5,yes,0.69,no,False,-0.69,2026-09-16T02:15:21.685560+00:00,2026-09-16T01:15:25.521519+00:00
KXBTCD-26SEP1522-T75499.99,KXBTCD-26SEP1522,7,yes,0.8,no,False,-0.8,2026-09-16T02:15:21.685631+00:00,2026-09-16T01:15:25.521566+00:00
KXBTCD-26SEP1522-T75299.99,KXBTCD-26SEP1522,8,yes,0.94,yes,True,0.06,2026-09-16T02:15:21.685694+00:00,2026-09-16T01:15:25.521613+00:00
KXBTCD-26SEP1522-T75399.99,KXBTCD-26SEP1522,6,yes,0.97,yes,True,0.03,2026-09-16T02:15:21.685756+00:00,2026-09-16T01:30:22.912512+00:00
KXBTCD-26SEP1522-T75899.99,KXBTCD-26SEP1522,5,no,0.96,no,True,0.04,2026-09-16T02:15:21.685816+00:00,2026-09-16T01:44:16.766531+00:00
KXBTCD-26SEP1522-T75199.99,KXBTCD-26SEP1522,10,yes,0.99,yes,True,0.01,2026-09-16T02:15:21.685876+00:00,2026-09-16T01:44:16.766660+00:00
KXBTCD-26SEP1522-T75799.99,KXBTCD-26SEP1522,5,no,0.99,no,True,0.01,2026-09-16T02:15:21.685936+00:00,2026-09-16T02:00:25.738293+00:00
KXBTCD-26SEP1523-T75999.99,KXBTCD-26SEP1523,9,no,0.93,no,True,0.0699999999999999,2026-09-16T03:15:27.062623+00:00,2026-09-16T02:15:21.693387+00:00
KXBTCD-26SEP1523-T75899.99,KXBTCD-26SEP1523,5,no,0.86,no,True,0.14,2026-09-16T03:15:27.062672+00:00,2026-09-16T02:15:21.693444+00:00
KXBTCD-26SEP1523-T75799.99,KXBTCD-26SEP1523,6,no,0.77,yes,False,-0.77,2026-09-16T03:15:27.062705+00:00,2026-09-16T02:15:21.693492+00:00
KXBTCD-26SEP1523-T75299.99,KXBTCD-26SEP1523,7,yes,0.88,yes,True,0.12,2026-09-16T03:15:27.062735+00:00,2026-09-16T02:15:21.693580+00:00
KXBTCD-26SEP1523-T75199.99,KXBTCD-26SEP1523,8,yes,0.93,yes,True,0.0699999999999999,2026-09-16T03:15:27.062767+00:00,2026-09-16T02:15:21.693638+00:00
KXBTCD-26SEP1523-T74999.99,KXBTCD-26SEP1523,10,yes,0.97,yes,True,0.03,2026-09-16T03:15:27.062800+00:00,2026-09-16T02:15:21.693685+00:00
KXBTCD-26SEP1523-T76099.99,KXBTCD-26SEP1523,10,no,0.91,no,True,0.0899999999999999,2026-09-16T03:15:27.062829+00:00,2026-09-16T02:30:25.165510+00:00
KXBTCD-26SEP1523-T75399.99,KXBTCD-26SEP1523,6,yes,0.97,yes,True,0.03,2026-09-16T03:15:27.062858+00:00,2026-09-16T02:30:25.165605+00:00
KXBTCD-26SEP1523-T76199.99,KXBTCD-26SEP1523,9,no,0.97,no,True,0.03,2026-09-16T03:15:27.062887+00:00,2026-09-16T02:45:25.340101+00:00
KXBTCD-26SEP1523-T75699.99,KXBTCD-26SEP1523,5,yes,0.94,yes,True,0.06,2026-09-16T03:15:27.062916+00:00,2026-09-16T02:45:25.340224+00:00
KXBTCD-26SEP1523-T75499.99,KXBTCD-26SEP1523,7,yes,0.98,yes,True,0.02,2026-09-16T03:15:27.062945+00:00,2026-09-16T02:45:25.340285+00:00
KXBTCD-26SEP1523-T75599.99,KXBTCD-26SEP1523,5,yes,0.99,yes,True,0.01,2026-09-16T03:15:27.062975+00:00,2026-09-16T03:00:21.815604+00:00
KXBTCD-26SEP1600-T76299.99,KXBTCD-26SEP1600,9,no,0.96,no,True,0.04,2026-09-16T04:15:18.618589+00:00,2026-09-16T03:15:27.068672+00:00
KXBTCD-26SEP1600-T76199.99,KXBTCD-26SEP1600,8,no,0.92,no,True,0.0799999999999999,2026-09-16T04:15:18.618647+00:00,2026-09-16T03:15:27.068708+00:00
KXBTCD-26SEP1600-T75699.99,KXBTCD-26SEP1600,5,yes,0.82,yes,True,0.18,2026-09-16T04:15:18.618689+00:00,2026-09-16T03:15:27.068735+00:00
KXBTCD-26SEP1600-T75599.99,KXBTCD-26SEP1600,7,yes,0.91,yes,True,0.0899999999999999,2026-09-16T04:15:18.618727+00:00,2026-09-16T03:15:27.068757+00:00
KXBTCD-26SEP1600-T75499.99,KXBTCD-26SEP1600,6,yes,0.95,yes,True,0.05,2026-09-16T04:15:18.618766+00:00,2026-09-16T03:15:27.068779+00:00
KXBTCD-26SEP1600-T75399.99,KXBTCD-26SEP1600,10,yes,0.97,yes,True,0.03,2026-09-16T04:15:18.618803+00:00,2026-09-16T03:15:27.068801+00:00
KXBTCD-26SEP1600-T76099.99,KXBTCD-26SEP1600,5,no,0.98,no,True,0.02,2026-09-16T04:15:18.618843+00:00,2026-09-16T03:45:18.819754+00:00
KXBTCD-26SEP1601-T76199.99,KXBTCD-26SEP1601,8,no,0.98,no,True,0.02,2026-09-16T05:15:22.028512+00:00,2026-09-16T04:15:18.625201+00:00
KXBTCD-26SEP1601-T76099.99,KXBTCD-26SEP1601,6,no,0.94,no,True,0.06,2026-09-16T05:15:22.028561+00:00,2026-09-16T04:15:18.625253+00:00
KXBTCD-26SEP1601-T75599.99,KXBTCD-26SEP1601,5,yes,0.89,yes,True,0.1099999999999999,2026-09-16T05:15:22.028592+00:00,2026-09-16T04:15:18.625291+00:00
KXBTCD-26SEP1601-T75499.99,KXBTCD-26SEP1601,7,yes,0.95,yes,True,0.05,2026-09-16T05:15:22.028621+00:00,2026-09-16T04:15:18.625325+00:00
KXBTCD-26SEP1601-T75399.99,KXBTCD-26SEP1601,9,yes,0.98,yes,True,0.02,2026-09-16T05:15:22.028649+00:00,2026-09-16T04:15:18.625359+00:00
KXBTCD-26SEP1601-T75299.99,KXBTCD-26SEP1601,10,yes,0.99,yes,True,0.01,2026-09-16T05:15:22.028681+00:00,2026-09-16T04:15:18.625391+00:00
KXBTCD-26SEP1601-T76299.99,KXBTCD-26SEP1601,10,no,0.99,no,True,0.01,2026-09-16T05:15:22.028709+00:00,2026-09-16T04:30:26.046341+00:00
KXBTCD-26SEP1602-T76099.99,KXBTCD-26SEP1602,9,no,0.96,no,True,0.04,2026-09-16T06:15:18.927384+00:00,2026-09-16T05:15:22.033789+00:00
KXBTCD-26SEP1602-T75999.99,KXBTCD-26SEP1602,8,no,0.92,no,True,0.0799999999999999,2026-09-16T06:15:18.927424+00:00,2026-09-16T05:15:22.033828+00:00
KXBTCD-26SEP1602-T75899.99,KXBTCD-26SEP1602,5,no,0.81,yes,False,-0.81,2026-09-16T06:15:18.927446+00:00,2026-09-16T05:15:22.033857+00:00
KXBTCD-26SEP1602-T75399.99,KXBTCD-26SEP1602,6,yes,0.95,yes,True,0.05,2026-09-16T06:15:18.927466+00:00,2026-09-16T05:15:22.033885+00:00
KXBTCD-26SEP1602-T75299.99,KXBTCD-26SEP1602,7,yes,0.98,yes,True,0.02,2026-09-16T06:15:18.927486+00:00,2026-09-16T05:15:22.033910+00:00
KXBTCD-26SEP1602-T75199.99,KXBTCD-26SEP1602,10,yes,0.99,yes,True,0.01,2026-09-16T06:15:18.927506+00:00,2026-09-16T05:15:22.033936+00:00
KXBTCD-26SEP1602-T76199.99,KXBTCD-26SEP1602,10,no,0.98,no,True,0.02,2026-09-16T06:15:18.927525+00:00,2026-09-16T05:30:30.671320+00:00
KXBTCD-26SEP1602-T75499.99,KXBTCD-26SEP1602,5,yes,0.97,yes,True,0.03,2026-09-16T06:15:18.927545+00:00,2026-09-16T05:30:30.671464+00:00
KXBTCD-26SEP1603-T76399.99,KXBTCD-26SEP1603,10,no,0.98,no,True,0.02,2026-09-16T07:15:24.774023+00:00,2026-09-16T06:15:18.931677+00:00
KXBTCD-26SEP1603-T76299.99,KXBTCD-26SEP1603,9,no,0.96,no,True,0.04,2026-09-16T07:15:24.774078+00:00,2026-09-16T06:15:18.931706+00:00
KXBTCD-26SEP1603-T76199.99,KXBTCD-26SEP1603,7,no,0.91,no,True,0.0899999999999999,2026-09-16T07:15:24.774112+00:00,2026-09-16T06:15:18.931726+00:00
KXBTCD-26SEP1603-T75699.99,KXBTCD-26SEP1603,5,yes,0.92,yes,True,0.0799999999999999,2026-09-16T07:15:24.774144+00:00,2026-09-16T06:15:18.931746+00:00
KXBTCD-26SEP1603-T75599.99,KXBTCD-26SEP1603,6,yes,0.96,yes,True,0.04,2026-09-16T07:15:24.774174+00:00,2026-09-16T06:15:18.931764+00:00
KXBTCD-26SEP1603-T75499.99,KXBTCD-26SEP1603,8,yes,0.98,yes,True,0.02,2026-09-16T07:15:24.774205+00:00,2026-09-16T06:15:18.931781+00:00
KXBTCD-26SEP1603-T76099.99,KXBTCD-26SEP1603,5,no,0.99,no,True,0.01,2026-09-16T07:15:24.774236+00:00,2026-09-16T06:45:26.295601+00:00
KXBTCD-26SEP1604-T76399.99,KXBTCD-26SEP1604,10,no,0.98,no,True,0.02,2026-09-16T08:15:20.046204+00:00,2026-09-16T07:15:24.779763+00:00
KXBTCD-26SEP1604-T76299.99,KXBTCD-26SEP1604,8,no,0.97,no,True,0.03,2026-09-16T08:15:20.046321+00:00,2026-09-16T07:15:24.779804+00:00
KXBTCD-26SEP1604-T76199.99,KXBTCD-26SEP1604,7,no,0.95,no,True,0.05,2026-09-16T08:15:20.046387+00:00,2026-09-16T07:15:24.779833+00:00
KXBTCD-26SEP1604-T76099.99,KXBTCD-26SEP1604,6,no,0.9,no,True,0.0999999999999999,2026-09-16T08:15:20.046449+00:00,2026-09-16T07:15:24.779858+00:00
KXBTCD-26SEP1604-T75599.99,KXBTCD-26SEP1604,5,yes,0.85,yes,True,0.15,2026-09-16T08:15:20.046510+00:00,2026-09-16T07:15:24.779883+00:00
KXBTCD-26SEP1604-T75499.99,KXBTCD-26SEP1604,9,yes,0.93,yes,True,0.0699999999999999,2026-09-16T08:15:20.046572+00:00,2026-09-16T07:15:24.779907+00:00
KXBTCD-26SEP1604-T75399.99,KXBTCD-26SEP1604,10,yes,0.97,yes,True,0.03,2026-09-16T08:15:20.046632+00:00,2026-09-16T07:30:21.224915+00:00
KXBTCD-26SEP1605-T76099.99,KXBTCD-26SEP1605,10,no,0.98,no,True,0.02,2026-09-16T09:15:25.877802+00:00,2026-09-16T08:15:20.053576+00:00
KXBTCD-26SEP1605-T75899.99,KXBTCD-26SEP1605,7,no,0.96,no,True,0.04,2026-09-16T09:15:25.877849+00:00,2026-09-16T08:15:20.053636+00:00
KXBTCD-26SEP1605-T75799.99,KXBTCD-26SEP1605,5,no,0.93,no,True,0.0699999999999999,2026-09-16T09:15:25.877879+00:00,2026-09-16T08:15:20.053688+00:00
KXBTCD-26SEP1605-T75299.99,KXBTCD-26SEP1605,6,yes,0.75,yes,True,0.25,2026-09-16T09:15:25.877908+00:00,2026-09-16T08:15:20.053736+00:00
KXBTCD-26SEP1605-T75199.99,KXBTCD-26SEP1605,8,yes,0.88,yes,True,0.12,2026-09-16T09:15:25.877936+00:00,2026-09-16T08:15:20.053784+00:00
KXBTCD-26SEP1605-T75099.99,KXBTCD-26SEP1605,9,yes,0.94,yes,True,0.06,2026-09-16T09:15:25.877964+00:00,2026-09-16T08:15:20.053839+00:00
KXBTCD-26SEP1605-T74999.99,KXBTCD-26SEP1605,10,yes,0.96,yes,True,0.04,2026-09-16T09:15:25.877991+00:00,2026-09-16T08:30:27.211545+00:00
KXBTCD-26SEP1605-T75699.99,KXBTCD-26SEP1605,5,no,0.96,no,True,0.04,2026-09-16T09:15:25.878018+00:00,2026-09-16T08:45:20.268046+00:00
KXBTCD-26SEP1606-T76399.99,KXBTCD-26SEP1606,9,no,0.99,no,True,0.01,2026-09-16T10:15:23.324790+00:00,2026-09-16T09:15:25.883257+00:00
KXBTCD-26SEP1606-T76199.99,KXBTCD-26SEP1606,8,no,0.97,no,True,0.03,2026-09-16T10:15:23.324875+00:00,2026-09-16T09:15:25.883297+00:00
KXBTCD-26SEP1606-T76099.99,KXBTCD-26SEP1606,6,no,0.95,no,True,0.05,2026-09-16T10:15:23.324938+00:00,2026-09-16T09:15:25.883321+00:00
KXBTCD-26SEP1606-T75599.99,KXBTCD-26SEP1606,5,yes,0.77,yes,True,0.2299999999999999,2026-09-16T10:15:23.325000+00:00,2026-09-16T09:15:25.883368+00:00
KXBTCD-26SEP1606-T75499.99,KXBTCD-26SEP1606,7,yes,0.89,yes,True,0.1099999999999999,2026-09-16T10:15:23.325060+00:00,2026-09-16T09:15:25.883395+00:00
KXBTCD-26SEP1606-T75399.99,KXBTCD-26SEP1606,10,yes,0.96,yes,True,0.04,2026-09-16T10:15:23.325121+00:00,2026-09-16T09:15:25.883416+00:00
KXBTCD-26SEP1606-T75999.99,KXBTCD-26SEP1606,5,no,0.93,no,True,0.0699999999999999,2026-09-16T10:15:23.325208+00:00,2026-09-16T09:30:27.329178+00:00
KXBTCD-26SEP1607-T76399.99,KXBTCD-26SEP1607,5,no,0.98,no,True,0.02,2026-09-16T11:15:21.256325+00:00,2026-09-16T10:00:49.052584+00:00
KXBTCD-26SEP1607-T76299.99,KXBTCD-26SEP1607,7,no,0.97,no,True,0.03,2026-09-16T11:15:21.256406+00:00,2026-09-16T10:15:23.332699+00:00
KXBTCD-26SEP1607-T76199.99,KXBTCD-26SEP1607,5,no,0.93,no,True,0.0699999999999999,2026-09-16T11:15:21.256477+00:00,2026-09-16T10:15:23.332762+00:00
KXBTCD-26SEP1607-T75699.99,KXBTCD-26SEP1607,6,yes,0.85,yes,True,0.15,2026-09-16T11:15:21.256538+00:00,2026-09-16T10:15:23.332814+00:00
KXBTCD-26SEP1607-T75599.99,KXBTCD-26SEP1607,10,yes,0.94,yes,True,0.06,2026-09-16T11:15:21.256599+00:00,2026-09-16T10:15:23.332862+00:00
KXBTCD-26SEP1607-T75499.99,KXBTCD-26SEP1607,8,yes,0.97,yes,True,0.03,2026-09-16T11:15:21.256659+00:00,2026-09-16T10:15:23.332910+00:00
KXBTCD-26SEP1608-T76399.99,KXBTCD-26SEP1608,10,no,0.99,no,True,0.01,2026-09-16T12:11:46.396827+00:00,2026-09-16T11:15:21.263725+00:00
KXBTCD-26SEP1608-T76299.99,KXBTCD-26SEP1608,8,no,0.99,no,True,0.01,2026-09-16T12:11:46.396903+00:00,2026-09-16T11:15:21.263786+00:00
KXBTCD-26SEP1608-T76199.99,KXBTCD-26SEP1608,6,no,0.97,no,True,0.03,2026-09-16T12:11:46.396966+00:00,2026-09-16T11:15:21.263838+00:00
KXBTCD-26SEP1608-T75699.99,KXBTCD-26SEP1608,5,yes,0.83,yes,True,0.17,2026-09-16T12:11:46.397030+00:00,2026-09-16T11:15:21.263886+00:00
KXBTCD-26SEP1608-T75599.99,KXBTCD-26SEP1608,7,yes,0.93,yes,True,0.0699999999999999,2026-09-16T12:11:46.397090+00:00,2026-09-16T11:15:21.263933+00:00
KXBTCD-26SEP1608-T75499.99,KXBTCD-26SEP1608,9,yes,0.97,yes,True,0.03,2026-09-16T12:11:46.397189+00:00,2026-09-16T11:15:21.263980+00:00
KXBTCD-26SEP1608-T75799.99,KXBTCD-26SEP1608,5,yes,0.99,yes,True,0.01,2026-09-16T12:11:46.397255+00:00,2026-09-16T12:00:25.451671+00:00
KXBTCD-26SEP1609-T76599.99,KXBTCD-26SEP1609,8,no,0.96,no,True,0.04,2026-09-16T13:15:20.921733+00:00,2026-09-16T12:11:46.404461+00:00
KXBTCD-26SEP1609-T76499.99,KXBTCD-26SEP1609,5,no,0.94,no,True,0.06,2026-09-16T13:15:20.921846+00:00,2026-09-16T12:11:46.404522+00:00
KXBTCD-26SEP1609-T76399.99,KXBTCD-26SEP1609,7,no,0.89,no,True,0.1099999999999999,2026-09-16T13:15:20.921919+00:00,2026-09-16T12:11:46.404574+00:00
KXBTCD-26SEP1609-T75899.99,KXBTCD-26SEP1609,6,yes,0.78,no,False,-0.78,2026-09-16T13:15:20.921983+00:00,2026-09-16T12:11:46.404623+00:00
KXBTCD-26SEP1609-T75799.99,KXBTCD-26SEP1609,9,yes,0.87,yes,True,0.13,2026-09-16T13:15:20.922045+00:00,2026-09-16T12:11:46.404672+00:00
KXBTCD-26SEP1609-T75699.99,KXBTCD-26SEP1609,10,yes,0.93,yes,True,0.0699999999999999,2026-09-16T13:15:20.922108+00:00,2026-09-16T12:11:46.404720+00:00
KXBTCD-26SEP1609-T76299.99,KXBTCD-26SEP1609,6,no,0.97,no,True,0.03,2026-09-16T13:15:20.922170+00:00,2026-09-16T12:30:24.076234+00:00
KXBTCD-26SEP1609-T75499.99,KXBTCD-26SEP1609,10,yes,0.96,yes,True,0.04,2026-09-16T13:15:20.922233+00:00,2026-09-16T12:30:24.076332+00:00
KXBTCD-26SEP1609-T76199.99,KXBTCD-26SEP1609,5,no,0.97,no,True,0.03,2026-09-16T13:15:20.922343+00:00,2026-09-16T12:45:22.719666+00:00
KXBTCD-26SEP1609-T75599.99,KXBTCD-26SEP1609,10,yes,0.97,yes,True,0.03,2026-09-16T13:15:20.922409+00:00,2026-09-16T12:45:22.719785+00:00
KXBTCD-26SEP1610-T76099.99,KXBTCD-26SEP1610,9,no,0.87,no,True,0.13,2026-09-16T14:15:24.882594+00:00,2026-09-16T13:15:20.929444+00:00
KXBTCD-26SEP1610-T75999.99,KXBTCD-26SEP1610,10,no,0.8,no,True,0.1999999999999999,2026-09-16T14:15:24.882677+00:00,2026-09-16T13:15:20.929508+00:00
KXBTCD-26SEP1610-T75599.99,KXBTCD-26SEP1610,5,yes,0.65,no,False,-0.65,2026-09-16T14:15:24.882743+00:00,2026-09-16T13:15:20.929562+00:00
KXBTCD-26SEP1610-T75399.99,KXBTCD-26SEP1610,6,yes,0.83,yes,True,0.17,2026-09-16T14:15:24.882804+00:00,2026-09-16T13:15:20.929614+00:00
KXBTCD-26SEP1610-T75299.99,KXBTCD-26SEP1610,7,yes,0.89,yes,True,0.1099999999999999,2026-09-16T14:15:24.882894+00:00,2026-09-16T13:15:20.929665+00:00
KXBTCD-26SEP1610-T75199.99,KXBTCD-26SEP1610,8,yes,0.93,yes,True,0.0699999999999999,2026-09-16T14:15:24.882971+00:00,2026-09-16T13:15:20.929715+00:00
KXBTCD-26SEP1610-T75899.99,KXBTCD-26SEP1610,5,no,0.74,no,True,0.26,2026-09-16T14:15:24.883042+00:00,2026-09-16T13:30:23.687065+00:00
KXBTCD-26SEP1611-T75899.99,KXBTCD-26SEP1611,10,no,0.87,no,True,0.13,2026-09-16T15:15:24.993149+00:00,2026-09-16T14:15:24.890321+00:00
KXBTCD-26SEP1611-T75799.99,KXBTCD-26SEP1611,8,no,0.8,no,True,0.1999999999999999,2026-09-16T15:15:24.993228+00:00,2026-09-16T14:15:24.890383+00:00
KXBTCD-26SEP1611-T75699.99,KXBTCD-26SEP1611,6,no,0.74,no,True,0.26,2026-09-16T15:15:24.993293+00:00,2026-09-16T14:15:24.890443+00:00
KXBTCD-26SEP1611-T75599.99,KXBTCD-26SEP1611,5,no,0.63,no,True,0.37,2026-09-16T15:15:24.993357+00:00,2026-09-16T14:15:24.890495+00:00
KXBTCD-26SEP1611-T75199.99,KXBTCD-26SEP1611,7,yes,0.76,yes,True,0.24,2026-09-16T15:15:24.993418+00:00,2026-09-16T14:15:24.890544+00:00
KXBTCD-26SEP1611-T74999.99,KXBTCD-26SEP1611,9,yes,0.88,yes,True,0.12,2026-09-16T15:15:24.993480+00:00,2026-09-16T14:15:24.890593+00:00
KXBTCD-26SEP1611-T75099.99,KXBTCD-26SEP1611,7,yes,0.96,yes,True,0.04,2026-09-16T15:15:24.993539+00:00,2026-09-16T14:30:30.213615+00:00
KXBTCD-26SEP1611-T75999.99,KXBTCD-26SEP1611,10,no,0.94,no,True,0.06,2026-09-16T15:15:24.993600+00:00,2026-09-16T14:45:23.622638+00:00
KXBTCD-26SEP1611-T75299.99,KXBTCD-26SEP1611,5,yes,0.97,yes,True,0.03,2026-09-16T15:15:24.993659+00:00,2026-09-16T14:45:23.622706+00:00
KXBTCD-26SEP1612-T76099.99,KXBTCD-26SEP1612,9,no,0.88,no,True,0.12,2026-09-16T16:15:21.546721+00:00,2026-09-16T15:15:25.000985+00:00
KXBTCD-26SEP1612-T75999.99,KXBTCD-26SEP1612,6,no,0.81,no,True,0.1899999999999999,2026-09-16T16:15:21.546784+00:00,2026-09-16T15:15:25.001047+00:00
KXBTCD-26SEP1612-T75899.99,KXBTCD-26SEP1612,7,no,0.71,no,True,0.29,2026-09-16T16:15:21.546824+00:00,2026-09-16T15:15:25.001099+00:00
KXBTCD-26SEP1612-T75399.99,KXBTCD-26SEP1612,8,yes,0.83,yes,True,0.17,2026-09-16T16:15:21.546861+00:00,2026-09-16T15:15:25.001148+00:00
KXBTCD-26SEP1612-T75299.99,KXBTCD-26SEP1612,5,yes,0.89,yes,True,0.1099999999999999,2026-09-16T16:15:21.546898+00:00,2026-09-16T15:15:25.001197+00:00
KXBTCD-26SEP1612-T75199.99,KXBTCD-26SEP1612,10,yes,0.93,yes,True,0.0699999999999999,2026-09-16T16:15:21.546933+00:00,2026-09-16T15:15:25.001244+00:00
KXBTCD-26SEP1613-T76299.99,KXBTCD-26SEP1613,10,no,0.94,no,True,0.06,2026-09-16T17:15:24.870451+00:00,2026-09-16T16:15:21.553704+00:00
KXBTCD-26SEP1613-T76099.99,KXBTCD-26SEP1613,8,no,0.86,no,True,0.14,2026-09-16T17:15:24.870498+00:00,2026-09-16T16:15:21.553758+00:00
KXBTCD-26SEP1613-T75999.99,KXBTCD-26SEP1613,7,no,0.77,no,True,0.2299999999999999,2026-09-16T17:15:24.870525+00:00,2026-09-16T16:15:21.553799+00:00
KXBTCD-26SEP1613-T75899.99,KXBTCD-26SEP1613,6,no,0.65,no,True,0.35,2026-09-16T17:15:24.870551+00:00,2026-09-16T16:15:21.553836+00:00
KXBTCD-26SEP1613-T75399.99,KXBTCD-26SEP1613,5,yes,0.9,yes,True,0.0999999999999999,2026-09-16T17:15:24.870577+00:00,2026-09-16T16:15:21.553870+00:00
KXBTCD-26SEP1613-T75299.99,KXBTCD-26SEP1613,9,yes,0.94,yes,True,0.06,2026-09-16T17:15:24.870602+00:00,2026-09-16T16:15:21.553902+00:00
KXBTCD-26SEP1613-T76199.99,KXBTCD-26SEP1613,10,no,0.97,no,True,0.03,2026-09-16T17:15:24.870627+00:00,2026-09-16T16:30:25.620952+00:00
KXBTCD-26SEP1614-T76099.99,KXBTCD-26SEP1614,9,no,0.96,no,True,0.04,2026-09-16T18:16:01.705634+00:00,2026-09-16T17:15:24.875978+00:00
KXBTCD-26SEP1614-T75999.99,KXBTCD-26SEP1614,7,no,0.93,no,True,0.0699999999999999,2026-09-16T18:16:01.705720+00:00,2026-09-16T17:15:24.876015+00:00
KXBTCD-26SEP1614-T75799.99,KXBTCD-26SEP1614,5,no,0.73,no,True,0.27,2026-09-16T18:16:01.705783+00:00,2026-09-16T17:15:24.876038+00:00
KXBTCD-26SEP1614-T75499.99,KXBTCD-26SEP1614,6,yes,0.77,yes,True,0.2299999999999999,2026-09-16T18:16:01.705845+00:00,2026-09-16T17:15:24.876060+00:00
KXBTCD-26SEP1614-T75299.99,KXBTCD-26SEP1614,8,yes,0.93,yes,True,0.0699999999999999,2026-09-16T18:16:01.705905+00:00,2026-09-16T17:15:24.876096+00:00
KXBTCD-26SEP1614-T75199.99,KXBTCD-26SEP1614,10,yes,0.97,yes,True,0.03,2026-09-16T18:16:01.705967+00:00,2026-09-16T17:15:24.876130+00:00
KXBTCD-26SEP1614-T75899.99,KXBTCD-26SEP1614,5,no,0.92,no,True,0.0799999999999999,2026-09-16T18:16:01.706027+00:00,2026-09-16T17:30:24.880763+00:00
KXBTCD-26SEP1614-T75399.99,KXBTCD-26SEP1614,6,yes,0.92,yes,True,0.0799999999999999,2026-09-16T18:16:01.706088+00:00,2026-09-16T17:30:24.880823+00:00
KXBTCD-26SEP1615-T76199.99,KXBTCD-26SEP1615,8,no,0.77,no,True,0.2299999999999999,2026-09-16T19:15:28.921951+00:00,2026-09-16T18:16:01.713720+00:00
KXBTCD-26SEP1615-T75599.99,KXBTCD-26SEP1615,7,yes,0.63,yes,True,0.37,2026-09-16T19:15:28.921995+00:00,2026-09-16T18:16:01.713825+00:00
KXBTCD-26SEP1615-T75399.99,KXBTCD-26SEP1615,6,yes,0.78,yes,True,0.2199999999999999,2026-09-16T19:15:28.922016+00:00,2026-09-16T18:16:01.713875+00:00
KXBTCD-26SEP1615-T75299.99,KXBTCD-26SEP1615,5,yes,0.81,yes,True,0.1899999999999999,2026-09-16T19:15:28.922035+00:00,2026-09-16T18:16:01.713924+00:00
KXBTCD-26SEP1615-T74999.99,KXBTCD-26SEP1615,10,yes,0.9,yes,True,0.0999999999999999,2026-09-16T19:15:28.922055+00:00,2026-09-16T18:16:01.713971+00:00
KXBTCD-26SEP1615-T75699.99,KXBTCD-26SEP1615,10,yes,0.64,no,False,-0.64,2026-09-16T19:15:28.922074+00:00,2026-09-16T18:30:24.339054+00:00
KXBTCD-26SEP1615-T76099.99,KXBTCD-26SEP1615,9,no,0.75,no,True,0.25,2026-09-16T19:15:28.922094+00:00,2026-09-16T18:45:19.958006+00:00
KXBTCD-26SEP1616-T76299.99,KXBTCD-26SEP1616,10,no,0.83,no,True,0.17,2026-09-16T20:15:24.102926+00:00,2026-09-16T19:15:28.926428+00:00
KXBTCD-26SEP1616-T76199.99,KXBTCD-26SEP1616,9,no,0.76,no,True,0.24,2026-09-16T20:15:24.102977+00:00,2026-09-16T19:15:28.926457+00:00
KXBTCD-26SEP1616-T75999.99,KXBTCD-26SEP1616,5,no,0.62,yes,False,-0.62,2026-09-16T20:15:24.103009+00:00,2026-09-16T19:15:28.926478+00:00
KXBTCD-26SEP1616-T75499.99,KXBTCD-26SEP1616,7,yes,0.74,yes,True,0.26,2026-09-16T20:15:24.103038+00:00,2026-09-16T19:15:28.926513+00:00
KXBTCD-26SEP1616-T75399.99,KXBTCD-26SEP1616,8,yes,0.81,yes,True,0.1899999999999999,2026-09-16T20:15:24.103066+00:00,2026-09-16T19:15:28.926532+00:00
KXBTCD-26SEP1616-T76099.99,KXBTCD-26SEP1616,10,no,0.93,no,True,0.0699999999999999,2026-09-16T20:15:24.103096+00:00,2026-09-16T19:30:24.627053+00:00
KXBTCD-26SEP1616-T75899.99,KXBTCD-26SEP1616,6,no,0.85,yes,False,-0.85,2026-09-16T20:15:24.103123+00:00,2026-09-16T19:30:24.627159+00:00
KXBTCD-26SEP1616-T75299.99,KXBTCD-26SEP1616,8,yes,0.68,yes,True,0.3199999999999999,2026-09-16T20:15:24.103154+00:00,2026-09-16T19:30:24.627218+00:00
KXBTCD-26SEP1616-T75199.99,KXBTCD-26SEP1616,9,yes,0.74,yes,True,0.26,2026-09-16T20:15:24.103182+00:00,2026-09-16T19:30:24.627250+00:00
KXBTCD-26SEP1617-T78249.99,KXBTCD-26SEP1617,7,no,0.86,no,True,0.14,2026-09-16T21:15:29.450486+00:00,2026-09-15T20:15:24.889099+00:00
KXBTCD-26SEP1617-T77999.99,KXBTCD-26SEP1617,6,no,0.84,no,True,0.16,2026-09-16T21:15:29.450570+00:00,2026-09-15T20:15:24.889160+00:00
KXBTCD-26SEP1617-T77749.99,KXBTCD-26SEP1617,8,no,0.81,no,True,0.1899999999999999,2026-09-16T21:15:29.450636+00:00,2026-09-15T20:15:24.889213+00:00
KXBTCD-26SEP1617-T77499.99,KXBTCD-26SEP1617,10,no,0.77,no,True,0.2299999999999999,2026-09-16T21:15:29.450700+00:00,2026-09-15T20:15:24.889260+00:00
KXBTCD-26SEP1617-T77249.99,KXBTCD-26SEP1617,5,no,0.74,no,True,0.26,2026-09-16T21:15:29.450763+00:00,2026-09-15T20:15:24.889308+00:00
KXBTCD-26SEP1617-T76999.99,KXBTCD-26SEP1617,9,no,0.7,no,True,0.3,2026-09-16T21:15:29.450829+00:00,2026-09-15T20:15:24.889355+00:00
KXBTCD-26SEP1617-T76249.99,KXBTCD-26SEP1617,5,no,0.61,no,True,0.39,2026-09-16T21:15:29.450893+00:00,2026-09-15T20:30:27.522839+00:00
KXBTCD-26SEP1617-T74999.99,KXBTCD-26SEP1617,7,yes,0.66,yes,True,0.3399999999999999,2026-09-16T21:15:29.450959+00:00,2026-09-15T20:45:23.660326+00:00
KXBTCD-26SEP1617-T79499.99,KXBTCD-26SEP1617,7,no,0.94,no,True,0.06,2026-09-16T21:15:29.451031+00:00,2026-09-15T21:15:23.827504+00:00
KXBTCD-26SEP1617-T79249.99,KXBTCD-26SEP1617,9,no,0.93,no,True,0.0699999999999999,2026-09-16T21:15:29.451097+00:00,2026-09-15T21:15:23.827568+00:00
KXBTCD-26SEP1617-T72999.99,KXBTCD-26SEP1617,10,yes,0.91,yes,True,0.0899999999999999,2026-09-16T21:15:29.451186+00:00,2026-09-15T21:15:23.827690+00:00
KXBTCD-26SEP1617-T72499.99,KXBTCD-26SEP1617,8,yes,0.93,yes,True,0.0699999999999999,2026-09-16T21:15:29.451261+00:00,2026-09-15T21:15:23.827740+00:00
KXBTCD-26SEP1617-T74249.99,KXBTCD-26SEP1617,5,yes,0.79,yes,True,0.2099999999999999,2026-09-16T21:15:29.451332+00:00,2026-09-15T21:30:24.056299+00:00
KXBTCD-26SEP1617-T75999.99,KXBTCD-26SEP1617,5,no,0.61,yes,False,-0.61,2026-09-16T21:15:29.451406+00:00,2026-09-15T22:00:25.175067+00:00
KXBTCD-26SEP1617-T71999.99,KXBTCD-26SEP1617,10,yes,0.93,yes,True,0.0699999999999999,2026-09-16T21:15:29.451466+00:00,2026-09-15T22:00:25.175178+00:00
KXBTCD-26SEP1617-T76749.99,KXBTCD-26SEP1617,9,no,0.76,no,True,0.24,2026-09-16T21:15:29.451527+00:00,2026-09-15T22:30:24.253949+00:00
KXBTCD-26SEP1617-T76499.99,KXBTCD-26SEP1617,10,no,0.72,no,True,0.28,2026-09-16T21:15:29.451587+00:00,2026-09-15T22:30:24.254013+00:00
KXBTCD-26SEP1617-T73999.99,KXBTCD-26SEP1617,8,yes,0.92,yes,True,0.0799999999999999,2026-09-16T21:15:29.451648+00:00,2026-09-16T12:30:24.076499+00:00
KXBTCD-26SEP1617-T75249.99,KXBTCD-26SEP1617,5,yes,0.66,yes,True,0.3399999999999999,2026-09-16T21:15:29.451708+00:00,2026-09-16T13:45:23.140479+00:00
KXBTCD-26SEP1617-T74749.99,KXBTCD-26SEP1617,10,yes,0.92,yes,True,0.0799999999999999,2026-09-16T21:15:29.451823+00:00,2026-09-16T19:00:24.075450+00:00
KXBTCD-26SEP1618-T76499.99,KXBTCD-26SEP1618,10,no,0.97,no,True,0.03,2026-09-16T22:15:20.348174+00:00,2026-09-16T21:15:29.459986+00:00
KXBTCD-26SEP1618-T76399.99,KXBTCD-26SEP1618,7,no,0.95,no,True,0.05,2026-09-16T22:15:20.348287+00:00,2026-09-16T21:15:29.460043+00:00
KXBTCD-26SEP1618-T76299.99,KXBTCD-26SEP1618,5,no,0.89,no,True,0.1099999999999999,2026-09-16T22:15:20.348363+00:00,2026-09-16T21:15:29.460093+00:00
KXBTCD-26SEP1618-T76199.99,KXBTCD-26SEP1618,8,no,0.78,no,True,0.2199999999999999,2026-09-16T22:15:20.348430+00:00,2026-09-16T21:15:29.460141+00:00
KXBTCD-26SEP1618-T75699.99,KXBTCD-26SEP1618,6,yes,0.93,yes,True,0.0699999999999999,2026-09-16T22:15:20.348495+00:00,2026-09-16T21:15:29.460220+00:00
KXBTCD-26SEP1618-T75599.99,KXBTCD-26SEP1618,9,yes,0.96,yes,True,0.04,2026-09-16T22:15:20.348559+00:00,2026-09-16T21:15:29.460270+00:00
KXBTCD-26SEP1619-T76199.99,KXBTCD-26SEP1619,10,no,0.94,no,True,0.06,2026-09-16T23:15:24.143182+00:00,2026-09-16T22:15:20.356386+00:00
KXBTCD-26SEP1619-T76099.99,KXBTCD-26SEP1619,9,no,0.87,no,True,0.13,2026-09-16T23:15:24.143262+00:00,2026-09-16T22:15:20.356439+00:00
KXBTCD-26SEP1619-T75999.99,KXBTCD-26SEP1619,6,no,0.76,no,True,0.24,2026-09-16T23:15:24.143324+00:00,2026-09-16T22:15:20.356490+00:00
KXBTCD-26SEP1619-T75899.99,KXBTCD-26SEP1619,5,no,0.6,no,True,0.4,2026-09-16T23:15:24.143385+00:00,2026-09-16T22:15:20.356538+00:00
KXBTCD-26SEP1619-T75399.99,KXBTCD-26SEP1619,7,yes,0.96,yes,True,0.04,2026-09-16T23:15:24.143446+00:00,2026-09-16T22:15:20.356588+00:00
KXBTCD-26SEP1619-T75299.99,KXBTCD-26SEP1619,8,yes,0.97,yes,True,0.03,2026-09-16T23:15:24.143507+00:00,2026-09-16T22:15:20.356635+00:00
KXBTCD-26SEP1619-T75499.99,KXBTCD-26SEP1619,5,yes,0.89,yes,True,0.1099999999999999,2026-09-16T23:15:24.143615+00:00,2026-09-16T22:30:19.656001+00:00
KXBTCD-26SEP1620-T76099.99,KXBTCD-26SEP1620,5,no,0.96,yes,False,-0.96,2026-09-17T00:15:22.455623+00:00,2026-09-16T23:01:00.542920+00:00
KXBTCD-26SEP1620-T75999.99,KXBTCD-26SEP1620,6,no,0.94,yes,False,-0.94,2026-09-17T00:15:22.455671+00:00,2026-09-16T23:01:00.542991+00:00
KXBTCD-26SEP1620-T75899.99,KXBTCD-26SEP1620,7,no,0.87,yes,False,-0.87,2026-09-17T00:15:22.455698+00:00,2026-09-16T23:01:00.543042+00:00
KXBTCD-26SEP1620-T75499.99,KXBTCD-26SEP1620,5,yes,0.91,yes,True,0.0899999999999999,2026-09-17T00:15:22.455725+00:00,2026-09-16T23:15:24.151296+00:00
KXBTCD-26SEP1620-T75399.99,KXBTCD-26SEP1620,6,yes,0.96,yes,True,0.04,2026-09-17T00:15:22.455752+00:00,2026-09-16T23:15:24.151352+00:00
KXBTCD-26SEP1620-T75299.99,KXBTCD-26SEP1620,7,yes,0.98,yes,True,0.02,2026-09-17T00:15:22.455778+00:00,2026-09-16T23:15:24.151401+00:00
KXBTCD-26SEP1620-T75199.99,KXBTCD-26SEP1620,10,yes,0.98,yes,True,0.02,2026-09-17T00:15:22.455805+00:00,2026-09-16T23:15:24.151447+00:00
KXBTCD-26SEP1620-T76299.99,KXBTCD-26SEP1620,9,no,0.96,no,True,0.04,2026-09-17T00:15:22.455831+00:00,2026-09-16T23:30:24.621003+00:00
KXBTCD-26SEP1620-T76199.99,KXBTCD-26SEP1620,7,no,0.88,no,True,0.12,2026-09-17T00:15:22.455858+00:00,2026-09-16T23:30:24.621072+00:00
KXBTCD-26SEP1620-T75599.99,KXBTCD-26SEP1620,6,yes,0.97,yes,True,0.03,2026-09-17T00:15:22.455884+00:00,2026-09-16T23:30:24.621157+00:00
KXBTCD-26SEP1620-T75699.99,KXBTCD-26SEP1620,5,yes,0.98,yes,True,0.02,2026-09-17T00:15:22.455932+00:00,2026-09-16T23:45:22.670824+00:00
KXBTCD-26SEP1620-T76399.99,KXBTCD-26SEP1620,9,no,0.99,no,True,0.01,2026-09-17T00:15:22.455970+00:00,2026-09-17T00:00:23.451251+00:00
KXBTCD-26SEP1620-T75799.99,KXBTCD-26SEP1620,5,yes,0.99,yes,True,0.01,2026-09-17T00:15:22.455998+00:00,2026-09-17T00:00:23.451326+00:00
KXBTCD-26SEP1621-T76699.99,KXBTCD-26SEP1621,10,no,0.95,no,True,0.05,2026-09-17T01:15:21.408088+00:00,2026-09-17T00:15:22.461409+00:00
KXBTCD-26SEP1621-T76599.99,KXBTCD-26SEP1621,9,no,0.92,no,True,0.0799999999999999,2026-09-17T01:15:21.408170+00:00,2026-09-17T00:15:22.461440+00:00
KXBTCD-26SEP1621-T76499.99,KXBTCD-26SEP1621,5,no,0.83,no,True,0.17,2026-09-17T01:15:21.408234+00:00,2026-09-17T00:15:22.461462+00:00
KXBTCD-26SEP1621-T76399.99,KXBTCD-26SEP1621,6,no,0.74,no,True,0.26,2026-09-17T01:15:21.408294+00:00,2026-09-17T00:15:22.461483+00:00
KXBTCD-26SEP1621-T75899.99,KXBTCD-26SEP1621,7,yes,0.92,yes,True,0.0799999999999999,2026-09-17T01:15:21.408355+00:00,2026-09-17T00:15:22.461502+00:00
KXBTCD-26SEP1621-T75799.99,KXBTCD-26SEP1621,8,yes,0.95,yes,True,0.05,2026-09-17T01:15:21.408451+00:00,2026-09-17T00:15:22.461521+00:00
KXBTCD-26SEP1621-T75999.99,KXBTCD-26SEP1621,6,yes,0.93,yes,True,0.0699999999999999,2026-09-17T01:15:21.408521+00:00,2026-09-17T00:30:21.762721+00:00
KXBTCD-26SEP1621-T76799.99,KXBTCD-26SEP1621,10,no,0.98,no,True,0.02,2026-09-17T01:15:21.408593+00:00,2026-09-17T00:42:52.122300+00:00
KXBTCD-26SEP1621-T76099.99,KXBTCD-26SEP1621,5,yes,0.97,yes,True,0.03,2026-09-17T01:15:21.408656+00:00,2026-09-17T00:45:21.456946+00:00
KXBTCD-26SEP1622-T76699.99,KXBTCD-26SEP1622,9,no,0.97,no,True,0.03,2026-09-17T02:15:21.824703+00:00,2026-09-17T01:15:21.415641+00:00
KXBTCD-26SEP1622-T76599.99,KXBTCD-26SEP1622,10,no,0.96,no,True,0.04,2026-09-17T02:15:21.824780+00:00,2026-09-17T01:15:21.415698+00:00
KXBTCD-26SEP1622-T76499.99,KXBTCD-26SEP1622,8,no,0.9,no,True,0.0999999999999999,2026-09-17T02:15:21.824845+00:00,2026-09-17T01:15:21.415747+00:00
KXBTCD-26SEP1622-T76399.99,KXBTCD-26SEP1622,7,no,0.79,no,True,0.2099999999999999,2026-09-17T02:15:21.824908+00:00,2026-09-17T01:15:21.415793+00:00
KXBTCD-26SEP1622-T75899.99,KXBTCD-26SEP1622,6,yes,0.93,yes,True,0.0699999999999999,2026-09-17T02:15:21.824970+00:00,2026-09-17T01:15:21.415839+00:00
KXBTCD-26SEP1622-T75799.99,KXBTCD-26SEP1622,5,yes,0.96,yes,True,0.04,2026-09-17T02:15:21.825031+00:00,2026-09-17T01:15:21.415885+00:00
KXBTCD-26SEP1622-T76799.99,KXBTCD-26SEP1622,10,no,0.89,no,True,0.1099999999999999,2026-09-17T02:15:21.825155+00:00,2026-09-17T01:30:26.969709+00:00
KXBTCD-26SEP1622-T75999.99,KXBTCD-26SEP1622,6,yes,0.98,yes,True,0.02,2026-09-17T02:15:21.825224+00:00,2026-09-17T01:30:26.969788+00:00
KXBTCD-26SEP1622-T76899.99,KXBTCD-26SEP1622,10,no,0.98,no,True,0.02,2026-09-17T02:15:21.825286+00:00,2026-09-17T01:45:21.333510+00:00
KXBTCD-26SEP1622-T76299.99,KXBTCD-26SEP1622,5,yes,0.94,yes,True,0.06,2026-09-17T02:15:21.825348+00:00,2026-09-17T01:45:21.333676+00:00
KXBTCD-26SEP1622-T76099.99,KXBTCD-26SEP1622,7,yes,0.99,yes,True,0.01,2026-09-17T02:15:21.825415+00:00,2026-09-17T01:45:21.333742+00:00
KXBTCD-26SEP1622-T76199.99,KXBTCD-26SEP1622,5,yes,0.99,yes,True,0.01,2026-09-17T02:15:21.825480+00:00,2026-09-17T02:00:21.641173+00:00
KXBTCD-26SEP1623-T76699.99,KXBTCD-26SEP1623,6,no,0.97,no,True,0.03,2026-09-17T03:15:21.765042+00:00,2026-09-17T02:15:21.832714+00:00
KXBTCD-26SEP1623-T76599.99,KXBTCD-26SEP1623,8,no,0.94,no,True,0.06,2026-09-17T03:15:21.765111+00:00,2026-09-17T02:15:21.832766+00:00
KXBTCD-26SEP1623-T76499.99,KXBTCD-26SEP1623,9,no,0.91,no,True,0.0899999999999999,2026-09-17T03:15:21.765160+00:00,2026-09-17T02:15:21.832815+00:00
KXBTCD-26SEP1623-T76399.99,KXBTCD-26SEP1623,5,no,0.83,no,True,0.17,2026-09-17T03:15:21.765208+00:00,2026-09-17T02:15:21.832862+00:00
KXBTCD-26SEP1623-T75899.99,KXBTCD-26SEP1623,7,yes,0.86,yes,True,0.14,2026-09-17T03:15:21.765256+00:00,2026-09-17T02:15:21.832908+00:00
KXBTCD-26SEP1623-T75799.99,KXBTCD-26SEP1623,10,yes,0.92,yes,True,0.0799999999999999,2026-09-17T03:15:21.765303+00:00,2026-09-17T02:15:21.832955+00:00
KXBTCD-26SEP1623-T75999.99,KXBTCD-26SEP1623,5,yes,0.99,yes,True,0.01,2026-09-17T03:15:21.765349+00:00,2026-09-17T02:45:22.729863+00:00
KXBTCD-26SEP1700-T76799.99,KXBTCD-26SEP1700,10,no,0.97,no,True,0.03,2026-09-17T04:15:24.057124+00:00,2026-09-17T03:15:21.771967+00:00
KXBTCD-26SEP1700-T76699.99,KXBTCD-26SEP1700,6,no,0.94,no,True,0.06,2026-09-17T04:15:24.057197+00:00,2026-09-17T03:15:21.772022+00:00
KXBTCD-26SEP1700-T76199.99,KXBTCD-26SEP1700,5,yes,0.8,yes,True,0.1999999999999999,2026-09-17T04:15:24.057239+00:00,2026-09-17T03:15:21.772063+00:00
KXBTCD-26SEP1700-T76099.99,KXBTCD-26SEP1700,7,yes,0.9,yes,True,0.0999999999999999,2026-09-17T04:15:24.057277+00:00,2026-09-17T03:15:21.772104+00:00
KXBTCD-26SEP1700-T75999.99,KXBTCD-26SEP1700,8,yes,0.96,yes,True,0.04,2026-09-17T04:15:24.057313+00:00,2026-09-17T03:15:21.772141+00:00
KXBTCD-26SEP1700-T75899.99,KXBTCD-26SEP1700,9,yes,0.98,yes,True,0.02,2026-09-17T04:15:24.057349+00:00,2026-09-17T03:15:21.772178+00:00
KXBTCD-26SEP1701-T76799.99,KXBTCD-26SEP1701,9,no,0.99,no,True,0.01,2026-09-17T05:15:24.749087+00:00,2026-09-17T04:15:24.064398+00:00
KXBTCD-26SEP1701-T76699.99,KXBTCD-26SEP1701,6,no,0.98,no,True,0.02,2026-09-17T05:15:24.749131+00:00,2026-09-17T04:15:24.064449+00:00
KXBTCD-26SEP1701-T76599.99,KXBTCD-26SEP1701,8,no,0.97,no,True,0.03,2026-09-17T05:15:24.749159+00:00,2026-09-17T04:15:24.064484+00:00
KXBTCD-26SEP1701-T76499.99,KXBTCD-26SEP1701,7,no,0.93,no,True,0.0699999999999999,2026-09-17T05:15:24.749184+00:00,2026-09-17T04:15:24.064516+00:00
KXBTCD-26SEP1701-T75999.99,KXBTCD-26SEP1701,5,yes,0.94,yes,True,0.06,2026-09-17T05:15:24.749213+00:00,2026-09-17T04:15:24.064549+00:00
KXBTCD-26SEP1701-T75799.99,KXBTCD-26SEP1701,10,yes,0.99,yes,True,0.01,2026-09-17T05:15:24.749240+00:00,2026-09-17T04:15:24.064581+00:00
KXBTCD-26SEP1701-T75899.99,KXBTCD-26SEP1701,8,yes,0.95,yes,True,0.05,2026-09-17T05:15:24.749267+00:00,2026-09-17T04:30:26.501396+00:00
KXBTCD-26SEP1706-T76999.99,KXBTCD-26SEP1706,8,no,0.97,no,True,0.03,2026-09-17T10:14:27.835840+00:00,2026-09-17T09:02:31.550610+00:00
KXBTCD-26SEP1706-T76899.99,KXBTCD-26SEP1706,6,no,0.93,no,True,0.0699999999999999,2026-09-17T10:14:27.835948+00:00,2026-09-17T09:02:31.550682+00:00
KXBTCD-26SEP1706-T76799.99,KXBTCD-26SEP1706,5,no,0.85,no,True,0.15,2026-09-17T10:14:27.836018+00:00,2026-09-17T09:02:31.550734+00:00
KXBTCD-26SEP1706-T76299.99,KXBTCD-26SEP1706,7,yes,0.93,yes,True,0.0699999999999999,2026-09-17T10:14:27.836090+00:00,2026-09-17T09:02:31.550785+00:00
KXBTCD-26SEP1706-T76099.99,KXBTCD-26SEP1706,10,yes,0.98,yes,True,0.02,2026-09-17T10:14:27.836151+00:00,2026-09-17T09:02:31.550857+00:00
KXBTCD-26SEP1706-T75799.99,KXBTCD-26SEP1706,9,yes,0.99,yes,True,0.01,2026-09-17T10:14:27.836212+00:00,2026-09-17T09:02:31.550911+00:00
KXBTCD-26SEP1706-T76699.99,KXBTCD-26SEP1706,5,no,0.66,no,True,0.3399999999999999,2026-09-17T10:14:27.836272+00:00,2026-09-17T09:15:27.235964+00:00
KXBTCD-26SEP1706-T76199.99,KXBTCD-26SEP1706,9,yes,0.98,yes,True,0.02,2026-09-17T10:14:27.836334+00:00,2026-09-17T09:15:27.236069+00:00
KXBTCD-26SEP1706-T77099.99,KXBTCD-26SEP1706,10,no,0.99,no,True,0.01,2026-09-17T10:14:27.836395+00:00,2026-09-17T09:30:22.361145+00:00
KXBTCD-26SEP1706-T76399.99,KXBTCD-26SEP1706,5,yes,0.94,yes,True,0.06,2026-09-17T10:14:27.836460+00:00,2026-09-17T09:30:22.361265+00:00
KXBTCD-26SEP1706-T84799.99,KXBTCD-26SEP1706,9,no,0.99,no,True,0.01,2026-09-17T10:14:27.836523+00:00,2026-09-17T09:45:25.887064+00:00
KXBTCD-26SEP1707-T76799.99,KXBTCD-26SEP1707,8,no,0.98,no,True,0.02,2026-09-17T11:15:19.952799+00:00,2026-09-17T10:14:27.843576+00:00
KXBTCD-26SEP1707-T76699.99,KXBTCD-26SEP1707,6,no,0.97,no,True,0.03,2026-09-17T11:15:19.952851+00:00,2026-09-17T10:14:27.843644+00:00
KXBTCD-26SEP1707-T76599.99,KXBTCD-26SEP1707,9,no,0.93,no,True,0.0699999999999999,2026-09-17T11:15:19.952883+00:00,2026-09-17T10:14:27.843698+00:00
KXBTCD-26SEP1707-T76099.99,KXBTCD-26SEP1707,5,yes,0.93,yes,True,0.0699999999999999,2026-09-17T11:15:19.952913+00:00,2026-09-17T10:14:27.843750+00:00
KXBTCD-26SEP1707-T75999.99,KXBTCD-26SEP1707,7,yes,0.97,yes,True,0.03,2026-09-17T11:15:19.952943+00:00,2026-09-17T10:14:27.843802+00:00
KXBTCD-26SEP1707-T75899.99,KXBTCD-26SEP1707,10,yes,0.98,yes,True,0.02,2026-09-17T11:15:19.952972+00:00,2026-09-17T10:14:27.843850+00:00
KXBTCD-26SEP1707-T76499.99,KXBTCD-26SEP1707,5,no,0.94,no,True,0.06,2026-09-17T11:15:19.953002+00:00,2026-09-17T10:30:27.869254+00:00
KXBTCD-26SEP1708-T76799.99,KXBTCD-26SEP1708,9,no,0.97,no,True,0.03,2026-09-17T12:15:21.473415+00:00,2026-09-17T11:15:19.958383+00:00
KXBTCD-26SEP1708-T76699.99,KXBTCD-26SEP1708,8,no,0.97,no,True,0.03,2026-09-17T12:15:21.473493+00:00,2026-09-17T11:15:19.958428+00:00
KXBTCD-26SEP1708-T76599.99,KXBTCD-26SEP1708,6,no,0.91,no,True,0.0899999999999999,2026-09-17T12:15:21.473557+00:00,2026-09-17T11:15:19.958499+00:00
KXBTCD-26SEP1708-T76099.99,KXBTCD-26SEP1708,5,yes,0.93,yes,True,0.0699999999999999,2026-09-17T12:15:21.473620+00:00,2026-09-17T11:15:19.958536+00:00
KXBTCD-26SEP1708-T75999.99,KXBTCD-26SEP1708,7,yes,0.96,yes,True,0.04,2026-09-17T12:15:21.473683+00:00,2026-09-17T11:15:19.958564+00:00
KXBTCD-26SEP1708-T75899.99,KXBTCD-26SEP1708,10,yes,0.98,yes,True,0.02,2026-09-17T12:15:21.473746+00:00,2026-09-17T11:15:19.958590+00:00
KXBTCD-26SEP1708-T76499.99,KXBTCD-26SEP1708,5,no,0.98,no,True,0.02,2026-09-17T12:15:21.473837+00:00,2026-09-17T11:45:25.246258+00:00
KXBTCD-26SEP1709-T76999.99,KXBTCD-26SEP1709,10,no,0.83,no,True,0.17,2026-09-17T13:15:20.440893+00:00,2026-09-17T12:15:21.480841+00:00
KXBTCD-26SEP1709-T76899.99,KXBTCD-26SEP1709,8,no,0.76,no,True,0.24,2026-09-17T13:15:20.440972+00:00,2026-09-17T12:15:21.480907+00:00
KXBTCD-26SEP1709-T76799.99,KXBTCD-26SEP1709,7,no,0.65,no,True,0.35,2026-09-17T13:15:20.441036+00:00,2026-09-17T12:15:21.480960+00:00
KXBTCD-26SEP1709-T76299.99,KXBTCD-26SEP1709,5,yes,0.87,yes,True,0.13,2026-09-17T13:15:20.441098+00:00,2026-09-17T12:15:21.481011+00:00
KXBTCD-26SEP1709-T76199.99,KXBTCD-26SEP1709,6,yes,0.91,yes,True,0.0899999999999999,2026-09-17T13:15:20.441159+00:00,2026-09-17T12:15:21.481060+00:00
KXBTCD-26SEP1709-T76099.99,KXBTCD-26SEP1709,9,yes,0.94,yes,True,0.06,2026-09-17T13:15:20.441227+00:00,2026-09-17T12:15:21.481109+00:00
KXBTCD-26SEP1709-T77199.99,KXBTCD-26SEP1709,8,no,0.87,no,True,0.13,2026-09-17T13:15:20.441288+00:00,2026-09-17T12:30:21.525992+00:00
KXBTCD-26SEP1709-T76599.99,KXBTCD-26SEP1709,5,yes,0.88,yes,True,0.12,2026-09-17T13:15:20.441380+00:00,2026-09-17T12:30:21.526100+00:00
KXBTCD-26SEP1709-T76399.99,KXBTCD-26SEP1709,7,yes,0.96,yes,True,0.04,2026-09-17T13:15:20.441460+00:00,2026-09-17T12:30:21.526152+00:00
KXBTCD-26SEP1709-T77299.99,KXBTCD-26SEP1709,10,no,0.99,no,True,0.01,2026-09-17T13:15:20.441529+00:00,2026-09-17T12:45:55.450848+00:00
KXBTCD-26SEP1709-T77099.99,KXBTCD-26SEP1709,8,no,0.96,no,True,0.04,2026-09-17T13:15:20.441593+00:00,2026-09-17T12:45:55.450957+00:00
KXBTCD-26SEP1709-T76499.99,KXBTCD-26SEP1709,5,yes,0.96,yes,True,0.04,2026-09-17T13:15:20.441655+00:00,2026-09-17T12:45:55.451043+00:00
KXBTCD-26SEP1710-T77199.99,KXBTCD-26SEP1710,10,no,0.91,no,True,0.0899999999999999,2026-09-17T14:15:22.474173+00:00,2026-09-17T13:15:20.448886+00:00
KXBTCD-26SEP1710-T77099.99,KXBTCD-26SEP1710,8,no,0.88,no,True,0.12,2026-09-17T14:15:22.474257+00:00,2026-09-17T13:15:20.448949+00:00
KXBTCD-26SEP1710-T76899.99,KXBTCD-26SEP1710,6,no,0.75,no,True,0.25,2026-09-17T14:15:22.474322+00:00,2026-09-17T13:15:20.449004+00:00
KXBTCD-26SEP1710-T76499.99,KXBTCD-26SEP1710,9,yes,0.62,yes,True,0.38,2026-09-17T14:15:22.474385+00:00,2026-09-17T13:15:20.449055+00:00
KXBTCD-26SEP1710-T76399.99,KXBTCD-26SEP1710,5,yes,0.71,yes,True,0.29,2026-09-17T14:15:22.474448+00:00,2026-09-17T13:15:20.449105+00:00
KXBTCD-26SEP1710-T76299.99,KXBTCD-26SEP1710,7,yes,0.78,yes,True,0.2199999999999999,2026-09-17T14:15:22.474511+00:00,2026-09-17T13:15:20.449153+00:00
KXBTCD-26SEP1710-T76999.99,KXBTCD-26SEP1710,6,no,0.93,no,True,0.0699999999999999,2026-09-17T14:15:22.474574+00:00,2026-09-17T13:30:26.899865+00:00
KXBTCD-26SEP1710-T76099.99,KXBTCD-26SEP1710,10,yes,0.82,yes,True,0.18,2026-09-17T14:15:22.474639+00:00,2026-09-17T13:30:26.900080+00:00
KXBTCD-26SEP1710-T75999.99,KXBTCD-26SEP1710,9,yes,0.88,yes,True,0.12,2026-09-17T14:15:22.474701+00:00,2026-09-17T13:30:26.900136+00:00
KXBTCD-26SEP1710-T76799.99,KXBTCD-26SEP1710,7,no,0.98,no,True,0.02,2026-09-17T14:15:22.474768+00:00,2026-09-17T13:45:24.297730+00:00
KXBTCD-26SEP1710-T76199.99,KXBTCD-26SEP1710,8,no,0.69,yes,False,-0.69,2026-09-17T14:15:22.474834+00:00,2026-09-17T13:45:24.297840+00:00
KXBTCD-26SEP1710-T75899.99,KXBTCD-26SEP1710,10,yes,0.82,yes,True,0.18,2026-09-17T14:15:22.474903+00:00,2026-09-17T13:45:24.297959+00:00
KXBTCD-26SEP1710-T76699.99,KXBTCD-26SEP1710,8,no,0.99,no,True,0.01,2026-09-17T14:15:22.474987+00:00,2026-09-17T14:00:26.946847+00:00
KXBTCD-26SEP1711-T76999.99,KXBTCD-26SEP1711,8,no,0.61,no,True,0.39,2026-09-17T15:15:25.641699+00:00,2026-09-17T14:15:22.482478+00:00
KXBTCD-26SEP1711-T76699.99,KXBTCD-26SEP1711,5,yes,0.64,no,False,-0.64,2026-09-17T15:15:25.641814+00:00,2026-09-17T14:15:22.482627+00:00
KXBTCD-26SEP1711-T76199.99,KXBTCD-26SEP1711,10,yes,0.93,yes,True,0.0699999999999999,2026-09-17T15:15:25.641881+00:00,2026-09-17T14:15:22.482683+00:00
KXBTCD-26SEP1711-T75999.99,KXBTCD-26SEP1711,9,yes,0.96,yes,True,0.04,2026-09-17T15:15:25.641946+00:00,2026-09-17T14:15:22.482733+00:00
KXBTCD-26SEP1711-T77199.99,KXBTCD-26SEP1711,9,no,0.85,no,True,0.15,2026-09-17T15:15:25.642009+00:00,2026-09-17T14:30:22.736345+00:00
KXBTCD-26SEP1711-T77099.99,KXBTCD-26SEP1711,10,no,0.76,no,True,0.24,2026-09-17T15:15:25.642071+00:00,2026-09-17T14:30:22.736493+00:00
KXBTCD-26SEP1711-T76499.99,KXBTCD-26SEP1711,6,yes,0.89,no,False,-0.89,2026-09-17T15:15:25.642132+00:00,2026-09-17T14:30:22.736562+00:00
KXBTCD-26SEP1711-T76399.99,KXBTCD-26SEP1711,8,yes,0.93,yes,True,0.0699999999999999,2026-09-17T15:15:25.642192+00:00,2026-09-17T14:30:22.736595+00:00
KXBTCD-26SEP1711-T76299.99,KXBTCD-26SEP1711,7,yes,0.95,yes,True,0.05,2026-09-17T15:15:25.642254+00:00,2026-09-17T14:30:22.736628+00:00
KXBTCD-26SEP1711-T76899.99,KXBTCD-26SEP1711,5,no,0.99,no,True,0.01,2026-09-17T15:15:25.642323+00:00,2026-09-17T15:00:23.007266+00:00
KXBTCD-26SEP1712-T76599.99,KXBTCD-26SEP1712,10,no,0.78,yes,False,-0.78,2026-09-17T16:15:27.584268+00:00,2026-09-17T15:02:14.097400+00:00
KXBTCD-26SEP1712-T76399.99,KXBTCD-26SEP1712,9,no,0.6,yes,False,-0.6,2026-09-17T16:15:27.584346+00:00,2026-09-17T15:02:14.097454+00:00
KXBTCD-26SEP1712-T76199.99,KXBTCD-26SEP1712,8,yes,0.6,yes,True,0.4,2026-09-17T16:15:27.584408+00:00,2026-09-17T15:02:14.097512+00:00
KXBTCD-26SEP1712-T75999.99,KXBTCD-26SEP1712,5,yes,0.78,yes,True,0.2199999999999999,2026-09-17T16:15:27.584469+00:00,2026-09-17T15:02:14.097540+00:00
KXBTCD-26SEP1712-T75899.99,KXBTCD-26SEP1712,7,yes,0.84,yes,True,0.16,2026-09-17T16:15:27.584529+00:00,2026-09-17T15:02:14.097567+00:00
KXBTCD-26SEP1712-T76799.99,KXBTCD-26SEP1712,8,no,0.93,no,True,0.0699999999999999,2026-09-17T16:15:27.584621+00:00,2026-09-17T15:15:25.650243+00:00
KXBTCD-26SEP1712-T76699.99,KXBTCD-26SEP1712,10,no,0.89,no,True,0.1099999999999999,2026-09-17T16:15:27.584692+00:00,2026-09-17T15:15:25.650306+00:00
KXBTCD-26SEP1712-T76099.99,KXBTCD-26SEP1712,5,yes,0.7,yes,True,0.3,2026-09-17T16:15:27.584756+00:00,2026-09-17T15:15:25.650391+00:00
KXBTCD-26SEP1712-T75799.99,KXBTCD-26SEP1712,7,yes,0.91,yes,True,0.0899999999999999,2026-09-17T16:15:27.584816+00:00,2026-09-17T15:15:25.650472+00:00
KXBTCD-26SEP1712-T76899.99,KXBTCD-26SEP1712,10,no,0.89,no,True,0.1099999999999999,2026-09-17T16:15:27.584881+00:00,2026-09-17T15:45:23.794445+00:00
KXBTCD-26SEP1713-T77599.99,KXBTCD-26SEP1713,7,no,0.72,no,True,0.28,2026-09-17T17:15:21.767322+00:00,2026-09-17T16:01:02.353866+00:00
KXBTCD-26SEP1713-T76599.99,KXBTCD-26SEP1713,8,yes,0.63,yes,True,0.37,2026-09-17T17:15:21.767418+00:00,2026-09-17T16:01:02.353935+00:00
KXBTCD-26SEP1713-T76499.99,KXBTCD-26SEP1713,5,yes,0.73,yes,True,0.27,2026-09-17T17:15:21.767486+00:00,2026-09-17T16:01:02.354015+00:00
KXBTCD-26SEP1713-T76399.99,KXBTCD-26SEP1713,10,yes,0.83,yes,True,0.17,2026-09-17T17:15:21.767550+00:00,2026-09-17T16:01:02.354069+00:00
KXBTCD-26SEP1713-T76299.99,KXBTCD-26SEP1713,9,yes,0.9,yes,True,0.0999999999999999,2026-09-17T17:15:21.767617+00:00,2026-09-17T16:01:02.354116+00:00
KXBTCD-26SEP1713-T76199.99,KXBTCD-26SEP1713,6,yes,0.92,yes,True,0.0799999999999999,2026-09-17T17:15:21.767687+00:00,2026-09-17T16:01:02.354163+00:00
KXBTCD-26SEP1713-T77099.99,KXBTCD-26SEP1713,9,no,0.95,no,True,0.05,2026-09-17T17:15:21.767802+00:00,2026-09-17T16:15:27.592254+00:00
KXBTCD-26SEP1713-T76999.99,KXBTCD-26SEP1713,8,no,0.91,no,True,0.0899999999999999,2026-09-17T17:15:21.767938+00:00,2026-09-17T16:15:27.592313+00:00
KXBTCD-26SEP1713-T76899.99,KXBTCD-26SEP1713,7,no,0.83,no,True,0.17,2026-09-17T17:15:21.768060+00:00,2026-09-17T16:15:27.592364+00:00
KXBTCD-26SEP1713-T76799.99,KXBTCD-26SEP1713,6,no,0.71,no,True,0.29,2026-09-17T17:15:21.768185+00:00,2026-09-17T16:15:27.592412+00:00
KXBTCD-26SEP1714-T77399.99,KXBTCD-26SEP1714,10,no,0.98,no,True,0.02,2026-09-17T18:15:20.650607+00:00,2026-09-17T17:15:21.776965+00:00
KXBTCD-26SEP1714-T77299.99,KXBTCD-26SEP1714,8,no,0.98,no,True,0.02,2026-09-17T18:15:20.650721+00:00,2026-09-17T17:15:21.777032+00:00
KXBTCD-26SEP1714-T77099.99,KXBTCD-26SEP1714,7,no,0.93,no,True,0.0699999999999999,2026-09-17T18:15:20.650767+00:00,2026-09-17T17:15:21.777089+00:00
KXBTCD-26SEP1714-T76599.99,KXBTCD-26SEP1714,5,yes,0.74,yes,True,0.26,2026-09-17T18:15:20.650807+00:00,2026-09-17T17:15:21.777142+00:00
KXBTCD-26SEP1714-T76499.99,KXBTCD-26SEP1714,6,yes,0.85,yes,True,0.15,2026-09-17T18:15:20.650844+00:00,2026-09-17T17:15:21.777195+00:00
KXBTCD-26SEP1714-T76399.99,KXBTCD-26SEP1714,9,yes,0.92,yes,True,0.0799999999999999,2026-09-17T18:15:20.650886+00:00,2026-09-17T17:15:21.777245+00:00
KXBTCD-26SEP1714-T77199.99,KXBTCD-26SEP1714,9,no,0.96,no,True,0.04,2026-09-17T18:15:20.650924+00:00,2026-09-17T17:30:23.743532+00:00
KXBTCD-26SEP1714-T76999.99,KXBTCD-26SEP1714,5,no,0.81,no,True,0.1899999999999999,2026-09-17T18:15:20.650960+00:00,2026-09-17T17:30:23.743593+00:00
KXBTCD-26SEP1715-T77099.99,KXBTCD-26SEP1715,7,no,0.98,no,True,0.02,2026-09-17T19:15:22.872278+00:00,2026-09-17T18:15:20.657443+00:00
KXBTCD-26SEP1715-T76999.99,KXBTCD-26SEP1715,5,no,0.96,no,True,0.04,2026-09-17T19:15:22.872320+00:00,2026-09-17T18:15:20.657495+00:00
KXBTCD-26SEP1715-T76899.99,KXBTCD-26SEP1715,9,no,0.91,no,True,0.0899999999999999,2026-09-17T19:15:22.872342+00:00,2026-09-17T18:15:20.657534+00:00
KXBTCD-26SEP1715-T76399.99,KXBTCD-26SEP1715,8,yes,0.92,yes,True,0.0799999999999999,2026-09-17T19:15:22.872364+00:00,2026-09-17T18:15:20.657567+00:00
KXBTCD-26SEP1715-T76299.99,KXBTCD-26SEP1715,6,yes,0.96,yes,True,0.04,2026-09-17T19:15:22.872384+00:00,2026-09-17T18:15:20.657600+00:00
KXBTCD-26SEP1715-T76199.99,KXBTCD-26SEP1715,10,yes,0.98,yes,True,0.02,2026-09-17T19:15:22.872405+00:00,2026-09-17T18:15:20.657652+00:00
KXBTCD-26SEP1715-T76499.99,KXBTCD-26SEP1715,5,yes,0.88,yes,True,0.12,2026-09-17T19:15:22.872424+00:00,2026-09-17T18:30:28.956546+00:00
KXBTCD-26SEP1715-T76799.99,KXBTCD-26SEP1715,5,no,0.97,no,True,0.03,2026-09-17T19:15:22.872444+00:00,2026-09-17T18:45:23.574453+00:00
KXBTCD-26SEP1716-T76999.99,KXBTCD-26SEP1716,10,no,0.99,no,True,0.01,2026-09-17T20:15:22.873226+00:00,2026-09-17T19:15:22.876832+00:00
KXBTCD-26SEP1716-T76899.99,KXBTCD-26SEP1716,6,no,0.98,no,True,0.02,2026-09-17T20:15:22.873286+00:00,2026-09-17T19:15:22.876862+00:00
KXBTCD-26SEP1716-T76799.99,KXBTCD-26SEP1716,8,no,0.96,no,True,0.04,2026-09-17T20:15:22.873325+00:00,2026-09-17T19:15:22.876884+00:00
KXBTCD-26SEP1716-T76699.99,KXBTCD-26SEP1716,5,no,0.89,no,True,0.1099999999999999,2026-09-17T20:15:22.873362+00:00,2026-09-17T19:15:22.876904+00:00
KXBTCD-26SEP1716-T76199.99,KXBTCD-26SEP1716,7,yes,0.95,yes,True,0.05,2026-09-17T20:15:22.873399+00:00,2026-09-17T19:15:22.876922+00:00
KXBTCD-26SEP1716-T76099.99,KXBTCD-26SEP1716,9,yes,0.97,yes,True,0.03,2026-09-17T20:15:22.873435+00:00,2026-09-17T19:15:22.876942+00:00
KXBTCD-26SEP1716-T76299.99,KXBTCD-26SEP1716,5,yes,0.97,yes,True,0.03,2026-09-17T20:15:22.873470+00:00,2026-09-17T19:45:24.101105+00:00
KXBTCD-26SEP1717-T78499.99,KXBTCD-26SEP1717,7,no,0.9,no,True,0.0999999999999999,2026-09-17T21:15:18.138447+00:00,2026-09-16T20:15:24.108321+00:00
KXBTCD-26SEP1717-T77999.99,KXBTCD-26SEP1717,6,no,0.83,no,True,0.17,2026-09-17T21:15:18.138525+00:00,2026-09-16T20:15:24.108364+00:00
KXBTCD-26SEP1717-T77749.99,KXBTCD-26SEP1717,9,no,0.8,no,True,0.1999999999999999,2026-09-17T21:15:18.138589+00:00,2026-09-16T20:15:24.108396+00:00
KXBTCD-26SEP1717-T74999.99,KXBTCD-26SEP1717,5,yes,0.73,yes,True,0.27,2026-09-17T21:15:18.138651+00:00,2026-09-16T20:15:24.108423+00:00
KXBTCD-26SEP1717-T74749.99,KXBTCD-26SEP1717,8,yes,0.77,yes,True,0.2299999999999999,2026-09-17T21:15:18.138713+00:00,2026-09-16T20:15:24.108448+00:00
KXBTCD-26SEP1717-T74499.99,KXBTCD-26SEP1717,10,yes,0.81,yes,True,0.1899999999999999,2026-09-17T21:15:18.138775+00:00,2026-09-16T20:15:24.108472+00:00
KXBTCD-26SEP1717-T74249.99,KXBTCD-26SEP1717,10,yes,0.86,yes,True,0.14,2026-09-17T21:15:18.138836+00:00,2026-09-16T20:30:26.067897+00:00
KXBTCD-26SEP1717-T76999.99,KXBTCD-26SEP1717,7,no,0.69,no,True,0.31,2026-09-17T21:15:18.138897+00:00,2026-09-16T20:45:26.014836+00:00
KXBTCD-26SEP1717-T75499.99,KXBTCD-26SEP1717,5,yes,0.63,yes,True,0.37,2026-09-17T21:15:18.138961+00:00,2026-09-16T20:45:26.014981+00:00
KXBTCD-26SEP1717-T75249.99,KXBTCD-26SEP1717,8,yes,0.68,yes,True,0.3199999999999999,2026-09-17T21:15:18.139022+00:00,2026-09-16T21:00:22.845802+00:00
KXBTCD-26SEP1717-T72999.99,KXBTCD-26SEP1717,5,yes,0.95,yes,True,0.05,2026-09-17T21:15:18.139083+00:00,2026-09-16T21:00:22.845898+00:00
KXBTCD-26SEP1717-T76749.99,KXBTCD-26SEP1717,6,no,0.66,no,True,0.3399999999999999,2026-09-17T21:15:18.139151+00:00,2026-09-16T21:15:29.459740+00:00
KXBTCD-26SEP1717-T77249.99,KXBTCD-26SEP1717,7,no,0.79,no,True,0.2099999999999999,2026-09-17T21:15:18.139262+00:00,2026-09-16T21:30:20.659483+00:00
KXBTCD-26SEP1717-T76499.99,KXBTCD-26SEP1717,5,no,0.66,no,True,0.3399999999999999,2026-09-17T21:15:18.139334+00:00,2026-09-16T21:45:23.576186+00:00
KXBTCD-26SEP1717-T77499.99,KXBTCD-26SEP1717,10,no,0.86,no,True,0.14,2026-09-17T21:15:18.139397+00:00,2026-09-16T22:00:28.805680+00:00
KXBTCD-26SEP1717-T73499.99,KXBTCD-26SEP1717,5,yes,0.92,yes,True,0.0799999999999999,2026-09-17T21:15:18.139457+00:00,2026-09-16T22:15:20.356327+00:00
KXBTCD-26SEP1717-T76249.99,KXBTCD-26SEP1717,5,no,0.63,yes,False,-0.63,2026-09-17T21:15:18.139516+00:00,2026-09-16T22:24:02.019428+00:00
KXBTCD-26SEP1717-T75749.99,KXBTCD-26SEP1717,10,yes,0.61,yes,True,0.39,2026-09-17T21:15:18.139591+00:00,2026-09-17T02:15:21.832596+00:00
KXBTCD-26SEP1717-T75999.99,KXBTCD-26SEP1717,5,yes,0.99,yes,True,0.01,2026-09-17T21:15:18.139651+00:00,2026-09-17T20:15:22.879747+00:00
KXBTCD-26SEP1718-T76799.99,KXBTCD-26SEP1718,7,no,0.95,no,True,0.05,2026-09-17T22:15:20.834208+00:00,2026-09-17T21:00:28.716850+00:00
KXBTCD-26SEP1718-T76199.99,KXBTCD-26SEP1718,6,yes,0.96,yes,True,0.04,2026-09-17T22:15:20.834296+00:00,2026-09-17T21:00:28.716932+00:00
KXBTCD-26SEP1718-T76899.99,KXBTCD-26SEP1718,9,no,0.98,no,True,0.02,2026-09-17T22:15:20.834364+00:00,2026-09-17T21:15:18.146530+00:00
KXBTCD-26SEP1718-T76699.99,KXBTCD-26SEP1718,5,no,0.94,no,True,0.06,2026-09-17T22:15:20.834427+00:00,2026-09-17T21:15:18.146626+00:00
KXBTCD-26SEP1718-T76099.99,KXBTCD-26SEP1718,8,yes,0.97,yes,True,0.03,2026-09-17T22:15:20.834490+00:00,2026-09-17T21:15:18.146709+00:00
KXBTCD-26SEP1718-T75999.99,KXBTCD-26SEP1718,10,yes,0.98,yes,True,0.02,2026-09-17T22:15:20.834553+00:00,2026-09-17T21:15:18.146758+00:00
KXBTCD-26SEP1718-T75899.99,KXBTCD-26SEP1718,10,yes,0.99,yes,True,0.01,2026-09-17T22:15:20.834615+00:00,2026-09-17T21:30:23.138517+00:00
KXBTCD-26SEP1719-T76799.99,KXBTCD-26SEP1719,9,no,0.99,no,True,0.01,2026-09-17T23:15:17.750588+00:00,2026-09-17T22:15:20.842207+00:00
KXBTCD-26SEP1719-T76699.99,KXBTCD-26SEP1719,8,no,0.98,no,True,0.02,2026-09-17T23:15:17.750637+00:00,2026-09-17T22:15:20.842274+00:00
KXBTCD-26SEP1719-T76599.99,KXBTCD-26SEP1719,6,no,0.94,no,True,0.06,2026-09-17T23:15:17.750672+00:00,2026-09-17T22:15:20.842327+00:00
KXBTCD-26SEP1719-T76099.99,KXBTCD-26SEP1719,5,yes,0.9,yes,True,0.0999999999999999,2026-09-17T23:15:17.750702+00:00,2026-09-17T22:15:20.842379+00:00
KXBTCD-26SEP1719-T75999.99,KXBTCD-26SEP1719,7,yes,0.96,yes,True,0.04,2026-09-17T23:15:17.750731+00:00,2026-09-17T22:15:20.842434+00:00
KXBTCD-26SEP1719-T75899.99,KXBTCD-26SEP1719,10,yes,0.98,yes,True,0.02,2026-09-17T23:15:17.750760+00:00,2026-09-17T22:15:20.842485+00:00
KXBTCD-26SEP1720-T76799.99,KXBTCD-26SEP1720,9,no,0.97,no,True,0.03,2026-09-18T00:15:19.274888+00:00,2026-09-17T23:15:17.755707+00:00
KXBTCD-26SEP1720-T76699.99,KXBTCD-26SEP1720,6,no,0.95,no,True,0.05,2026-09-18T00:15:19.274947+00:00,2026-09-17T23:15:17.755746+00:00
KXBTCD-26SEP1720-T76199.99,KXBTCD-26SEP1720,5,yes,0.93,yes,True,0.0699999999999999,2026-09-18T00:15:19.274983+00:00,2026-09-17T23:15:17.755776+00:00
KXBTCD-26SEP1720-T76099.99,KXBTCD-26SEP1720,8,yes,0.97,yes,True,0.03,2026-09-18T00:15:19.275011+00:00,2026-09-17T23:15:17.755804+00:00
KXBTCD-26SEP1720-T75999.99,KXBTCD-26SEP1720,7,yes,0.98,yes,True,0.02,2026-09-18T00:15:19.275039+00:00,2026-09-17T23:15:17.755831+00:00
KXBTCD-26SEP1720-T75899.99,KXBTCD-26SEP1720,10,yes,0.99,yes,True,0.01,2026-09-18T00:15:19.275067+00:00,2026-09-17T23:15:17.755856+00:00
KXBTCD-26SEP1721-T76799.99,KXBTCD-26SEP1721,7,no,0.97,no,True,0.03,2026-09-18T01:15:18.096844+00:00,2026-09-18T00:15:19.280124+00:00
KXBTCD-26SEP1721-T76699.99,KXBTCD-26SEP1721,8,no,0.94,no,True,0.06,2026-09-18T01:15:18.096922+00:00,2026-09-18T00:15:19.280159+00:00
KXBTCD-26SEP1721-T76599.99,KXBTCD-26SEP1721,5,no,0.86,no,True,0.14,2026-09-18T01:15:18.097042+00:00,2026-09-18T00:15:19.280183+00:00
KXBTCD-26SEP1721-T76099.99,KXBTCD-26SEP1721,6,yes,0.93,yes,True,0.0699999999999999,2026-09-18T01:15:18.097127+00:00,2026-09-18T00:15:19.280204+00:00
KXBTCD-26SEP1721-T75999.99,KXBTCD-26SEP1721,9,yes,0.97,yes,True,0.03,2026-09-18T01:15:18.097194+00:00,2026-09-18T00:15:19.280225+00:00
KXBTCD-26SEP1721-T75899.99,KXBTCD-26SEP1721,10,yes,0.98,yes,True,0.02,2026-09-18T01:15:18.097257+00:00,2026-09-18T00:15:19.280244+00:00
KXBTCD-26SEP1722-T76999.99,KXBTCD-26SEP1722,9,no,0.98,no,True,0.02,2026-09-18T02:15:22.112407+00:00,2026-09-18T01:15:18.104094+00:00
KXBTCD-26SEP1722-T76899.99,KXBTCD-26SEP1722,7,no,0.96,no,True,0.04,2026-09-18T02:15:22.112495+00:00,2026-09-18T01:15:18.104157+00:00
KXBTCD-26SEP1722-T76799.99,KXBTCD-26SEP1722,6,no,0.93,no,True,0.0699999999999999,2026-09-18T02:15:22.112560+00:00,2026-09-18T01:15:18.104219+00:00
KXBTCD-26SEP1722-T76299.99,KXBTCD-26SEP1722,5,yes,0.84,yes,True,0.16,2026-09-18T02:15:22.112622+00:00,2026-09-18T01:15:18.104270+00:00
KXBTCD-26SEP1722-T76199.99,KXBTCD-26SEP1722,8,yes,0.93,yes,True,0.0699999999999999,2026-09-18T02:15:22.112683+00:00,2026-09-18T01:15:18.104319+00:00
KXBTCD-26SEP1722-T76099.99,KXBTCD-26SEP1722,10,yes,0.97,yes,True,0.03,2026-09-18T02:15:22.112744+00:00,2026-09-18T01:15:18.104366+00:00
KXBTCD-26SEP1722-T76699.99,KXBTCD-26SEP1722,5,no,0.91,no,True,0.0899999999999999,2026-09-18T02:15:22.112804+00:00,2026-09-18T01:30:27.133493+00:00
KXBTCD-26SEP1723-T77199.99,KXBTCD-26SEP1723,10,no,0.98,no,True,0.02,2026-09-18T03:15:17.732729+00:00,2026-09-18T02:15:22.119883+00:00
KXBTCD-26SEP1723-T77099.99,KXBTCD-26SEP1723,9,no,0.97,no,True,0.03,2026-09-18T03:15:17.732782+00:00,2026-09-18T02:15:22.119943+00:00
KXBTCD-26SEP1723-T76999.99,KXBTCD-26SEP1723,6,no,0.95,no,True,0.05,2026-09-18T03:15:17.732813+00:00,2026-09-18T02:15:22.119996+00:00
KXBTCD-26SEP1723-T76899.99,KXBTCD-26SEP1723,5,no,0.89,yes,False,-0.89,2026-09-18T03:15:17.732843+00:00,2026-09-18T02:15:22.120047+00:00
KXBTCD-26SEP1723-T76399.99,KXBTCD-26SEP1723,7,yes,0.95,yes,True,0.05,2026-09-18T03:15:17.732872+00:00,2026-09-18T02:15:22.120096+00:00
KXBTCD-26SEP1723-T76299.99,KXBTCD-26SEP1723,8,yes,0.97,yes,True,0.03,2026-09-18T03:15:17.732920+00:00,2026-09-18T02:15:22.120144+00:00
KXBTCD-26SEP1723-T76499.99,KXBTCD-26SEP1723,5,yes,0.97,yes,True,0.03,2026-09-18T03:15:17.732950+00:00,2026-09-18T02:30:28.177553+00:00
KXBTCD-26SEP1723-T76599.99,KXBTCD-26SEP1723,5,yes,0.98,yes,True,0.02,2026-09-18T03:15:17.732978+00:00,2026-09-18T02:45:20.398555+00:00
KXBTCD-26SEP1800-T77499.99,KXBTCD-26SEP1800,10,no,0.88,no,True,0.12,2026-09-18T04:15:18.031417+00:00,2026-09-18T03:15:17.737859+00:00
KXBTCD-26SEP1800-T77399.99,KXBTCD-26SEP1800,8,no,0.77,no,True,0.2299999999999999,2026-09-18T04:15:18.031524+00:00,2026-09-18T03:15:17.737938+00:00
KXBTCD-26SEP1800-T77299.99,KXBTCD-26SEP1800,5,no,0.6,yes,False,-0.6,2026-09-18T04:15:18.031591+00:00,2026-09-18T03:15:17.737970+00:00
KXBTCD-26SEP1800-T76799.99,KXBTCD-26SEP1800,6,yes,0.95,yes,True,0.05,2026-09-18T04:15:18.031652+00:00,2026-09-18T03:15:17.737996+00:00
KXBTCD-26SEP1800-T76699.99,KXBTCD-26SEP1800,7,yes,0.97,yes,True,0.03,2026-09-18T04:15:18.031713+00:00,2026-09-18T03:15:17.738022+00:00
KXBTCD-26SEP1800-T76599.99,KXBTCD-26SEP1800,9,yes,0.97,yes,True,0.03,2026-09-18T04:15:18.031773+00:00,2026-09-18T03:15:17.738046+00:00
KXBTCD-26SEP1800-T77599.99,KXBTCD-26SEP1800,9,no,0.88,no,True,0.12,2026-09-18T04:15:18.031833+00:00,2026-09-18T03:30:24.326660+00:00
KXBTCD-26SEP1800-T77099.99,KXBTCD-26SEP1800,5,yes,0.9,yes,True,0.0999999999999999,2026-09-18T04:15:18.031894+00:00,2026-09-18T03:30:24.326766+00:00
KXBTCD-26SEP1800-T76899.99,KXBTCD-26SEP1800,6,yes,0.96,yes,True,0.04,2026-09-18T04:15:18.031962+00:00,2026-09-18T03:30:24.326818+00:00
KXBTCD-26SEP1800-T77699.99,KXBTCD-26SEP1800,10,no,0.98,no,True,0.02,2026-09-18T04:15:18.032023+00:00,2026-09-18T03:45:21.493313+00:00
KXBTCD-26SEP1801-T77799.99,KXBTCD-26SEP1801,10,no,0.98,no,True,0.02,2026-09-18T05:15:19.537625+00:00,2026-09-18T04:15:18.038796+00:00
KXBTCD-26SEP1801-T77699.99,KXBTCD-26SEP1801,8,no,0.97,no,True,0.03,2026-09-18T05:15:19.537704+00:00,2026-09-18T04:15:18.038858+00:00
KXBTCD-26SEP1801-T77599.99,KXBTCD-26SEP1801,9,no,0.96,no,True,0.04,2026-09-18T05:15:19.537770+00:00,2026-09-18T04:15:18.038911+00:00
KXBTCD-26SEP1801-T77499.99,KXBTCD-26SEP1801,5,no,0.92,no,True,0.0799999999999999,2026-09-18T05:15:19.537833+00:00,2026-09-18T04:15:18.038960+00:00
KXBTCD-26SEP1801-T77399.99,KXBTCD-26SEP1801,6,no,0.84,yes,False,-0.84,2026-09-18T05:15:19.537897+00:00,2026-09-18T04:15:18.039008+00:00
KXBTCD-26SEP1801-T76899.99,KXBTCD-26SEP1801,7,yes,0.94,yes,True,0.06,2026-09-18T05:15:19.537959+00:00,2026-09-18T04:15:18.039055+00:00
KXBTCD-26SEP1801-T76999.99,KXBTCD-26SEP1801,6,yes,0.92,yes,True,0.0799999999999999,2026-09-18T05:15:19.538069+00:00,2026-09-18T04:30:22.605298+00:00
KXBTCD-26SEP1801-T77099.99,KXBTCD-26SEP1801,5,yes,0.99,yes,True,0.01,2026-09-18T05:15:19.538132+00:00,2026-09-18T05:00:22.671839+00:00
KXBTCD-26SEP1802-T77999.99,KXBTCD-26SEP1802,10,no,0.97,no,True,0.03,2026-09-18T06:15:19.308751+00:00,2026-09-18T05:15:19.545001+00:00
KXBTCD-26SEP1802-T77899.99,KXBTCD-26SEP1802,9,no,0.96,no,True,0.04,2026-09-18T06:15:19.308805+00:00,2026-09-18T05:15:19.545062+00:00
KXBTCD-26SEP1802-T77799.99,KXBTCD-26SEP1802,5,no,0.92,no,True,0.0799999999999999,2026-09-18T06:15:19.308840+00:00,2026-09-18T05:15:19.545115+00:00
KXBTCD-26SEP1802-T77699.99,KXBTCD-26SEP1802,6,no,0.86,no,True,0.14,2026-09-18T06:15:19.308873+00:00,2026-09-18T05:15:19.545164+00:00
KXBTCD-26SEP1802-T77199.99,KXBTCD-26SEP1802,7,yes,0.88,yes,True,0.12,2026-09-18T06:15:19.308908+00:00,2026-09-18T05:15:19.545210+00:00
KXBTCD-26SEP1802-T77099.99,KXBTCD-26SEP1802,8,yes,0.93,yes,True,0.0699999999999999,2026-09-18T06:15:19.308941+00:00,2026-09-18T05:15:19.545257+00:00
KXBTCD-26SEP1802-T77299.99,KXBTCD-26SEP1802,5,yes,0.95,yes,True,0.05,2026-09-18T06:15:19.308973+00:00,2026-09-18T05:45:17.954698+00:00
KXBTCD-26SEP1803-T77899.99,KXBTCD-26SEP1803,8,no,0.97,no,True,0.03,2026-09-18T07:15:20.783236+00:00,2026-09-18T06:15:19.314247+00:00
KXBTCD-26SEP1803-T77799.99,KXBTCD-26SEP1803,7,no,0.95,no,True,0.05,2026-09-18T07:15:20.783285+00:00,2026-09-18T06:15:19.314286+00:00
KXBTCD-26SEP1803-T77299.99,KXBTCD-26SEP1803,6,yes,0.75,yes,True,0.25,2026-09-18T07:15:20.783310+00:00,2026-09-18T06:15:19.314314+00:00
KXBTCD-26SEP1803-T77199.99,KXBTCD-26SEP1803,9,yes,0.88,yes,True,0.12,2026-09-18T07:15:20.783333+00:00,2026-09-18T06:15:19.314338+00:00
KXBTCD-26SEP1803-T77099.99,KXBTCD-26SEP1803,5,yes,0.94,yes,True,0.06,2026-09-18T07:15:20.783356+00:00,2026-09-18T06:15:19.314362+00:00
KXBTCD-26SEP1803-T76999.99,KXBTCD-26SEP1803,10,yes,0.97,yes,True,0.03,2026-09-18T07:15:20.783379+00:00,2026-09-18T06:15:19.314384+00:00
KXBTCD-26SEP1803-T77999.99,KXBTCD-26SEP1803,10,no,0.98,no,True,0.02,2026-09-18T07:15:20.783401+00:00,2026-09-18T06:30:21.154461+00:00
KXBTCD-26SEP1803-T77699.99,KXBTCD-26SEP1803,5,no,0.97,no,True,0.03,2026-09-18T07:15:20.783424+00:00,2026-09-18T06:45:23.004006+00:00
KXBTCD-26SEP1804-T78099.99,KXBTCD-26SEP1804,10,no,0.97,no,True,0.03,2026-09-18T08:15:20.108489+00:00,2026-09-18T07:15:20.788415+00:00
KXBTCD-26SEP1804-T77999.99,KXBTCD-26SEP1804,9,no,0.96,no,True,0.04,2026-09-18T08:15:20.108576+00:00,2026-09-18T07:15:20.788447+00:00
KXBTCD-26SEP1804-T77899.99,KXBTCD-26SEP1804,7,no,0.91,no,True,0.0899999999999999,2026-09-18T08:15:20.108639+00:00,2026-09-18T07:15:20.788469+00:00
KXBTCD-26SEP1804-T77799.99,KXBTCD-26SEP1804,5,no,0.86,no,True,0.14,2026-09-18T08:15:20.108701+00:00,2026-09-18T07:15:20.788490+00:00
KXBTCD-26SEP1804-T77299.99,KXBTCD-26SEP1804,6,yes,0.87,yes,True,0.13,2026-09-18T08:15:20.108762+00:00,2026-09-18T07:15:20.788619+00:00
KXBTCD-26SEP1804-T77199.99,KXBTCD-26SEP1804,8,yes,0.93,yes,True,0.0699999999999999,2026-09-18T08:15:20.108823+00:00,2026-09-18T07:15:20.788638+00:00
KXBTCD-26SEP1804-T77399.99,KXBTCD-26SEP1804,5,yes,0.95,yes,True,0.05,2026-09-18T08:15:20.108883+00:00,2026-09-18T07:30:22.126907+00:00
KXBTCD-26SEP1805-T78199.99,KXBTCD-26SEP1805,10,no,0.96,no,True,0.04,2026-09-18T09:15:25.161319+00:00,2026-09-18T08:15:20.116366+00:00
KXBTCD-26SEP1805-T78099.99,KXBTCD-26SEP1805,7,no,0.95,yes,False,-0.95,2026-09-18T09:15:25.161400+00:00,2026-09-18T08:15:20.116434+00:00
KXBTCD-26SEP1805-T77999.99,KXBTCD-26SEP1805,5,no,0.9,yes,False,-0.9,2026-09-18T09:15:25.161465+00:00,2026-09-18T08:15:20.116488+00:00
KXBTCD-26SEP1805-T77499.99,KXBTCD-26SEP1805,9,yes,0.81,yes,True,0.1899999999999999,2026-09-18T09:15:25.161527+00:00,2026-09-18T08:15:20.116537+00:00
KXBTCD-26SEP1805-T77399.99,KXBTCD-26SEP1805,6,yes,0.9,yes,True,0.0999999999999999,2026-09-18T09:15:25.161590+00:00,2026-09-18T08:15:20.116584+00:00
KXBTCD-26SEP1805-T77299.99,KXBTCD-26SEP1805,8,yes,0.95,yes,True,0.05,2026-09-18T09:15:25.161653+00:00,2026-09-18T08:15:20.116630+00:00
KXBTCD-26SEP1805-T77599.99,KXBTCD-26SEP1805,5,yes,0.93,yes,True,0.0699999999999999,2026-09-18T09:15:25.161750+00:00,2026-09-18T08:30:27.880117+00:00
KXBTCD-26SEP1805-T78299.99,KXBTCD-26SEP1805,10,no,0.99,no,True,0.01,2026-09-18T09:15:25.161847+00:00,2026-09-18T08:45:20.356061+00:00
KXBTCD-26SEP1805-T77699.99,KXBTCD-26SEP1805,5,yes,0.99,yes,True,0.01,2026-09-18T09:15:25.161913+00:00,2026-09-18T09:00:28.300987+00:00
KXBTCD-26SEP1806-T78799.99,KXBTCD-26SEP1806,9,no,0.95,no,True,0.05,2026-09-18T10:15:24.546223+00:00,2026-09-18T09:15:25.168794+00:00
KXBTCD-26SEP1806-T78699.99,KXBTCD-26SEP1806,7,no,0.93,no,True,0.0699999999999999,2026-09-18T10:15:24.546305+00:00,2026-09-18T09:15:25.168857+00:00
KXBTCD-26SEP1806-T78599.99,KXBTCD-26SEP1806,6,no,0.88,no,True,0.12,2026-09-18T10:15:24.546368+00:00,2026-09-18T09:15:25.168910+00:00
KXBTCD-26SEP1806-T78499.99,KXBTCD-26SEP1806,5,no,0.77,no,True,0.2299999999999999,2026-09-18T10:15:24.546430+00:00,2026-09-18T09:15:25.168959+00:00
KXBTCD-26SEP1806-T77999.99,KXBTCD-26SEP1806,8,yes,0.86,yes,True,0.14,2026-09-18T10:15:24.546491+00:00,2026-09-18T09:15:25.169008+00:00
KXBTCD-26SEP1806-T77899.99,KXBTCD-26SEP1806,10,yes,0.93,yes,True,0.0699999999999999,2026-09-18T10:15:24.546551+00:00,2026-09-18T09:15:25.169056+00:00
KXBTCD-26SEP1806-T78399.99,KXBTCD-26SEP1806,5,no,0.98,no,True,0.02,2026-09-18T10:15:24.546612+00:00,2026-09-18T09:45:18.817091+00:00
KXBTCD-26SEP1806-T77799.99,KXBTCD-26SEP1806,9,yes,0.94,yes,True,0.06,2026-09-18T10:15:24.546704+00:00,2026-09-18T09:45:18.817134+00:00
KXBTCD-26SEP1807-T78599.99,KXBTCD-26SEP1807,7,no,0.97,no,True,0.03,2026-09-18T11:15:25.386605+00:00,2026-09-18T10:00:27.246793+00:00
KXBTCD-26SEP1807-T78399.99,KXBTCD-26SEP1807,8,no,0.88,no,True,0.12,2026-09-18T11:15:25.386648+00:00,2026-09-18T10:00:27.246871+00:00
KXBTCD-26SEP1807-T78299.99,KXBTCD-26SEP1807,5,no,0.76,no,True,0.24,2026-09-18T11:15:25.386676+00:00,2026-09-18T10:00:27.246929+00:00
KXBTCD-26SEP1807-T77899.99,KXBTCD-26SEP1807,9,yes,0.9,yes,True,0.0999999999999999,2026-09-18T11:15:25.386703+00:00,2026-09-18T10:00:27.246980+00:00
KXBTCD-26SEP1807-T77799.99,KXBTCD-26SEP1807,6,yes,0.95,yes,True,0.05,2026-09-18T11:15:25.386730+00:00,2026-09-18T10:00:27.247028+00:00
KXBTCD-26SEP1807-T78499.99,KXBTCD-26SEP1807,8,no,0.94,no,True,0.06,2026-09-18T11:15:25.386770+00:00,2026-09-18T10:15:24.554165+00:00
KXBTCD-26SEP1807-T77699.99,KXBTCD-26SEP1807,9,yes,0.97,yes,True,0.03,2026-09-18T11:15:25.386804+00:00,2026-09-18T10:15:24.554326+00:00
KXBTCD-26SEP1808-T78599.99,KXBTCD-26SEP1808,9,no,0.97,no,True,0.03,2026-09-18T12:15:21.135021+00:00,2026-09-18T11:15:25.391716+00:00
KXBTCD-26SEP1808-T78499.99,KXBTCD-26SEP1808,8,no,0.95,no,True,0.05,2026-09-18T12:15:21.135085+00:00,2026-09-18T11:15:25.391751+00:00
KXBTCD-26SEP1808-T78399.99,KXBTCD-26SEP1808,5,no,0.91,no,True,0.0899999999999999,2026-09-18T12:15:21.135128+00:00,2026-09-18T11:15:25.391793+00:00
KXBTCD-26SEP1808-T77899.99,KXBTCD-26SEP1808,6,yes,0.76,yes,True,0.24,2026-09-18T12:15:21.135168+00:00,2026-09-18T11:15:25.391817+00:00
KXBTCD-26SEP1808-T77799.99,KXBTCD-26SEP1808,7,yes,0.87,yes,True,0.13,2026-09-18T12:15:21.135208+00:00,2026-09-18T11:15:25.391839+00:00
KXBTCD-26SEP1808-T77699.99,KXBTCD-26SEP1808,10,yes,0.94,yes,True,0.06,2026-09-18T12:15:21.135247+00:00,2026-09-18T11:15:25.391859+00:00
KXBTCD-26SEP1808-T78199.99,KXBTCD-26SEP1808,5,no,0.99,no,True,0.01,2026-09-18T12:15:21.135287+00:00,2026-09-18T12:00:21.181801+00:00
KXBTCD-26SEP1808-T77599.99,KXBTCD-26SEP1808,10,yes,0.99,yes,True,0.01,2026-09-18T12:15:21.135328+00:00,2026-09-18T12:00:21.181927+00:00
KXBTCD-26SEP1809-T78399.99,KXBTCD-26SEP1809,9,no,0.93,no,True,0.0699999999999999,2026-09-18T13:15:55.165319+00:00,2026-09-18T12:15:21.141583+00:00
KXBTCD-26SEP1809-T78299.99,KXBTCD-26SEP1809,6,no,0.88,no,True,0.12,2026-09-18T13:15:55.165401+00:00,2026-09-18T12:15:21.141633+00:00
KXBTCD-26SEP1809-T77799.99,KXBTCD-26SEP1809,5,yes,0.8,yes,True,0.1999999999999999,2026-09-18T13:15:55.165468+00:00,2026-09-18T12:15:21.141668+00:00
KXBTCD-26SEP1809-T77699.99,KXBTCD-26SEP1809,7,yes,0.89,yes,True,0.1099999999999999,2026-09-18T13:15:55.165532+00:00,2026-09-18T12:15:21.141699+00:00
KXBTCD-26SEP1809-T77599.99,KXBTCD-26SEP1809,8,yes,0.93,yes,True,0.0699999999999999,2026-09-18T13:15:55.165630+00:00,2026-09-18T12:15:21.141728+00:00
KXBTCD-26SEP1809-T77499.99,KXBTCD-26SEP1809,10,yes,0.96,yes,True,0.04,2026-09-18T13:15:55.165732+00:00,2026-09-18T12:15:21.141756+00:00
KXBTCD-26SEP1809-T78099.99,KXBTCD-26SEP1809,5,no,0.78,no,True,0.2199999999999999,2026-09-18T13:15:55.165803+00:00,2026-09-18T12:30:22.334327+00:00
KXBTCD-26SEP1809-T77399.99,KXBTCD-26SEP1809,10,yes,0.99,yes,True,0.01,2026-09-18T13:15:55.165869+00:00,2026-09-18T12:45:19.585758+00:00
KXBTCD-26SEP1810-T78499.99,KXBTCD-26SEP1810,8,no,0.94,yes,False,-0.94,2026-09-18T14:30:22.754866+00:00,2026-09-18T13:15:55.173162+00:00
KXBTCD-26SEP1810-T78299.99,KXBTCD-26SEP1810,7,no,0.87,yes,False,-0.87,2026-09-18T14:30:22.754945+00:00,2026-09-18T13:15:55.173226+00:00
KXBTCD-26SEP1810-T77799.99,KXBTCD-26SEP1810,5,yes,0.71,yes,True,0.29,2026-09-18T14:30:22.755010+00:00,2026-09-18T13:15:55.173279+00:00
KXBTCD-26SEP1810-T77699.99,KXBTCD-26SEP1810,6,yes,0.8,yes,True,0.1999999999999999,2026-09-18T14:30:22.755073+00:00,2026-09-18T13:15:55.173329+00:00
KXBTCD-26SEP1810-T77499.99,KXBTCD-26SEP1810,10,yes,0.91,yes,True,0.0899999999999999,2026-09-18T14:30:22.755135+00:00,2026-09-18T13:15:55.173377+00:00
KXBTCD-26SEP1810-T77399.99,KXBTCD-26SEP1810,9,yes,0.94,yes,True,0.06,2026-09-18T14:30:22.755197+00:00,2026-09-18T13:15:55.173424+00:00
KXBTCD-26SEP1810-T78399.99,KXBTCD-26SEP1810,8,no,0.85,yes,False,-0.85,2026-09-18T14:30:22.755259+00:00,2026-09-18T13:30:22.356038+00:00
KXBTCD-26SEP1810-T78999.99,KXBTCD-26SEP1810,7,yes,0.74,yes,True,0.26,2026-09-18T14:30:22.755324+00:00,2026-09-18T13:45:23.565082+00:00
KXBTCD-26SEP1810-T78799.99,KXBTCD-26SEP1810,9,yes,0.88,yes,True,0.12,2026-09-18T14:30:22.755402+00:00,2026-09-18T13:45:23.565154+00:00
KXBTCD-26SEP1810-T78599.99,KXBTCD-26SEP1810,10,yes,0.96,yes,True,0.04,2026-09-18T14:30:22.755473+00:00,2026-09-18T13:45:23.565207+00:00
KXBTCD-26SEP1810-T77899.99,KXBTCD-26SEP1810,5,yes,0.99,yes,True,0.01,2026-09-18T14:30:22.755535+00:00,2026-09-18T13:45:23.565322+00:00
KXBTCD-26SEP1810-T80099.99,KXBTCD-26SEP1810,8,no,0.99,no,True,0.01,2026-09-18T14:30:22.755595+00:00,2026-09-18T14:00:22.624270+00:00
KXBTCD-26SEP1810-T79799.99,KXBTCD-26SEP1810,7,yes,0.99,yes,True,0.01,2026-09-18T14:30:22.755655+00:00,2026-09-18T14:00:22.624325+00:00
KXBTCD-26SEP1810-T78099.99,KXBTCD-26SEP1810,6,yes,0.99,yes,True,0.01,2026-09-18T14:30:22.755716+00:00,2026-09-18T14:00:22.624390+00:00
KXBTCD-26SEP1810-T77999.99,KXBTCD-26SEP1810,5,yes,0.99,yes,True,0.01,2026-09-18T14:30:22.755776+00:00,2026-09-18T14:00:22.624415+00:00
KXBTCD-26SEP1811-T80999.99,KXBTCD-26SEP1811,7,no,0.77,no,True,0.2299999999999999,2026-09-18T15:11:52.951085+00:00,2026-09-18T14:30:22.762644+00:00
KXBTCD-26SEP1811-T80799.99,KXBTCD-26SEP1811,10,no,0.62,yes,False,-0.62,2026-09-18T15:11:52.951166+00:00,2026-09-18T14:30:22.762705+00:00
KXBTCD-26SEP1811-T80499.99,KXBTCD-26SEP1811,6,yes,0.68,yes,True,0.3199999999999999,2026-09-18T15:11:52.951230+00:00,2026-09-18T14:30:22.762798+00:00
KXBTCD-26SEP1811-T80099.99,KXBTCD-26SEP1811,5,yes,0.88,yes,True,0.12,2026-09-18T15:11:52.951291+00:00,2026-09-18T14:30:22.762848+00:00
KXBTCD-26SEP1811-T79999.99,KXBTCD-26SEP1811,9,yes,0.91,yes,True,0.0899999999999999,2026-09-18T15:11:52.951351+00:00,2026-09-18T14:30:22.762896+00:00
KXBTCD-26SEP1811-T80199.99,KXBTCD-26SEP1811,6,yes,0.97,yes,True,0.03,2026-09-18T15:11:52.951457+00:00,2026-09-18T14:45:34.632187+00:00
KXBTCD-26SEP1812-T81299.99,KXBTCD-26SEP1812,8,no,0.78,no,True,0.2199999999999999,2026-09-18T16:15:20.324890+00:00,2026-09-18T15:00:25.438194+00:00
KXBTCD-26SEP1812-T81099.99,KXBTCD-26SEP1812,9,no,0.63,no,True,0.37,2026-09-18T16:15:20.324940+00:00,2026-09-18T15:00:25.438242+00:00
KXBTCD-26SEP1812-T80499.99,KXBTCD-26SEP1812,7,yes,0.83,yes,True,0.17,2026-09-18T16:15:20.324972+00:00,2026-09-18T15:00:25.438289+00:00
KXBTCD-26SEP1812-T80299.99,KXBTCD-26SEP1812,6,yes,0.8,yes,True,0.1999999999999999,2026-09-18T16:15:20.325003+00:00,2026-09-18T15:00:25.438313+00:00
KXBTCD-26SEP1812-T81499.99,KXBTCD-26SEP1812,10,no,0.96,no,True,0.04,2026-09-18T16:15:20.325033+00:00,2026-09-18T15:11:52.958712+00:00
KXBTCD-26SEP1812-T81399.99,KXBTCD-26SEP1812,9,no,0.94,no,True,0.06,2026-09-18T16:15:20.325063+00:00,2026-09-18T15:11:52.958773+00:00
KXBTCD-26SEP1812-T80999.99,KXBTCD-26SEP1812,6,no,0.84,no,True,0.16,2026-09-18T16:15:20.325096+00:00,2026-09-18T15:11:52.958857+00:00
KXBTCD-26SEP1812-T81199.99,KXBTCD-26SEP1812,6,no,0.88,no,True,0.12,2026-09-18T16:15:20.325125+00:00,2026-09-18T15:15:17.455004+00:00
KXBTCD-26SEP1812-T80899.99,KXBTCD-26SEP1812,5,no,0.67,no,True,0.3299999999999999,2026-09-18T16:15:20.325153+00:00,2026-09-18T15:15:17.455081+00:00
KXBTCD-26SEP1812-T80399.99,KXBTCD-26SEP1812,8,yes,0.78,yes,True,0.2199999999999999,2026-09-18T16:15:20.325181+00:00,2026-09-18T15:15:17.455107+00:00
KXBTCD-26SEP1812-T80599.99,KXBTCD-26SEP1812,6,yes,0.81,yes,True,0.1899999999999999,2026-09-18T16:15:20.325208+00:00,2026-09-18T15:31:00.402694+00:00
KXBTCD-26SEP1813-T81299.99,KXBTCD-26SEP1813,10,no,0.89,no,True,0.1099999999999999,2026-09-18T17:15:17.834575+00:00,2026-09-18T16:15:20.330159+00:00
KXBTCD-26SEP1813-T81199.99,KXBTCD-26SEP1813,9,no,0.8,no,True,0.1999999999999999,2026-09-18T17:15:17.834651+00:00,2026-09-18T16:15:20.330198+00:00
KXBTCD-26SEP1813-T81099.99,KXBTCD-26SEP1813,7,no,0.72,no,True,0.28,2026-09-18T17:15:17.834715+00:00,2026-09-18T16:15:20.330226+00:00
KXBTCD-26SEP1813-T80499.99,KXBTCD-26SEP1813,6,yes,0.87,yes,True,0.13,2026-09-18T17:15:17.834776+00:00,2026-09-18T16:15:20.330271+00:00
KXBTCD-26SEP1813-T80399.99,KXBTCD-26SEP1813,8,yes,0.91,yes,True,0.0899999999999999,2026-09-18T17:15:17.834836+00:00,2026-09-18T16:15:20.330295+00:00
KXBTCD-26SEP1813-T81399.99,KXBTCD-26SEP1813,10,no,0.91,no,True,0.0899999999999999,2026-09-18T17:15:17.834898+00:00,2026-09-18T16:30:32.298913+00:00
KXBTCD-26SEP1813-T80699.99,KXBTCD-26SEP1813,5,yes,0.86,yes,True,0.14,2026-09-18T17:15:17.834957+00:00,2026-09-18T16:30:32.299021+00:00
KXBTCD-26SEP1813-T80599.99,KXBTCD-26SEP1813,6,yes,0.93,yes,True,0.0699999999999999,2026-09-18T17:15:17.835040+00:00,2026-09-18T16:30:32.299072+00:00
KXBTCD-26SEP1814-T81299.99,KXBTCD-26SEP1814,6,no,0.9,no,True,0.0999999999999999,2026-09-18T18:15:23.385463+00:00,2026-09-18T17:00:25.492411+00:00
KXBTCD-26SEP1814-T80599.99,KXBTCD-26SEP1814,7,yes,0.77,yes,True,0.2299999999999999,2026-09-18T18:15:23.385525+00:00,2026-09-18T17:00:25.492461+00:00
KXBTCD-26SEP1814-T80399.99,KXBTCD-26SEP1814,8,yes,0.9,yes,True,0.0999999999999999,2026-09-18T18:15:23.385566+00:00,2026-09-18T17:00:25.492490+00:00
KXBTCD-26SEP1814-T80299.99,KXBTCD-26SEP1814,5,yes,0.92,yes,True,0.0799999999999999,2026-09-18T18:15:23.385605+00:00,2026-09-18T17:00:25.492516+00:00
KXBTCD-26SEP1814-T81199.99,KXBTCD-26SEP1814,7,no,0.86,no,True,0.14,2026-09-18T18:15:23.385643+00:00,2026-09-18T17:15:17.842224+00:00
KXBTCD-26SEP1814-T81099.99,KXBTCD-26SEP1814,5,no,0.78,no,True,0.2199999999999999,2026-09-18T18:15:23.385681+00:00,2026-09-18T17:15:17.842281+00:00
KXBTCD-26SEP1814-T80499.99,KXBTCD-26SEP1814,8,yes,0.89,yes,True,0.1099999999999999,2026-09-18T18:15:23.385719+00:00,2026-09-18T17:15:17.842365+00:00
KXBTCD-26SEP1814-T80999.99,KXBTCD-26SEP1814,5,no,0.96,no,True,0.04,2026-09-18T18:15:23.385754+00:00,2026-09-18T17:45:22.449886+00:00
KXBTCD-26SEP1815-T81299.99,KXBTCD-26SEP1815,8,no,0.95,no,True,0.05,2026-09-18T19:15:24.640821+00:00,2026-09-18T18:15:23.391920+00:00
KXBTCD-26SEP1815-T81199.99,KXBTCD-26SEP1815,9,no,0.9,no,True,0.0999999999999999,2026-09-18T19:15:24.640936+00:00,2026-09-18T18:15:23.391989+00:00
KXBTCD-26SEP1815-T81099.99,KXBTCD-26SEP1815,6,no,0.82,no,True,0.18,2026-09-18T19:15:24.641076+00:00,2026-09-18T18:15:23.392031+00:00
KXBTCD-26SEP1815-T80699.99,KXBTCD-26SEP1815,5,yes,0.72,yes,True,0.28,2026-09-18T19:15:24.641184+00:00,2026-09-18T18:15:23.392066+00:00
KXBTCD-26SEP1815-T80499.99,KXBTCD-26SEP1815,7,yes,0.91,yes,True,0.0899999999999999,2026-09-18T19:15:24.641266+00:00,2026-09-18T18:15:23.392098+00:00
KXBTCD-26SEP1815-T80399.99,KXBTCD-26SEP1815,10,yes,0.95,yes,True,0.05,2026-09-18T19:15:24.641348+00:00,2026-09-18T18:15:23.392129+00:00
KXBTCD-26SEP1815-T81399.99,KXBTCD-26SEP1815,10,no,0.98,no,True,0.02,2026-09-18T19:15:24.641424+00:00,2026-09-18T18:28:19.270901+00:00
KXBTCD-26SEP1815-T80599.99,KXBTCD-26SEP1815,5,yes,0.94,yes,True,0.06,2026-09-18T19:15:24.641495+00:00,2026-09-18T18:28:19.271013+00:00
KXBTCD-26SEP1816-T81499.99,KXBTCD-26SEP1816,8,no,0.88,no,True,0.12,2026-09-18T20:10:25.889592+00:00,2026-09-18T19:15:24.648586+00:00
KXBTCD-26SEP1816-T81399.99,KXBTCD-26SEP1816,9,no,0.78,no,True,0.2199999999999999,2026-09-18T20:10:25.889637+00:00,2026-09-18T19:15:24.648649+00:00
KXBTCD-26SEP1816-T81299.99,KXBTCD-26SEP1816,6,no,0.65,no,True,0.35,2026-09-18T20:10:25.889662+00:00,2026-09-18T19:15:24.648706+00:00
KXBTCD-26SEP1816-T80799.99,KXBTCD-26SEP1816,5,yes,0.9,yes,True,0.0999999999999999,2026-09-18T20:10:25.889684+00:00,2026-09-18T19:15:24.648757+00:00
KXBTCD-26SEP1816-T80699.99,KXBTCD-26SEP1816,7,yes,0.94,yes,True,0.06,2026-09-18T20:10:25.889706+00:00,2026-09-18T19:15:24.648805+00:00
KXBTCD-26SEP1816-T80599.99,KXBTCD-26SEP1816,10,yes,0.96,yes,True,0.04,2026-09-18T20:10:25.889729+00:00,2026-09-18T19:15:24.648854+00:00
KXBTCD-26SEP1816-T81699.99,KXBTCD-26SEP1816,10,no,0.96,no,True,0.04,2026-09-18T20:10:25.889750+00:00,2026-09-18T19:30:21.021997+00:00
KXBTCD-26SEP1816-T81599.99,KXBTCD-26SEP1816,10,no,0.98,no,True,0.02,2026-09-18T20:10:25.889770+00:00,2026-09-18T19:40:25.656984+00:00
KXBTCD-26SEP1816-T80899.99,KXBTCD-26SEP1816,5,yes,0.98,yes,True,0.02,2026-09-18T20:10:25.889789+00:00,2026-09-18T19:50:19.838782+00:00
KXBTCD-26SEP1817-T81499.99,KXBTCD-26SEP1817,8,no,0.88,no,True,0.12,2026-09-18T21:07:31.531392+00:00,2026-09-11T21:15:19.470343+00:00
KXBTCD-26SEP1817-T79999.99,KXBTCD-26SEP1817,9,no,0.78,yes,False,-0.78,2026-09-18T21:07:31.531495+00:00,2026-09-11T21:15:19.470396+00:00
KXBTCD-26SEP1817-T78499.99,KXBTCD-26SEP1817,10,no,0.64,yes,False,-0.64,2026-09-18T21:07:31.531564+00:00,2026-09-11T21:15:19.470507+00:00
KXBTCD-26SEP1817-T73499.99,KXBTCD-26SEP1817,7,yes,0.85,yes,True,0.15,2026-09-18T21:07:31.531619+00:00,2026-09-11T21:15:19.470610+00:00
KXBTCD-26SEP1817-T72999.99,KXBTCD-26SEP1817,5,yes,0.88,yes,True,0.12,2026-09-18T21:07:31.531672+00:00,2026-09-11T21:15:19.470661+00:00
KXBTCD-26SEP1817-T71999.99,KXBTCD-26SEP1817,9,yes,0.92,yes,True,0.0799999999999999,2026-09-18T21:07:31.531723+00:00,2026-09-11T21:30:28.601049+00:00
KXBTCD-26SEP1817-T77999.99,KXBTCD-26SEP1817,6,no,0.6,yes,False,-0.6,2026-09-18T21:07:31.531776+00:00,2026-09-11T22:15:17.328889+00:00
KXBTCD-26SEP1817-T88999.99,KXBTCD-26SEP1817,6,no,0.92,no,True,0.0799999999999999,2026-09-18T21:07:31.531848+00:00,2026-09-12T00:15:19.251343+00:00
KXBTCD-26SEP1817-T81999.99,KXBTCD-26SEP1817,9,no,0.9,no,True,0.0999999999999999,2026-09-18T21:07:31.531896+00:00,2026-09-12T02:45:22.302960+00:00
KXBTCD-26SEP1817-T69999.99,KXBTCD-26SEP1817,5,yes,0.97,yes,True,0.03,2026-09-18T21:07:31.531957+00:00,2026-09-12T02:45:22.303115+00:00
KXBTCD-26SEP1817-T80499.99,KXBTCD-26SEP1817,10,no,0.82,yes,False,-0.82,2026-09-18T21:07:31.532007+00:00,2026-09-12T04:45:22.339252+00:00
KXBTCD-26SEP1817-T74999.99,KXBTCD-26SEP1817,7,yes,0.75,yes,True,0.25,2026-09-18T21:07:31.532052+00:00,2026-09-12T09:30:18.824171+00:00
KXBTCD-26SEP1817-T70499.99,KXBTCD-26SEP1817,5,yes,0.95,yes,True,0.05,2026-09-18T21:07:31.532104+00:00,2026-09-12T09:45:19.936939+00:00
KXBTCD-26SEP1817-T76499.99,KXBTCD-26SEP1817,8,yes,0.6,yes,True,0.4,2026-09-18T21:07:31.532145+00:00,2026-09-12T14:45:21.671079+00:00
KXBTCD-26SEP1817-T82999.99,KXBTCD-26SEP1817,7,no,0.94,no,True,0.06,2026-09-18T21:07:31.532184+00:00,2026-09-12T20:15:36.874267+00:00
KXBTCD-26SEP1817-T84999.99,KXBTCD-26SEP1817,5,no,0.96,no,True,0.04,2026-09-18T21:07:31.532227+00:00,2026-09-12T21:15:18.628033+00:00
KXBTCD-26SEP1817-T83999.99,KXBTCD-26SEP1817,10,no,0.95,no,True,0.05,2026-09-18T21:07:31.532267+00:00,2026-09-12T23:45:20.225904+00:00
KXBTCD-26SEP1817-T83499.99,KXBTCD-26SEP1817,9,no,0.94,no,True,0.06,2026-09-18T21:07:31.532311+00:00,2026-09-13T02:00:26.413487+00:00
KXBTCD-26SEP1817-T77499.99,KXBTCD-26SEP1817,9,no,0.6,yes,False,-0.6,2026-09-18T21:07:31.532353+00:00,2026-09-13T09:45:19.523178+00:00
KXBTCD-26SEP1817-T85499.99,KXBTCD-26SEP1817,5,no,0.96,no,True,0.04,2026-09-18T21:07:31.532392+00:00,2026-09-14T02:00:21.531248+00:00
KXBTCD-26SEP1817-T69499.99,KXBTCD-26SEP1817,5,yes,0.96,yes,True,0.04,2026-09-18T21:07:31.532430+00:00,2026-09-14T02:15:22.481798+00:00
KXBTCD-26SEP1817-T70999.99,KXBTCD-26SEP1817,5,yes,0.97,yes,True,0.03,2026-09-18T21:07:31.532471+00:00,2026-09-14T15:30:25.264853+00:00
KXBTCD-26SEP1817-T76999.99,KXBTCD-26SEP1817,5,yes,0.76,yes,True,0.24,2026-09-18T21:07:31.532510+00:00,2026-09-14T20:30:25.680117+00:00
KXBTCD-26SEP1817-T78999.99,KXBTCD-26SEP1817,7,no,0.6,yes,False,-0.6,2026-09-18T21:07:31.532547+00:00,2026-09-15T00:01:04.194793+00:00
KXBTCD-26SEP1817-T75999.99,KXBTCD-26SEP1817,9,no,0.6,yes,False,-0.6,2026-09-18T21:07:31.532585+00:00,2026-09-16T17:45:24.050247+00:00
KXBTCD-26SEP1817-T75499.99,KXBTCD-26SEP1817,5,yes,0.92,yes,True,0.0799999999999999,2026-09-18T21:07:31.532622+00:00,2026-09-18T04:15:18.039229+00:00
KXBTCD-26SEP1817-T79499.99,KXBTCD-26SEP1817,10,yes,0.85,yes,True,0.15,2026-09-18T21:07:31.532659+00:00,2026-09-18T14:30:22.762943+00:00
KXBTCD-26SEP1817-T80999.99,KXBTCD-26SEP1817,10,no,0.64,yes,False,-0.64,2026-09-18T21:07:31.532697+00:00,2026-09-18T15:45:23.383185+00:00
KXBTCD-26SEP1818-T81699.99,KXBTCD-26SEP1818,10,no,0.97,no,True,0.03,2026-09-18T22:10:19.701002+00:00,2026-09-18T21:07:31.540186+00:00
KXBTCD-26SEP1818-T81499.99,KXBTCD-26SEP1818,9,no,0.9,no,True,0.0999999999999999,2026-09-18T22:10:19.701065+00:00,2026-09-18T21:07:31.540214+00:00
KXBTCD-26SEP1818-T81399.99,KXBTCD-26SEP1818,8,no,0.81,no,True,0.1899999999999999,2026-09-18T22:10:19.701105+00:00,2026-09-18T21:07:31.540242+00:00
KXBTCD-26SEP1818-T81299.99,KXBTCD-26SEP1818,6,no,0.67,no,True,0.3299999999999999,2026-09-18T22:10:19.701142+00:00,2026-09-18T21:07:31.540270+00:00
KXBTCD-26SEP1818-T80799.99,KXBTCD-26SEP1818,5,yes,0.95,yes,True,0.05,2026-09-18T22:10:19.701179+00:00,2026-09-18T21:07:31.540298+00:00
KXBTCD-26SEP1818-T80699.99,KXBTCD-26SEP1818,7,yes,0.98,yes,True,0.02,2026-09-18T22:10:19.701215+00:00,2026-09-18T21:07:31.540326+00:00
KXBTCD-26SEP1818-T80899.99,KXBTCD-26SEP1818,5,yes,0.87,yes,True,0.13,2026-09-18T22:10:19.701279+00:00,2026-09-18T21:10:19.055271+00:00
KXBTCD-26SEP1818-T81599.99,KXBTCD-26SEP1818,9,no,0.96,no,True,0.04,2026-09-18T22:10:19.701343+00:00,2026-09-18T21:20:24.269272+00:00
KXBTCD-26SEP1819-T81699.99,KXBTCD-26SEP1819,10,no,0.96,no,True,0.04,2026-09-18T23:10:24.475670+00:00,2026-09-18T22:10:19.707946+00:00
KXBTCD-26SEP1819-T81599.99,KXBTCD-26SEP1819,7,no,0.92,no,True,0.0799999999999999,2026-09-18T23:10:24.475732+00:00,2026-09-18T22:10:19.707983+00:00
KXBTCD-26SEP1819-T81499.99,KXBTCD-26SEP1819,6,no,0.83,no,True,0.17,2026-09-18T23:10:24.475764+00:00,2026-09-18T22:10:19.708014+00:00
KXBTCD-26SEP1819-T80999.99,KXBTCD-26SEP1819,5,yes,0.94,yes,True,0.06,2026-09-18T23:10:24.475793+00:00,2026-09-18T22:10:19.708043+00:00
KXBTCD-26SEP1819-T80899.99,KXBTCD-26SEP1819,8,yes,0.97,yes,True,0.03,2026-09-18T23:10:24.475821+00:00,2026-09-18T22:10:19.708072+00:00
KXBTCD-26SEP1819-T80799.99,KXBTCD-26SEP1819,9,yes,0.98,yes,True,0.02,2026-09-18T23:10:24.475849+00:00,2026-09-18T22:10:19.708100+00:00
KXBTCD-26SEP1819-T81399.99,KXBTCD-26SEP1819,5,no,0.99,no,True,0.01,2026-09-18T23:10:24.475921+00:00,2026-09-18T22:50:21.199797+00:00
KXBTCD-26SEP1820-T81499.99,KXBTCD-26SEP1820,6,no,0.98,no,True,0.02,2026-09-19T00:10:18.764953+00:00,2026-09-18T23:10:24.481530+00:00
KXBTCD-26SEP1820-T81399.99,KXBTCD-26SEP1820,7,no,0.95,no,True,0.05,2026-09-19T00:10:18.765030+00:00,2026-09-18T23:10:24.481558+00:00
KXBTCD-26SEP1820-T81299.99,KXBTCD-26SEP1820,5,no,0.87,no,True,0.13,2026-09-19T00:10:18.765095+00:00,2026-09-18T23:10:24.481583+00:00
KXBTCD-26SEP1820-T80799.99,KXBTCD-26SEP1820,8,yes,0.96,yes,True,0.04,2026-09-19T00:10:18.765158+00:00,2026-09-18T23:10:24.481607+00:00
KXBTCD-26SEP1820-T80699.99,KXBTCD-26SEP1820,9,yes,0.98,yes,True,0.02,2026-09-19T00:10:18.765221+00:00,2026-09-18T23:10:24.481631+00:00
KXBTCD-26SEP1820-T80399.99,KXBTCD-26SEP1820,10,yes,0.99,yes,True,0.01,2026-09-19T00:10:18.765283+00:00,2026-09-18T23:10:24.481655+00:00
KXBTCD-26SEP1820-T81199.99,KXBTCD-26SEP1820,5,no,0.99,no,True,0.01,2026-09-19T00:10:18.765347+00:00,2026-09-18T23:50:22.635700+00:00
KXBTCD-26SEP1820-T80599.99,KXBTCD-26SEP1820,10,yes,0.98,yes,True,0.02,2026-09-19T00:10:18.765407+00:00,2026-09-18T23:50:22.635823+00:00
KXBTCD-26SEP1821-T81399.99,KXBTCD-26SEP1821,10,no,0.98,yes,False,-0.98,2026-09-19T01:10:22.418586+00:00,2026-09-19T00:10:18.772689+00:00
KXBTCD-26SEP1821-T81299.99,KXBTCD-26SEP1821,9,no,0.97,yes,False,-0.97,2026-09-19T01:10:22.418664+00:00,2026-09-19T00:10:18.772743+00:00
KXBTCD-26SEP1821-T81199.99,KXBTCD-26SEP1821,8,no,0.94,yes,False,-0.94,2026-09-19T01:10:22.418729+00:00,2026-09-19T00:10:18.772818+00:00
KXBTCD-26SEP1821-T80999.99,KXBTCD-26SEP1821,5,no,0.71,yes,False,-0.71,2026-09-19T01:10:22.418813+00:00,2026-09-19T00:10:18.772867+00:00
KXBTCD-26SEP1821-T80599.99,KXBTCD-26SEP1821,7,yes,0.91,yes,True,0.0899999999999999,2026-09-19T01:10:22.418885+00:00,2026-09-19T00:10:18.772913+00:00
KXBTCD-26SEP1821-T80499.99,KXBTCD-26SEP1821,6,yes,0.96,yes,True,0.04,2026-09-19T01:10:22.418949+00:00,2026-09-19T00:10:18.772959+00:00
KXBTCD-26SEP1821-T80699.99,KXBTCD-26SEP1821,5,yes,0.97,yes,True,0.03,2026-09-19T01:10:22.419014+00:00,2026-09-19T00:20:26.147837+00:00
KXBTCD-26SEP1821-T80399.99,KXBTCD-26SEP1821,10,yes,0.99,yes,True,0.01,2026-09-19T01:10:22.419077+00:00,2026-09-19T00:20:26.147966+00:00
KXBTCD-26SEP1821-T80799.99,KXBTCD-26SEP1821,6,yes,0.98,yes,True,0.02,2026-09-19T01:10:22.419137+00:00,2026-09-19T00:40:22.172140+00:00
KXBTCD-26SEP1821-T80899.99,KXBTCD-26SEP1821,5,yes,0.99,yes,True,0.01,2026-09-19T01:10:22.419198+00:00,2026-09-19T00:50:39.174069+00:00
KXBTCD-26SEP1821-T81599.99,KXBTCD-26SEP1821,8,yes,0.98,yes,True,0.02,2026-09-19T01:10:22.419308+00:00,2026-09-19T01:00:22.747868+00:00
KXBTCD-26SEP1821-T81099.99,KXBTCD-26SEP1821,5,yes,0.99,yes,True,0.01,2026-09-19T01:10:22.419369+00:00,2026-09-19T01:00:22.747918+00:00
KXBTCD-26SEP1822-T81999.99,KXBTCD-26SEP1822,5,no,0.96,no,True,0.04,2026-09-19T02:10:25.187600+00:00,2026-09-19T01:10:22.426884+00:00
KXBTCD-26SEP1822-T81899.99,KXBTCD-26SEP1822,10,no,0.95,no,True,0.05,2026-09-19T02:10:25.187687+00:00,2026-09-19T01:10:22.426939+00:00
KXBTCD-26SEP1822-T81799.99,KXBTCD-26SEP1822,7,no,0.91,no,True,0.0899999999999999,2026-09-19T02:10:25.187752+00:00,2026-09-19T01:10:22.426988+00:00
KXBTCD-26SEP1822-T81299.99,KXBTCD-26SEP1822,8,yes,0.61,no,False,-0.61,2026-09-19T02:10:25.187815+00:00,2026-09-19T01:10:22.427036+00:00
KXBTCD-26SEP1822-T81199.99,KXBTCD-26SEP1822,6,yes,0.75,yes,True,0.25,2026-09-19T02:10:25.187877+00:00,2026-09-19T01:10:22.427084+00:00
KXBTCD-26SEP1822-T81099.99,KXBTCD-26SEP1822,9,yes,0.84,yes,True,0.16,2026-09-19T02:10:25.187939+00:00,2026-09-19T01:10:22.427130+00:00
KXBTCD-26SEP1822-T80999.99,KXBTCD-26SEP1822,10,yes,0.93,yes,True,0.0699999999999999,2026-09-19T02:10:25.188000+00:00,2026-09-19T01:13:40.656154+00:00
KXBTCD-26SEP1822-T81699.99,KXBTCD-26SEP1822,5,no,0.96,no,True,0.04,2026-09-19T02:10:25.188060+00:00,2026-09-19T01:20:17.652764+00:00
KXBTCD-26SEP1822-T81599.99,KXBTCD-26SEP1822,6,no,0.93,no,True,0.0699999999999999,2026-09-19T02:10:25.188120+00:00,2026-09-19T01:20:17.652826+00:00
KXBTCD-26SEP1822-T81499.99,KXBTCD-26SEP1822,5,no,0.97,no,True,0.03,2026-09-19T02:10:25.188180+00:00,2026-09-19T01:40:18.467569+00:00
KXBTCD-26SEP1822-T80899.99,KXBTCD-26SEP1822,10,yes,0.95,yes,True,0.05,2026-09-19T02:10:25.188239+00:00,2026-09-19T01:40:18.467724+00:00
KXBTCD-26SEP1823-T81799.99,KXBTCD-26SEP1823,10,no,0.96,no,True,0.04,2026-09-19T03:10:56.159941+00:00,2026-09-19T02:10:25.195596+00:00
KXBTCD-26SEP1823-T81699.99,KXBTCD-26SEP1823,9,no,0.95,no,True,0.05,2026-09-19T03:10:56.160020+00:00,2026-09-19T02:10:25.195657+00:00
KXBTCD-26SEP1823-T81599.99,KXBTCD-26SEP1823,8,no,0.91,no,True,0.0899999999999999,2026-09-19T03:10:56.160085+00:00,2026-09-19T02:10:25.195708+00:00
KXBTCD-26SEP1823-T81099.99,KXBTCD-26SEP1823,5,yes,0.89,yes,True,0.1099999999999999,2026-09-19T03:10:56.160149+00:00,2026-09-19T02:10:25.195757+00:00
KXBTCD-26SEP1823-T80999.99,KXBTCD-26SEP1823,7,yes,0.95,yes,True,0.05,2026-09-19T03:10:56.160214+00:00,2026-09-19T02:10:25.195804+00:00
KXBTCD-26SEP1823-T80899.99,KXBTCD-26SEP1823,6,yes,0.96,yes,True,0.04,2026-09-19T03:10:56.160279+00:00,2026-09-19T02:10:25.195853+00:00
KXBTCD-26SEP1900-T81799.99,KXBTCD-26SEP1900,10,no,0.98,no,True,0.02,2026-09-19T04:10:22.635431+00:00,2026-09-19T03:10:56.167759+00:00
KXBTCD-26SEP1900-T81699.99,KXBTCD-26SEP1900,7,no,0.97,no,True,0.03,2026-09-19T04:10:22.635491+00:00,2026-09-19T03:10:56.167811+00:00
KXBTCD-26SEP1900-T81599.99,KXBTCD-26SEP1900,6,no,0.94,no,True,0.06,2026-09-19T04:10:22.635532+00:00,2026-09-19T03:10:56.167858+00:00
KXBTCD-26SEP1900-T81099.99,KXBTCD-26SEP1900,5,yes,0.89,yes,True,0.1099999999999999,2026-09-19T04:10:22.635571+00:00,2026-09-19T03:10:56.167903+00:00
KXBTCD-26SEP1900-T80999.99,KXBTCD-26SEP1900,8,yes,0.96,yes,True,0.04,2026-09-19T04:10:22.635611+00:00,2026-09-19T03:10:56.167948+00:00
KXBTCD-26SEP1900-T80899.99,KXBTCD-26SEP1900,9,yes,0.98,yes,True,0.02,2026-09-19T04:10:22.635650+00:00,2026-09-19T03:10:56.167993+00:00
KXBTCD-26SEP1900-T81499.99,KXBTCD-26SEP1900,5,no,0.95,no,True,0.05,2026-09-19T04:10:22.635687+00:00,2026-09-19T03:20:18.764516+00:00
KXBTCD-26SEP1900-T80799.99,KXBTCD-26SEP1900,10,yes,0.97,yes,True,0.03,2026-09-19T04:10:22.635723+00:00,2026-09-19T03:30:19.577768+00:00
KXBTCD-26SEP1901-T81599.99,KXBTCD-26SEP1901,10,no,0.99,no,True,0.01,2026-09-19T05:10:20.368422+00:00,2026-09-19T04:10:22.642595+00:00
KXBTCD-26SEP1901-T81499.99,KXBTCD-26SEP1901,8,no,0.98,no,True,0.02,2026-09-19T05:10:20.368510+00:00,2026-09-19T04:10:22.642640+00:00
KXBTCD-26SEP1901-T81399.99,KXBTCD-26SEP1901,6,no,0.94,no,True,0.06,2026-09-19T05:10:20.368575+00:00,2026-09-19T04:10:22.642670+00:00
KXBTCD-26SEP1901-T80899.99,KXBTCD-26SEP1901,5,yes,0.96,yes,True,0.04,2026-09-19T05:10:20.368639+00:00,2026-09-19T04:10:22.642698+00:00
KXBTCD-26SEP1901-T80799.99,KXBTCD-26SEP1901,7,yes,0.98,yes,True,0.02,2026-09-19T05:10:20.368721+00:00,2026-09-19T04:10:22.642725+00:00
KXBTCD-26SEP1901-T80699.99,KXBTCD-26SEP1901,9,yes,0.99,yes,True,0.01,2026-09-19T05:10:20.368793+00:00,2026-09-19T04:10:22.642752+00:00
KXBTCD-26SEP1901-T81299.99,KXBTCD-26SEP1901,5,no,0.99,no,True,0.01,2026-09-19T05:10:20.368854+00:00,2026-09-19T04:40:19.644397+00:00
KXBTCD-26SEP1901-T80599.99,KXBTCD-26SEP1901,10,yes,0.98,yes,True,0.02,2026-09-19T05:10:20.368915+00:00,2026-09-19T04:40:19.644461+00:00
KXBTCD-26SEP1902-T81499.99,KXBTCD-26SEP1902,10,no,0.98,no,True,0.02,2026-09-19T06:11:26.525258+00:00,2026-09-19T05:10:20.376347+00:00
KXBTCD-26SEP1902-T81399.99,KXBTCD-26SEP1902,6,no,0.96,no,True,0.04,2026-09-19T06:11:26.525340+00:00,2026-09-19T05:10:20.376403+00:00
KXBTCD-26SEP1902-T80899.99,KXBTCD-26SEP1902,7,yes,0.91,yes,True,0.0899999999999999,2026-09-19T06:11:26.525429+00:00,2026-09-19T05:10:20.376453+00:00
KXBTCD-26SEP1902-T80799.99,KXBTCD-26SEP1902,5,yes,0.96,yes,True,0.04,2026-09-19T06:11:26.525496+00:00,2026-09-19T05:10:20.376500+00:00
KXBTCD-26SEP1902-T80699.99,KXBTCD-26SEP1902,8,yes,0.97,yes,True,0.03,2026-09-19T06:11:26.525559+00:00,2026-09-19T05:10:20.376546+00:00
KXBTCD-26SEP1902-T80599.99,KXBTCD-26SEP1902,9,yes,0.98,yes,True,0.02,2026-09-19T06:11:26.525621+00:00,2026-09-19T05:10:20.376593+00:00
KXBTCD-26SEP1902-T81299.99,KXBTCD-26SEP1902,5,no,0.95,no,True,0.05,2026-09-19T06:11:26.525681+00:00,2026-09-19T05:20:18.771676+00:00
KXBTCD-26SEP1903-T81499.99,KXBTCD-26SEP1903,6,no,0.99,no,True,0.01,2026-09-19T07:10:19.197258+00:00,2026-09-19T06:00:26.296433+00:00
KXBTCD-26SEP1903-T81299.99,KXBTCD-26SEP1903,7,no,0.94,no,True,0.06,2026-09-19T07:10:19.197301+00:00,2026-09-19T06:00:26.296572+00:00
KXBTCD-26SEP1903-T80699.99,KXBTCD-26SEP1903,5,yes,0.97,yes,True,0.03,2026-09-19T07:10:19.197324+00:00,2026-09-19T06:00:26.296626+00:00
KXBTCD-26SEP1903-T81399.99,KXBTCD-26SEP1903,7,no,0.99,no,True,0.01,2026-09-19T07:10:19.197347+00:00,2026-09-19T06:11:26.533279+00:00
KXBTCD-26SEP1903-T81199.99,KXBTCD-26SEP1903,5,no,0.91,no,True,0.0899999999999999,2026-09-19T07:10:19.197368+00:00,2026-09-19T06:11:26.533388+00:00
KXBTCD-26SEP1903-T80599.99,KXBTCD-26SEP1903,9,yes,0.99,yes,True,0.01,2026-09-19T07:10:19.197389+00:00,2026-09-19T06:11:26.533477+00:00
KXBTCD-26SEP1903-T80399.99,KXBTCD-26SEP1903,10,yes,0.99,yes,True,0.01,2026-09-19T07:10:19.197413+00:00,2026-09-19T06:11:26.533537+00:00
KXBTCD-26SEP1903-T80499.99,KXBTCD-26SEP1903,10,yes,0.98,yes,True,0.02,2026-09-19T07:10:19.197432+00:00,2026-09-19T06:20:22.195095+00:00
KXBTCD-26SEP1904-T80799.99,KXBTCD-26SEP1904,5,yes,0.95,yes,True,0.05,2026-09-19T08:10:18.938518+00:00,2026-09-19T07:00:20.982819+00:00
KXBTCD-26SEP1904-T81499.99,KXBTCD-26SEP1904,10,no,0.99,no,True,0.01,2026-09-19T08:10:18.938594+00:00,2026-09-19T07:10:19.201872+00:00
KXBTCD-26SEP1904-T81399.99,KXBTCD-26SEP1904,8,no,0.98,no,True,0.02,2026-09-19T08:10:18.938657+00:00,2026-09-19T07:10:19.201900+00:00
KXBTCD-26SEP1904-T81299.99,KXBTCD-26SEP1904,5,no,0.96,no,True,0.04,2026-09-19T08:10:18.938720+00:00,2026-09-19T07:10:19.201919+00:00
KXBTCD-26SEP1904-T80699.99,KXBTCD-26SEP1904,6,yes,0.99,yes,True,0.01,2026-09-19T08:10:18.938781+00:00,2026-09-19T07:10:19.201947+00:00
KXBTCD-26SEP1904-T80599.99,KXBTCD-26SEP1904,9,yes,0.99,yes,True,0.01,2026-09-19T08:10:18.938877+00:00,2026-09-19T07:10:19.201963+00:00
KXBTCD-26SEP1904-T81599.99,KXBTCD-26SEP1904,10,no,0.98,no,True,0.02,2026-09-19T08:10:18.938956+00:00,2026-09-19T07:20:18.065091+00:00
KXBTCD-26SEP1904-T80899.99,KXBTCD-26SEP1904,5,yes,0.97,yes,True,0.03,2026-09-19T08:10:18.939019+00:00,2026-09-19T07:20:18.065222+00:00
KXBTCD-26SEP1905-T81499.99,KXBTCD-26SEP1905,5,no,0.98,no,True,0.02,2026-09-19T09:05:16.578857+00:00,2026-09-19T08:01:31.389680+00:00
KXBTCD-26SEP1905-T81299.99,KXBTCD-26SEP1905,6,no,0.9,no,True,0.0999999999999999,2026-09-19T09:05:16.578904+00:00,2026-09-19T08:01:31.389759+00:00
KXBTCD-26SEP1905-T80999.99,KXBTCD-26SEP1905,7,yes,0.74,yes,True,0.26,2026-09-19T09:05:16.578935+00:00,2026-09-19T08:01:31.389848+00:00
KXBTCD-26SEP1905-T80899.99,KXBTCD-26SEP1905,9,yes,0.9,yes,True,0.0999999999999999,2026-09-19T09:05:16.578965+00:00,2026-09-19T08:01:31.389895+00:00
KXBTCD-26SEP1905-T81399.99,KXBTCD-26SEP1905,7,no,0.93,no,True,0.0699999999999999,2026-09-19T09:05:16.578994+00:00,2026-09-19T08:10:18.946645+00:00
KXBTCD-26SEP1905-T80799.99,KXBTCD-26SEP1905,6,yes,0.98,yes,True,0.02,2026-09-19T09:05:16.579023+00:00,2026-09-19T08:10:18.946730+00:00
KXBTCD-26SEP1905-T80699.99,KXBTCD-26SEP1905,8,yes,0.99,yes,True,0.01,2026-09-19T09:05:16.579051+00:00,2026-09-19T08:10:18.946778+00:00
KXBTCD-26SEP1905-T80599.99,KXBTCD-26SEP1905,10,yes,0.99,yes,True,0.01,2026-09-19T09:05:16.579079+00:00,2026-09-19T08:10:18.946824+00:00
KXBTCD-26SEP1905-T81599.99,KXBTCD-26SEP1905,10,no,0.98,no,True,0.02,2026-09-19T09:05:16.579107+00:00,2026-09-19T08:20:23.060158+00:00
KXBTCD-26SEP1906-T81699.99,KXBTCD-26SEP1906,10,no,0.98,no,True,0.02,2026-09-19T10:05:21.793843+00:00,2026-09-19T09:05:16.584151+00:00
KXBTCD-26SEP1906-T81599.99,KXBTCD-26SEP1906,7,no,0.96,no,True,0.04,2026-09-19T10:05:21.793910+00:00,2026-09-19T09:05:16.584191+00:00
KXBTCD-26SEP1906-T81399.99,KXBTCD-26SEP1906,5,no,0.74,no,True,0.26,2026-09-19T10:05:21.793951+00:00,2026-09-19T09:05:16.584221+00:00
KXBTCD-26SEP1906-T80999.99,KXBTCD-26SEP1906,6,yes,0.96,yes,True,0.04,2026-09-19T10:05:21.793992+00:00,2026-09-19T09:05:16.584248+00:00
KXBTCD-26SEP1906-T80899.99,KXBTCD-26SEP1906,8,yes,0.98,yes,True,0.02,2026-09-19T10:05:21.794031+00:00,2026-09-19T09:05:16.584275+00:00
KXBTCD-26SEP1906-T80599.99,KXBTCD-26SEP1906,9,yes,0.99,yes,True,0.01,2026-09-19T10:05:21.794068+00:00,2026-09-19T09:05:16.584300+00:00
KXBTCD-26SEP1906-T81099.99,KXBTCD-26SEP1906,5,yes,0.95,yes,True,0.05,2026-09-19T10:05:21.794135+00:00,2026-09-19T09:10:15.665347+00:00
KXBTCD-26SEP1906-T81899.99,KXBTCD-26SEP1906,10,no,0.98,no,True,0.02,2026-09-19T10:05:21.794171+00:00,2026-09-19T09:15:19.087107+00:00
KXBTCD-26SEP1907-T81699.99,KXBTCD-26SEP1907,9,no,0.98,no,True,0.02,2026-09-19T11:05:18.155628+00:00,2026-09-19T10:05:21.801021+00:00
KXBTCD-26SEP1907-T81599.99,KXBTCD-26SEP1907,6,no,0.97,no,True,0.03,2026-09-19T11:05:18.155710+00:00,2026-09-19T10:05:21.801072+00:00
KXBTCD-26SEP1907-T81099.99,KXBTCD-26SEP1907,5,yes,0.85,yes,True,0.15,2026-09-19T11:05:18.155777+00:00,2026-09-19T10:05:21.801107+00:00
KXBTCD-26SEP1907-T80999.99,KXBTCD-26SEP1907,8,yes,0.95,yes,True,0.05,2026-09-19T11:05:18.155881+00:00,2026-09-19T10:05:21.801137+00:00
KXBTCD-26SEP1907-T80799.99,KXBTCD-26SEP1907,7,yes,0.98,yes,True,0.02,2026-09-19T11:05:18.155957+00:00,2026-09-19T10:05:21.801167+00:00
KXBTCD-26SEP1907-T80599.99,KXBTCD-26SEP1907,10,yes,0.98,yes,True,0.02,2026-09-19T11:05:18.156021+00:00,2026-09-19T10:05:21.801196+00:00
KXBTCD-26SEP1907-T81499.99,KXBTCD-26SEP1907,5,no,0.94,no,True,0.06,2026-09-19T11:05:18.156082+00:00,2026-09-19T10:10:22.427466+00:00
KXBTCD-26SEP1907-T80899.99,KXBTCD-26SEP1907,8,yes,0.98,yes,True,0.02,2026-09-19T11:05:18.156144+00:00,2026-09-19T10:10:22.427645+00:00
KXBTCD-26SEP1908-T81699.99,KXBTCD-26SEP1908,8,no,0.98,no,True,0.02,2026-09-19T12:05:21.087397+00:00,2026-09-19T11:05:18.163220+00:00
KXBTCD-26SEP1908-T81599.99,KXBTCD-26SEP1908,7,no,0.96,no,True,0.04,2026-09-19T12:05:21.087459+00:00,2026-09-19T11:05:18.163283+00:00
KXBTCD-26SEP1908-T81499.99,KXBTCD-26SEP1908,6,no,0.92,no,True,0.0799999999999999,2026-09-19T12:05:21.087501+00:00,2026-09-19T11:05:18.163337+00:00
KXBTCD-26SEP1908-T80899.99,KXBTCD-26SEP1908,9,yes,0.97,yes,True,0.03,2026-09-19T12:05:21.087550+00:00,2026-09-19T11:05:18.163424+00:00
KXBTCD-26SEP1908-T80599.99,KXBTCD-26SEP1908,10,yes,0.98,yes,True,0.02,2026-09-19T12:05:21.087595+00:00,2026-09-19T11:05:18.163473+00:00
KXBTCD-26SEP1908-T80999.99,KXBTCD-26SEP1908,5,yes,0.97,yes,True,0.03,2026-09-19T12:05:21.087638+00:00,2026-09-19T11:10:23.353082+00:00
KXBTCD-26SEP1908-T80299.99,KXBTCD-26SEP1908,10,yes,0.99,yes,True,0.01,2026-09-19T12:05:21.087676+00:00,2026-09-19T11:50:16.851429+00:00
KXBTCD-26SEP1909-T81499.99,KXBTCD-26SEP1909,5,no,0.93,no,True,0.0699999999999999,2026-09-19T13:05:21.980981+00:00,2026-09-19T12:00:21.031267+00:00
KXBTCD-26SEP1909-T81099.99,KXBTCD-26SEP1909,6,yes,0.91,yes,True,0.0899999999999999,2026-09-19T13:05:21.981024+00:00,2026-09-19T12:00:21.031401+00:00
KXBTCD-26SEP1909-T81599.99,KXBTCD-26SEP1909,6,no,0.97,no,True,0.03,2026-09-19T13:05:21.981048+00:00,2026-09-19T12:05:21.094091+00:00
KXBTCD-26SEP1909-T80999.99,KXBTCD-26SEP1909,7,yes,0.97,yes,True,0.03,2026-09-19T13:05:21.981069+00:00,2026-09-19T12:05:21.094161+00:00
KXBTCD-26SEP1909-T80899.99,KXBTCD-26SEP1909,9,yes,0.98,yes,True,0.02,2026-09-19T13:05:21.981090+00:00,2026-09-19T12:05:21.094193+00:00
KXBTCD-26SEP1909-T80799.99,KXBTCD-26SEP1909,10,yes,0.98,yes,True,0.02,2026-09-19T13:05:21.981111+00:00,2026-09-19T12:05:21.094222+00:00
KXBTCD-26SEP1909-T80599.99,KXBTCD-26SEP1909,8,yes,0.98,yes,True,0.02,2026-09-19T13:05:21.981131+00:00,2026-09-19T12:05:21.094249+00:00
KXBTCD-26SEP1909-T81899.99,KXBTCD-26SEP1909,9,no,0.98,no,True,0.02,2026-09-19T13:05:21.981153+00:00,2026-09-19T12:10:24.161694+00:00
KXBTCD-26SEP1909-T81699.99,KXBTCD-26SEP1909,9,no,0.98,no,True,0.02,2026-09-19T13:05:21.981197+00:00,2026-09-19T12:15:19.965174+00:00
KXBTCD-26SEP1910-T81799.99,KXBTCD-26SEP1910,10,no,0.98,no,True,0.02,2026-09-19T14:05:21.410006+00:00,2026-09-19T13:05:21.985297+00:00
KXBTCD-26SEP1910-T81699.99,KXBTCD-26SEP1910,8,no,0.97,no,True,0.03,2026-09-19T14:05:21.410089+00:00,2026-09-19T13:05:21.985326+00:00
KXBTCD-26SEP1910-T81599.99,KXBTCD-26SEP1910,6,no,0.95,no,True,0.05,2026-09-19T14:05:21.410158+00:00,2026-09-19T13:05:21.985347+00:00
KXBTCD-26SEP1910-T81099.99,KXBTCD-26SEP1910,5,yes,0.92,yes,True,0.0799999999999999,2026-09-19T14:05:21.410222+00:00,2026-09-19T13:05:21.985365+00:00
KXBTCD-26SEP1910-T80999.99,KXBTCD-26SEP1910,7,yes,0.97,yes,True,0.03,2026-09-19T14:05:21.410284+00:00,2026-09-19T13:05:21.985383+00:00
KXBTCD-26SEP1910-T80799.99,KXBTCD-26SEP1910,9,yes,0.99,yes,True,0.01,2026-09-19T14:05:21.410353+00:00,2026-09-19T13:05:21.985400+00:00
KXBTCD-26SEP1910-T80899.99,KXBTCD-26SEP1910,9,yes,0.98,yes,True,0.02,2026-09-19T14:05:21.410460+00:00,2026-09-19T13:10:19.257921+00:00
KXBTCD-26SEP1910-T81499.99,KXBTCD-26SEP1910,5,no,0.94,no,True,0.06,2026-09-19T14:05:21.410545+00:00,2026-09-19T13:15:18.176476+00:00
KXBTCD-26SEP1911-T81799.99,KXBTCD-26SEP1911,10,no,0.99,no,True,0.01,2026-09-19T15:05:20.909997+00:00,2026-09-19T14:05:21.417541+00:00
KXBTCD-26SEP1911-T81699.99,KXBTCD-26SEP1911,7,no,0.97,no,True,0.03,2026-09-19T15:05:20.910089+00:00,2026-09-19T14:05:21.417604+00:00
KXBTCD-26SEP1911-T81599.99,KXBTCD-26SEP1911,5,no,0.94,no,True,0.06,2026-09-19T15:05:20.910167+00:00,2026-09-19T14:05:21.417656+00:00
KXBTCD-26SEP1911-T81099.99,KXBTCD-26SEP1911,6,yes,0.94,yes,True,0.06,2026-09-19T15:05:20.910230+00:00,2026-09-19T14:05:21.417705+00:00
KXBTCD-26SEP1911-T80999.99,KXBTCD-26SEP1911,8,yes,0.97,yes,True,0.03,2026-09-19T15:05:20.910291+00:00,2026-09-19T14:05:21.417753+00:00
KXBTCD-26SEP1911-T80899.99,KXBTCD-26SEP1911,9,yes,0.99,yes,True,0.01,2026-09-19T15:05:20.910352+00:00,2026-09-19T14:05:21.417801+00:00
KXBTCD-26SEP1911-T81199.99,KXBTCD-26SEP1911,5,yes,0.89,yes,True,0.1099999999999999,2026-09-19T15:05:20.910412+00:00,2026-09-19T14:10:19.960722+00:00
KXBTCD-26SEP1911-T81899.99,KXBTCD-26SEP1911,10,no,0.98,no,True,0.02,2026-09-19T15:05:20.910473+00:00,2026-09-19T14:25:20.460788+00:00
KXBTCD-26SEP1912-T81799.99,KXBTCD-26SEP1912,5,no,0.91,no,True,0.0899999999999999,2026-09-19T16:05:20.854938+00:00,2026-09-19T15:00:22.959198+00:00
KXBTCD-26SEP1912-T81299.99,KXBTCD-26SEP1912,6,yes,0.91,yes,True,0.0899999999999999,2026-09-19T16:05:20.854996+00:00,2026-09-19T15:00:22.959275+00:00
KXBTCD-26SEP1912-T81999.99,KXBTCD-26SEP1912,9,no,0.95,no,True,0.05,2026-09-19T16:05:20.855037+00:00,2026-09-19T15:05:20.917751+00:00
KXBTCD-26SEP1912-T81899.99,KXBTCD-26SEP1912,8,no,0.89,no,True,0.1099999999999999,2026-09-19T16:05:20.855076+00:00,2026-09-19T15:05:20.917813+00:00
KXBTCD-26SEP1912-T81199.99,KXBTCD-26SEP1912,7,yes,0.98,yes,True,0.02,2026-09-19T16:05:20.855113+00:00,2026-09-19T15:05:20.917932+00:00
KXBTCD-26SEP1912-T81099.99,KXBTCD-26SEP1912,10,yes,0.99,yes,True,0.01,2026-09-19T16:05:20.855152+00:00,2026-09-19T15:05:20.918010+00:00
KXBTCD-26SEP1912-T82099.99,KXBTCD-26SEP1912,10,no,0.97,no,True,0.03,2026-09-19T16:05:20.855190+00:00,2026-09-19T15:10:21.766747+00:00
KXBTCD-26SEP1912-T81399.99,KXBTCD-26SEP1912,5,yes,0.95,yes,True,0.05,2026-09-19T16:05:20.855226+00:00,2026-09-19T15:10:21.766955+00:00
KXBTCD-26SEP1912-T82199.99,KXBTCD-26SEP1912,10,no,0.98,no,True,0.02,2026-09-19T16:05:20.855261+00:00,2026-09-19T15:45:27.942434+00:00
KXBTCD-26SEP1912-T81499.99,KXBTCD-26SEP1912,5,yes,0.95,yes,True,0.05,2026-09-19T16:05:20.855298+00:00,2026-09-19T15:50:56.921715+00:00
KXBTCD-26SEP1913-T82099.99,KXBTCD-26SEP1913,10,no,0.97,no,True,0.03,2026-09-19T17:05:21.004325+00:00,2026-09-19T16:05:20.861552+00:00
KXBTCD-26SEP1913-T81999.99,KXBTCD-26SEP1913,8,no,0.97,no,True,0.03,2026-09-19T17:05:21.004406+00:00,2026-09-19T16:05:20.861599+00:00
KXBTCD-26SEP1913-T81899.99,KXBTCD-26SEP1913,7,no,0.95,no,True,0.05,2026-09-19T17:05:21.004471+00:00,2026-09-19T16:05:20.861636+00:00
KXBTCD-26SEP1913-T81399.99,KXBTCD-26SEP1913,5,yes,0.65,yes,True,0.35,2026-09-19T17:05:21.004559+00:00,2026-09-19T16:05:20.861666+00:00
KXBTCD-26SEP1913-T81299.99,KXBTCD-26SEP1913,6,yes,0.81,yes,True,0.1899999999999999,2026-09-19T17:05:21.004640+00:00,2026-09-19T16:05:20.861695+00:00
KXBTCD-26SEP1913-T81199.99,KXBTCD-26SEP1913,9,yes,0.91,yes,True,0.0899999999999999,2026-09-19T17:05:21.004706+00:00,2026-09-19T16:05:20.861721+00:00
KXBTCD-26SEP1913-T81799.99,KXBTCD-26SEP1913,5,no,0.75,yes,False,-0.75,2026-09-19T17:05:21.004769+00:00,2026-09-19T16:10:56.735245+00:00
KXBTCD-26SEP1913-T80999.99,KXBTCD-26SEP1913,10,yes,0.98,yes,True,0.02,2026-09-19T17:05:21.004832+00:00,2026-09-19T16:10:56.735382+00:00
KXBTCD-26SEP1913-T82199.99,KXBTCD-26SEP1913,10,no,0.98,no,True,0.02,2026-09-19T17:05:21.004895+00:00,2026-09-19T16:40:57.190044+00:00
KXBTCD-26SEP1913-T81499.99,KXBTCD-26SEP1913,5,yes,0.98,yes,True,0.02,2026-09-19T17:05:21.004958+00:00,2026-09-19T16:40:57.190190+00:00
KXBTCD-26SEP1914-T82199.99,KXBTCD-26SEP1914,8,no,0.98,no,True,0.02,2026-09-19T18:05:19.304782+00:00,2026-09-19T17:05:21.011988+00:00
KXBTCD-26SEP1914-T82099.99,KXBTCD-26SEP1914,9,no,0.97,no,True,0.03,2026-09-19T18:05:19.304836+00:00,2026-09-19T17:05:21.012052+00:00
KXBTCD-26SEP1914-T81999.99,KXBTCD-26SEP1914,5,no,0.91,no,True,0.0899999999999999,2026-09-19T18:05:19.304867+00:00,2026-09-19T17:05:21.012105+00:00
KXBTCD-26SEP1914-T81499.99,KXBTCD-26SEP1914,6,yes,0.96,no,False,-0.96,2026-09-19T18:05:19.304896+00:00,2026-09-19T17:05:21.012155+00:00
KXBTCD-26SEP1914-T81399.99,KXBTCD-26SEP1914,7,yes,0.98,yes,True,0.02,2026-09-19T18:05:19.304925+00:00,2026-09-19T17:05:21.012205+00:00
KXBTCD-26SEP1914-T81299.99,KXBTCD-26SEP1914,10,yes,0.98,yes,True,0.02,2026-09-19T18:05:19.304979+00:00,2026-09-19T17:05:21.012253+00:00
KXBTCD-26SEP1914-T82399.99,KXBTCD-26SEP1914,10,no,0.99,no,True,0.01,2026-09-19T18:05:19.305037+00:00,2026-09-19T17:10:21.230967+00:00
KXBTCD-26SEP1914-T81899.99,KXBTCD-26SEP1914,5,no,0.96,no,True,0.04,2026-09-19T18:05:19.305071+00:00,2026-09-19T17:25:17.820015+00:00
KXBTCD-26SEP1914-T81199.99,KXBTCD-26SEP1914,10,yes,0.96,yes,True,0.04,2026-09-19T18:05:19.305101+00:00,2026-09-19T17:30:24.655352+00:00
KXBTCD-26SEP1914-T81799.99,KXBTCD-26SEP1914,5,no,0.99,no,True,0.01,2026-09-19T18:05:19.305129+00:00,2026-09-19T17:55:26.372834+00:00
KXBTCD-26SEP1915-T81899.99,KXBTCD-26SEP1915,7,no,0.97,no,True,0.03,2026-09-19T19:05:18.287848+00:00,2026-09-19T18:05:19.310504+00:00
KXBTCD-26SEP1915-T81799.99,KXBTCD-26SEP1915,8,no,0.96,no,True,0.04,2026-09-19T19:05:18.287902+00:00,2026-09-19T18:05:19.310546+00:00
KXBTCD-26SEP1915-T81299.99,KXBTCD-26SEP1915,5,yes,0.85,yes,True,0.15,2026-09-19T19:05:18.287936+00:00,2026-09-19T18:05:19.310576+00:00
KXBTCD-26SEP1915-T81199.99,KXBTCD-26SEP1915,6,yes,0.94,yes,True,0.06,2026-09-19T19:05:18.287968+00:00,2026-09-19T18:05:19.310603+00:00
KXBTCD-26SEP1915-T81099.99,KXBTCD-26SEP1915,9,yes,0.97,yes,True,0.03,2026-09-19T19:05:18.287999+00:00,2026-09-19T18:05:19.310629+00:00
KXBTCD-26SEP1915-T80999.99,KXBTCD-26SEP1915,10,yes,0.99,yes,True,0.01,2026-09-19T19:05:18.288035+00:00,2026-09-19T18:05:19.310655+00:00
KXBTCD-26SEP1915-T82099.99,KXBTCD-26SEP1915,10,no,0.98,no,True,0.02,2026-09-19T19:05:18.288067+00:00,2026-09-19T18:10:19.853827+00:00
KXBTCD-26SEP1915-T81699.99,KXBTCD-26SEP1915,5,no,0.93,no,True,0.0699999999999999,2026-09-19T19:05:18.288100+00:00,2026-09-19T18:25:20.940776+00:00
KXBTCD-26SEP1916-T81899.99,KXBTCD-26SEP1916,10,no,0.98,no,True,0.02,2026-09-19T20:05:18.140953+00:00,2026-09-19T19:05:18.293744+00:00
KXBTCD-26SEP1916-T81799.99,KXBTCD-26SEP1916,9,no,0.98,no,True,0.02,2026-09-19T20:05:18.141037+00:00,2026-09-19T19:05:18.293786+00:00
KXBTCD-26SEP1916-T81699.99,KXBTCD-26SEP1916,6,no,0.95,no,True,0.05,2026-09-19T20:05:18.141102+00:00,2026-09-19T19:05:18.293815+00:00
KXBTCD-26SEP1916-T81599.99,KXBTCD-26SEP1916,5,no,0.88,no,True,0.12,2026-09-19T20:05:18.141165+00:00,2026-09-19T19:05:18.293841+00:00
KXBTCD-26SEP1916-T81099.99,KXBTCD-26SEP1916,7,yes,0.97,yes,True,0.03,2026-09-19T20:05:18.141227+00:00,2026-09-19T19:05:18.293865+00:00
KXBTCD-26SEP1916-T80999.99,KXBTCD-26SEP1916,8,yes,0.98,yes,True,0.02,2026-09-19T20:05:18.141290+00:00,2026-09-19T19:05:18.293889+00:00
KXBTCD-26SEP1916-T81999.99,KXBTCD-26SEP1916,10,no,0.99,no,True,0.01,2026-09-19T20:05:18.141351+00:00,2026-09-19T19:10:21.970372+00:00
KXBTCD-26SEP1917-T82749.99,KXBTCD-26SEP1917,8,no,0.94,no,True,0.06,2026-09-19T21:05:18.853482+00:00,2026-09-18T20:10:25.894032+00:00
KXBTCD-26SEP1917-T82499.99,KXBTCD-26SEP1917,9,no,0.92,no,True,0.0799999999999999,2026-09-19T21:05:18.853635+00:00,2026-09-18T20:10:25.894064+00:00
KXBTCD-26SEP1917-T81749.99,KXBTCD-26SEP1917,6,no,0.78,no,True,0.2199999999999999,2026-09-19T21:05:18.853734+00:00,2026-09-18T20:10:25.894086+00:00
KXBTCD-26SEP1917-T81249.99,KXBTCD-26SEP1917,10,no,0.62,no,True,0.38,2026-09-19T21:05:18.853812+00:00,2026-09-18T20:10:25.894105+00:00
KXBTCD-26SEP1917-T80499.99,KXBTCD-26SEP1917,7,yes,0.68,yes,True,0.3199999999999999,2026-09-19T21:05:18.853887+00:00,2026-09-18T20:10:25.894138+00:00
KXBTCD-26SEP1917-T81999.99,KXBTCD-26SEP1917,5,no,0.81,no,True,0.1899999999999999,2026-09-19T21:05:18.853959+00:00,2026-09-18T20:20:20.170361+00:00
KXBTCD-26SEP1917-T81499.99,KXBTCD-26SEP1917,6,no,0.68,no,True,0.3199999999999999,2026-09-19T21:05:18.854032+00:00,2026-09-18T20:20:20.170418+00:00
KXBTCD-26SEP1917-T82249.99,KXBTCD-26SEP1917,8,no,0.88,no,True,0.12,2026-09-19T21:05:18.854285+00:00,2026-09-18T20:40:21.267272+00:00
KXBTCD-26SEP1917-T80749.99,KXBTCD-26SEP1917,9,yes,0.6,yes,True,0.4,2026-09-19T21:05:18.854351+00:00,2026-09-18T20:40:21.267377+00:00
KXBTCD-26SEP1917-T80249.99,KXBTCD-26SEP1917,6,yes,0.77,yes,True,0.2299999999999999,2026-09-19T21:05:18.854420+00:00,2026-09-18T20:40:21.267462+00:00
KXBTCD-26SEP1917-T79499.99,KXBTCD-26SEP1917,5,yes,0.9,yes,True,0.0999999999999999,2026-09-19T21:05:18.854487+00:00,2026-09-18T20:40:21.267511+00:00
KXBTCD-26SEP1917-T69749.99,KXBTCD-26SEP1917,6,yes,0.99,yes,True,0.01,2026-09-19T21:05:18.854630+00:00,2026-09-18T21:00:25.143770+00:00
KXBTCD-26SEP1917-T78999.99,KXBTCD-26SEP1917,5,yes,0.95,yes,True,0.05,2026-09-19T21:05:18.854944+00:00,2026-09-18T21:20:24.269104+00:00
KXBTCD-26SEP1917-T82999.99,KXBTCD-26SEP1917,10,no,0.95,no,True,0.05,2026-09-19T21:05:18.855103+00:00,2026-09-18T22:20:25.718534+00:00
KXBTCD-26SEP1917-T79999.99,KXBTCD-26SEP1917,10,yes,0.91,yes,True,0.0899999999999999,2026-09-19T21:05:18.855163+00:00,2026-09-18T22:30:23.237647+00:00
KXBTCD-26SEP1917-T79749.99,KXBTCD-26SEP1917,5,yes,0.93,yes,True,0.0699999999999999,2026-09-19T21:05:18.855222+00:00,2026-09-18T23:10:24.481375+00:00
KXBTCD-26SEP1918-T81499.99,KXBTCD-26SEP1918,7,no,0.95,no,True,0.05,2026-09-19T22:05:27.968317+00:00,2026-09-19T21:00:59.390809+00:00
KXBTCD-26SEP1918-T81399.99,KXBTCD-26SEP1918,6,no,0.91,no,True,0.0899999999999999,2026-09-19T22:05:27.968396+00:00,2026-09-19T21:00:59.390873+00:00
KXBTCD-26SEP1918-T81299.99,KXBTCD-26SEP1918,5,no,0.8,no,True,0.1999999999999999,2026-09-19T22:05:27.968463+00:00,2026-09-19T21:00:59.390923+00:00
KXBTCD-26SEP1918-T81799.99,KXBTCD-26SEP1918,8,no,0.98,no,True,0.02,2026-09-19T22:05:27.968624+00:00,2026-09-19T21:05:18.863338+00:00
KXBTCD-26SEP1918-T81599.99,KXBTCD-26SEP1918,9,no,0.97,no,True,0.03,2026-09-19T22:05:27.968686+00:00,2026-09-19T21:05:18.863390+00:00
KXBTCD-26SEP1918-T80899.99,KXBTCD-26SEP1918,6,yes,0.91,yes,True,0.0899999999999999,2026-09-19T22:05:27.968750+00:00,2026-09-19T21:05:18.863496+00:00
KXBTCD-26SEP1918-T80799.99,KXBTCD-26SEP1918,10,yes,0.96,yes,True,0.04,2026-09-19T22:05:27.968812+00:00,2026-09-19T21:05:18.863544+00:00
KXBTCD-26SEP1918-T80699.99,KXBTCD-26SEP1918,9,yes,0.92,yes,True,0.0799999999999999,2026-09-19T22:05:27.968871+00:00,2026-09-19T21:15:22.062258+00:00
KXBTCD-26SEP1918-T80599.99,KXBTCD-26SEP1918,10,yes,0.96,yes,True,0.04,2026-09-19T22:05:27.968930+00:00,2026-09-19T21:15:22.062322+00:00
KXBTCD-26SEP1919-T81399.99,KXBTCD-26SEP1919,9,no,0.97,no,True,0.03,2026-09-19T23:05:21.267314+00:00,2026-09-19T22:05:27.976324+00:00
KXBTCD-26SEP1919-T81199.99,KXBTCD-26SEP1919,5,no,0.88,yes,False,-0.88,2026-09-19T23:05:21.267394+00:00,2026-09-19T22:05:27.976380+00:00
KXBTCD-26SEP1919-T81099.99,KXBTCD-26SEP1919,6,no,0.75,yes,False,-0.75,2026-09-19T23:05:21.267459+00:00,2026-09-19T22:05:27.976430+00:00
KXBTCD-26SEP1919-T80699.99,KXBTCD-26SEP1919,7,yes,0.93,yes,True,0.0699999999999999,2026-09-19T23:05:21.267520+00:00,2026-09-19T22:05:27.976477+00:00
KXBTCD-26SEP1919-T80599.99,KXBTCD-26SEP1919,8,yes,0.96,yes,True,0.04,2026-09-19T23:05:21.267581+00:00,2026-09-19T22:05:27.976521+00:00
KXBTCD-26SEP1919-T80499.99,KXBTCD-26SEP1919,10,yes,0.98,yes,True,0.02,2026-09-19T23:05:21.267650+00:00,2026-09-19T22:05:27.976568+00:00
KXBTCD-26SEP1919-T81299.99,KXBTCD-26SEP1919,6,no,0.93,no,True,0.0699999999999999,2026-09-19T23:05:21.267712+00:00,2026-09-19T22:10:20.773251+00:00
KXBTCD-26SEP1919-T81499.99,KXBTCD-26SEP1919,10,no,0.99,no,True,0.01,2026-09-19T23:05:21.267776+00:00,2026-09-19T22:15:26.593306+00:00
KXBTCD-26SEP1919-T80799.99,KXBTCD-26SEP1919,5,yes,0.99,yes,True,0.01,2026-09-19T23:05:21.267838+00:00,2026-09-19T22:41:26.716744+00:00
KXBTCD-26SEP1919-T80899.99,KXBTCD-26SEP1919,5,yes,0.99,yes,True,0.01,2026-09-19T23:05:21.267899+00:00,2026-09-19T22:55:28.155271+00:00
KXBTCD-26SEP1920-T87199.99,KXBTCD-26SEP1920,8,no,0.99,no,True,0.01,2026-09-20T00:05:21.823608+00:00,2026-09-19T23:05:21.275258+00:00
KXBTCD-26SEP1920-T81699.99,KXBTCD-26SEP1920,9,no,0.98,no,True,0.02,2026-09-20T00:05:21.823654+00:00,2026-09-19T23:05:21.275316+00:00
KXBTCD-26SEP1920-T81599.99,KXBTCD-26SEP1920,7,no,0.98,no,True,0.02,2026-09-20T00:05:21.823684+00:00,2026-09-19T23:05:21.275367+00:00
KXBTCD-26SEP1920-T81099.99,KXBTCD-26SEP1920,5,yes,0.85,yes,True,0.15,2026-09-20T00:05:21.823711+00:00,2026-09-19T23:05:21.275415+00:00
KXBTCD-26SEP1920-T80999.99,KXBTCD-26SEP1920,6,yes,0.95,yes,True,0.05,2026-09-20T00:05:21.823739+00:00,2026-09-19T23:05:21.275462+00:00
KXBTCD-26SEP1920-T80899.99,KXBTCD-26SEP1920,10,yes,0.98,yes,True,0.02,2026-09-20T00:05:21.823766+00:00,2026-09-19T23:05:21.275510+00:00
KXBTCD-26SEP1920-T81499.99,KXBTCD-26SEP1920,5,no,0.96,no,True,0.04,2026-09-20T00:05:21.823814+00:00,2026-09-19T23:10:24.271311+00:00
KXBTCD-26SEP1921-T81599.99,KXBTCD-26SEP1921,8,no,0.98,no,True,0.02,2026-09-20T01:05:25.173402+00:00,2026-09-20T00:05:21.828940+00:00
KXBTCD-26SEP1921-T81499.99,KXBTCD-26SEP1921,7,no,0.96,no,True,0.04,2026-09-20T01:05:25.173456+00:00,2026-09-20T00:05:21.828973+00:00
KXBTCD-26SEP1921-T80999.99,KXBTCD-26SEP1921,5,yes,0.88,yes,True,0.12,2026-09-20T01:05:25.173490+00:00,2026-09-20T00:05:21.828995+00:00
KXBTCD-26SEP1921-T80899.99,KXBTCD-26SEP1921,6,yes,0.96,yes,True,0.04,2026-09-20T01:05:25.173521+00:00,2026-09-20T00:05:21.829016+00:00
KXBTCD-26SEP1921-T80799.99,KXBTCD-26SEP1921,9,yes,0.98,yes,True,0.02,2026-09-20T01:05:25.173555+00:00,2026-09-20T00:05:21.829035+00:00
KXBTCD-26SEP1921-T80699.99,KXBTCD-26SEP1921,10,yes,0.99,yes,True,0.01,2026-09-20T01:05:25.173587+00:00,2026-09-20T00:05:21.829055+00:00
KXBTCD-26SEP1921-T81699.99,KXBTCD-26SEP1921,10,no,0.99,no,True,0.01,2026-09-20T01:05:25.173619+00:00,2026-09-20T00:10:22.033378+00:00
KXBTCD-26SEP1921-T81399.99,KXBTCD-26SEP1921,5,no,0.87,no,True,0.13,2026-09-20T01:05:25.173649+00:00,2026-09-20T00:10:22.033474+00:00
KXBTCD-26SEP1921-T80399.99,KXBTCD-26SEP1921,9,yes,0.99,yes,True,0.01,2026-09-20T01:05:25.173681+00:00,2026-09-20T01:00:20.881502+00:00
KXBTCD-26SEP1922-T81599.99,KXBTCD-26SEP1922,8,no,0.98,no,True,0.02,2026-09-20T02:05:18.788643+00:00,2026-09-20T01:05:25.179619+00:00
KXBTCD-26SEP1922-T81499.99,KXBTCD-26SEP1922,6,no,0.96,no,True,0.04,2026-09-20T02:05:18.788723+00:00,2026-09-20T01:05:25.179656+00:00
KXBTCD-26SEP1922-T81099.99,KXBTCD-26SEP1922,5,yes,0.89,no,False,-0.89,2026-09-20T02:05:18.788787+00:00,2026-09-20T01:05:25.179682+00:00
KXBTCD-26SEP1922-T80999.99,KXBTCD-26SEP1922,7,yes,0.96,yes,True,0.04,2026-09-20T02:05:18.788849+00:00,2026-09-20T01:05:25.179705+00:00
KXBTCD-26SEP1922-T80899.99,KXBTCD-26SEP1922,9,yes,0.99,yes,True,0.01,2026-09-20T02:05:18.788913+00:00,2026-09-20T01:05:25.179728+00:00
KXBTCD-26SEP1922-T80699.99,KXBTCD-26SEP1922,10,yes,0.99,yes,True,0.01,2026-09-20T02:05:18.788973+00:00,2026-09-20T01:05:25.179750+00:00
KXBTCD-26SEP1922-T81699.99,KXBTCD-26SEP1922,10,no,0.99,no,True,0.01,2026-09-20T02:05:18.789034+00:00,2026-09-20T01:10:19.880897+00:00
KXBTCD-26SEP1922-T81399.99,KXBTCD-26SEP1922,5,no,0.95,no,True,0.05,2026-09-20T02:05:18.789094+00:00,2026-09-20T01:12:47.387938+00:00
KXBTCD-26SEP1922-T80799.99,KXBTCD-26SEP1922,10,yes,0.99,yes,True,0.01,2026-09-20T02:05:18.789156+00:00,2026-09-20T01:12:47.388059+00:00
KXBTCD-26SEP1922-T68599.99,KXBTCD-26SEP1922,5,yes,0.99,yes,True,0.01,2026-09-20T02:05:18.789216+00:00,2026-09-20T01:20:17.676412+00:00
KXBTCD-26SEP1923-T81499.99,KXBTCD-26SEP1923,9,no,0.98,no,True,0.02,2026-09-20T03:05:23.552403+00:00,2026-09-20T02:05:18.796582+00:00
KXBTCD-26SEP1923-T81399.99,KXBTCD-26SEP1923,7,no,0.97,no,True,0.03,2026-09-20T03:05:23.552449+00:00,2026-09-20T02:05:18.796639+00:00
KXBTCD-26SEP1923-T80899.99,KXBTCD-26SEP1923,5,yes,0.9,no,False,-0.9,2026-09-20T03:05:23.552478+00:00,2026-09-20T02:05:18.796690+00:00
KXBTCD-26SEP1923-T80799.99,KXBTCD-26SEP1923,6,yes,0.97,no,False,-0.97,2026-09-20T03:05:23.552505+00:00,2026-09-20T02:05:18.796737+00:00
KXBTCD-26SEP1923-T80699.99,KXBTCD-26SEP1923,8,yes,0.98,no,False,-0.98,2026-09-20T03:05:23.552533+00:00,2026-09-20T02:05:18.796782+00:00
KXBTCD-26SEP1923-T80599.99,KXBTCD-26SEP1923,10,yes,0.99,no,False,-0.99,2026-09-20T03:05:23.552560+00:00,2026-09-20T02:05:18.796827+00:00
KXBTCD-26SEP1923-T81599.99,KXBTCD-26SEP1923,10,no,0.98,no,True,0.02,2026-09-20T03:05:23.552587+00:00,2026-09-20T02:10:26.336713+00:00
KXBTCD-26SEP1923-T81799.99,KXBTCD-26SEP1923,10,no,0.98,no,True,0.02,2026-09-20T03:05:23.552613+00:00,2026-09-20T02:15:23.482532+00:00
KXBTCD-26SEP1923-T81299.99,KXBTCD-26SEP1923,5,no,0.95,no,True,0.05,2026-09-20T03:05:23.552638+00:00,2026-09-20T02:20:18.786969+00:00
KXBTCD-26SEP1923-T81199.99,KXBTCD-26SEP1923,5,no,0.99,no,True,0.01,2026-09-20T03:05:23.552677+00:00,2026-09-20T02:45:20.568434+00:00
KXBTCD-26SEP1923-T80499.99,KXBTCD-26SEP1923,9,yes,0.71,no,False,-0.71,2026-09-20T03:05:23.552714+00:00,2026-09-20T02:45:20.568560+00:00
KXBTCD-26SEP1923-T80399.99,KXBTCD-26SEP1923,10,yes,0.9,no,False,-0.9,2026-09-20T03:05:23.552741+00:00,2026-09-20T02:50:20.287295+00:00
KXBTCD-26SEP1923-T80299.99,KXBTCD-26SEP1923,10,yes,0.93,no,False,-0.93,2026-09-20T03:05:23.552769+00:00,2026-09-20T02:55:17.378272+00:00
KXBTCD-26SEP1923-T81099.99,KXBTCD-26SEP1923,8,no,0.99,no,True,0.01,2026-09-20T03:05:23.552796+00:00,2026-09-20T03:00:19.595378+00:00
KXBTCD-26SEP2000-T80699.99,KXBTCD-26SEP2000,9,no,0.87,no,True,0.13,2026-09-20T04:05:24.979090+00:00,2026-09-20T03:05:23.557926+00:00
KXBTCD-26SEP2000-T80499.99,KXBTCD-26SEP2000,6,no,0.69,no,True,0.31,2026-09-20T04:05:24.979142+00:00,2026-09-20T03:05:23.557956+00:00
KXBTCD-26SEP2000-T80099.99,KXBTCD-26SEP2000,7,yes,0.79,yes,True,0.2099999999999999,2026-09-20T04:05:24.979171+00:00,2026-09-20T03:05:23.557980+00:00
KXBTCD-26SEP2000-T79899.99,KXBTCD-26SEP2000,5,yes,0.92,yes,True,0.0799999999999999,2026-09-20T04:05:24.979198+00:00,2026-09-20T03:05:23.558000+00:00
KXBTCD-26SEP2000-T79799.99,KXBTCD-26SEP2000,8,yes,0.94,yes,True,0.06,2026-09-20T04:05:24.979225+00:00,2026-09-20T03:05:23.558019+00:00
KXBTCD-26SEP2000-T79699.99,KXBTCD-26SEP2000,10,yes,0.96,yes,True,0.04,2026-09-20T04:05:24.979252+00:00,2026-09-20T03:05:23.558038+00:00
KXBTCD-26SEP2000-T80799.99,KXBTCD-26SEP2000,10,no,0.93,no,True,0.0699999999999999,2026-09-20T04:05:24.979279+00:00,2026-09-20T03:10:24.010803+00:00
KXBTCD-26SEP2000-T80599.99,KXBTCD-26SEP2000,9,no,0.76,no,True,0.24,2026-09-20T04:05:24.979305+00:00,2026-09-20T03:10:24.010871+00:00
KXBTCD-26SEP2000-T79999.99,KXBTCD-26SEP2000,5,yes,0.94,yes,True,0.06,2026-09-20T04:05:24.979331+00:00,2026-09-20T03:25:18.542185+00:00
KXBTCD-26SEP2001-T80899.99,KXBTCD-26SEP2001,10,no,0.95,no,True,0.05,2026-09-20T05:05:19.234557+00:00,2026-09-20T04:05:24.984783+00:00
KXBTCD-26SEP2001-T80799.99,KXBTCD-26SEP2001,8,no,0.92,no,True,0.0799999999999999,2026-09-20T05:05:19.234608+00:00,2026-09-20T04:05:24.984821+00:00
KXBTCD-26SEP2001-T80599.99,KXBTCD-26SEP2001,7,no,0.72,no,True,0.28,2026-09-20T05:05:19.234640+00:00,2026-09-20T04:05:24.984845+00:00
KXBTCD-26SEP2001-T80199.99,KXBTCD-26SEP2001,6,yes,0.9,yes,True,0.0999999999999999,2026-09-20T05:05:19.234672+00:00,2026-09-20T04:05:24.984868+00:00
KXBTCD-26SEP2001-T80099.99,KXBTCD-26SEP2001,5,yes,0.95,yes,True,0.05,2026-09-20T05:05:19.234703+00:00,2026-09-20T04:05:24.984889+00:00
KXBTCD-26SEP2001-T79999.99,KXBTCD-26SEP2001,9,yes,0.96,yes,True,0.04,2026-09-20T05:05:19.234735+00:00,2026-09-20T04:05:24.984910+00:00
KXBTCD-26SEP2001-T80699.99,KXBTCD-26SEP2001,7,no,0.92,no,True,0.0799999999999999,2026-09-20T05:05:19.234766+00:00,2026-09-20T04:10:26.804122+00:00
KXBTCD-26SEP2002-T80899.99,KXBTCD-26SEP2002,10,no,0.96,no,True,0.04,2026-09-20T06:05:21.159390+00:00,2026-09-20T05:05:19.241305+00:00
KXBTCD-26SEP2002-T80799.99,KXBTCD-26SEP2002,9,no,0.95,no,True,0.05,2026-09-20T06:05:21.159446+00:00,2026-09-20T05:05:19.241357+00:00
KXBTCD-26SEP2002-T80699.99,KXBTCD-26SEP2002,8,no,0.89,no,True,0.1099999999999999,2026-09-20T06:05:21.159479+00:00,2026-09-20T05:05:19.241393+00:00
KXBTCD-26SEP2002-T80299.99,KXBTCD-26SEP2002,5,yes,0.79,yes,True,0.2099999999999999,2026-09-20T06:05:21.159511+00:00,2026-09-20T05:05:19.241425+00:00
KXBTCD-26SEP2002-T80199.99,KXBTCD-26SEP2002,7,yes,0.9,yes,True,0.0999999999999999,2026-09-20T06:05:21.159542+00:00,2026-09-20T05:05:19.241457+00:00
KXBTCD-26SEP2002-T79999.99,KXBTCD-26SEP2002,6,yes,0.96,yes,True,0.04,2026-09-20T06:05:21.159572+00:00,2026-09-20T05:05:19.241486+00:00
KXBTCD-26SEP2002-T80099.99,KXBTCD-26SEP2002,6,yes,0.95,yes,True,0.05,2026-09-20T06:05:21.159601+00:00,2026-09-20T05:10:20.543376+00:00
KXBTCD-26SEP2003-T80899.99,KXBTCD-26SEP2003,10,no,0.97,no,True,0.03,2026-09-20T07:05:20.068070+00:00,2026-09-20T06:05:21.164714+00:00
KXBTCD-26SEP2003-T80799.99,KXBTCD-26SEP2003,8,no,0.96,no,True,0.04,2026-09-20T07:05:20.068130+00:00,2026-09-20T06:05:21.164755+00:00
KXBTCD-26SEP2003-T80699.99,KXBTCD-26SEP2003,6,no,0.92,no,True,0.0799999999999999,2026-09-20T07:05:20.068170+00:00,2026-09-20T06:05:21.164785+00:00
KXBTCD-26SEP2003-T80299.99,KXBTCD-26SEP2003,5,yes,0.72,yes,True,0.28,2026-09-20T07:05:20.068207+00:00,2026-09-20T06:05:21.164812+00:00
KXBTCD-26SEP2003-T80099.99,KXBTCD-26SEP2003,7,yes,0.93,yes,True,0.0699999999999999,2026-09-20T07:05:20.068242+00:00,2026-09-20T06:05:21.164838+00:00
KXBTCD-26SEP2003-T79999.99,KXBTCD-26SEP2003,9,yes,0.96,yes,True,0.04,2026-09-20T07:05:20.068279+00:00,2026-09-20T06:05:21.164863+00:00
KXBTCD-26SEP2003-T80199.99,KXBTCD-26SEP2003,6,yes,0.92,yes,True,0.0799999999999999,2026-09-20T07:05:20.068314+00:00,2026-09-20T06:15:20.987274+00:00
KXBTCD-26SEP2004-T80699.99,KXBTCD-26SEP2004,10,no,0.96,no,True,0.04,2026-09-20T08:05:21.962091+00:00,2026-09-20T07:05:20.074246+00:00
KXBTCD-26SEP2004-T80599.99,KXBTCD-26SEP2004,5,no,0.92,no,True,0.0799999999999999,2026-09-20T08:05:21.962174+00:00,2026-09-20T07:05:20.074294+00:00
KXBTCD-26SEP2004-T80099.99,KXBTCD-26SEP2004,6,yes,0.82,yes,True,0.18,2026-09-20T08:05:21.962238+00:00,2026-09-20T07:05:20.074324+00:00
KXBTCD-26SEP2004-T79999.99,KXBTCD-26SEP2004,7,yes,0.91,yes,True,0.0899999999999999,2026-09-20T08:05:21.962299+00:00,2026-09-20T07:05:20.074353+00:00
KXBTCD-26SEP2004-T79899.99,KXBTCD-26SEP2004,8,yes,0.95,yes,True,0.05,2026-09-20T08:05:21.962388+00:00,2026-09-20T07:05:20.074380+00:00
KXBTCD-26SEP2004-T79799.99,KXBTCD-26SEP2004,9,yes,0.97,yes,True,0.03,2026-09-20T08:05:21.962461+00:00,2026-09-20T07:05:20.074406+00:00
KXBTCD-26SEP2004-T80499.99,KXBTCD-26SEP2004,5,no,0.81,no,True,0.1899999999999999,2026-09-20T08:05:21.962534+00:00,2026-09-20T07:10:19.739014+00:00
KXBTCD-26SEP2005-T81099.99,KXBTCD-26SEP2005,9,no,0.99,no,True,0.01,2026-09-20T09:05:23.400848+00:00,2026-09-20T08:05:21.969908+00:00
KXBTCD-26SEP2005-T80799.99,KXBTCD-26SEP2005,10,no,0.95,no,True,0.05,2026-09-20T09:05:23.400928+00:00,2026-09-20T08:05:21.969972+00:00
KXBTCD-26SEP2005-T80699.99,KXBTCD-26SEP2005,8,no,0.9,no,True,0.0999999999999999,2026-09-20T09:05:23.400992+00:00,2026-09-20T08:05:21.970024+00:00
KXBTCD-26SEP2005-T80599.99,KXBTCD-26SEP2005,5,no,0.81,no,True,0.1899999999999999,2026-09-20T09:05:23.401059+00:00,2026-09-20T08:05:21.970073+00:00
KXBTCD-26SEP2005-T80199.99,KXBTCD-26SEP2005,6,yes,0.87,yes,True,0.13,2026-09-20T09:05:23.401120+00:00,2026-09-20T08:05:21.970120+00:00
KXBTCD-26SEP2005-T79899.99,KXBTCD-26SEP2005,7,yes,0.98,yes,True,0.02,2026-09-20T09:05:23.401182+00:00,2026-09-20T08:05:21.970166+00:00
KXBTCD-26SEP2005-T79999.99,KXBTCD-26SEP2005,8,yes,0.97,yes,True,0.03,2026-09-20T09:05:23.401243+00:00,2026-09-20T08:10:26.015189+00:00
KXBTCD-26SEP2005-T71599.99,KXBTCD-26SEP2005,6,yes,0.99,yes,True,0.01,2026-09-20T09:05:23.401303+00:00,2026-09-20T08:10:26.015253+00:00
KXBTCD-26SEP2005-T80099.99,KXBTCD-26SEP2005,9,yes,0.96,yes,True,0.04,2026-09-20T09:05:23.401388+00:00,2026-09-20T08:15:18.718503+00:00
KXBTCD-26SEP2006-T80799.99,KXBTCD-26SEP2006,10,no,0.98,no,True,0.02,2026-09-20T10:10:20.826812+00:00,2026-09-20T09:05:23.409173+00:00
KXBTCD-26SEP2006-T80599.99,KXBTCD-26SEP2006,9,no,0.96,no,True,0.04,2026-09-20T10:10:20.826868+00:00,2026-09-20T09:05:23.409234+00:00
KXBTCD-26SEP2006-T80099.99,KXBTCD-26SEP2006,5,yes,0.84,yes,True,0.16,2026-09-20T10:10:20.826903+00:00,2026-09-20T09:05:23.409284+00:00
KXBTCD-26SEP2006-T79999.99,KXBTCD-26SEP2006,8,yes,0.93,yes,True,0.0699999999999999,2026-09-20T10:10:20.826937+00:00,2026-09-20T09:05:23.409330+00:00
KXBTCD-26SEP2006-T79899.99,KXBTCD-26SEP2006,6,yes,0.96,yes,True,0.04,2026-09-20T10:10:20.826970+00:00,2026-09-20T09:05:23.409407+00:00
KXBTCD-26SEP2006-T79799.99,KXBTCD-26SEP2006,7,yes,0.98,yes,True,0.02,2026-09-20T10:10:20.827002+00:00,2026-09-20T09:05:23.409465+00:00
KXBTCD-26SEP2006-T80699.99,KXBTCD-26SEP2006,10,no,0.98,no,True,0.02,2026-09-20T10:10:20.827037+00:00,2026-09-20T09:10:18.279122+00:00
KXBTCD-26SEP2006-T80499.99,KXBTCD-26SEP2006,5,no,0.94,no,True,0.06,2026-09-20T10:10:20.827069+00:00,2026-09-20T09:10:18.279193+00:00
KXBTCD-26SEP2006-T79699.99,KXBTCD-26SEP2006,10,yes,0.99,yes,True,0.01,2026-09-20T10:10:20.827099+00:00,2026-09-20T09:15:19.529473+00:00
KXBTCD-26SEP2006-T80199.99,KXBTCD-26SEP2006,5,yes,0.99,yes,True,0.01,2026-09-20T10:10:20.827132+00:00,2026-09-20T09:50:19.897138+00:00
KXBTCD-26SEP2007-T80899.99,KXBTCD-26SEP2007,9,no,0.99,no,True,0.01,2026-09-20T11:05:22.637118+00:00,2026-09-20T10:10:20.833080+00:00
KXBTCD-26SEP2007-T80799.99,KXBTCD-26SEP2007,7,no,0.98,no,True,0.02,2026-09-20T11:05:22.637238+00:00,2026-09-20T10:10:20.833124+00:00
KXBTCD-26SEP2007-T80699.99,KXBTCD-26SEP2007,6,no,0.95,no,True,0.05,2026-09-20T11:05:22.637306+00:00,2026-09-20T10:10:20.833153+00:00
KXBTCD-26SEP2007-T80199.99,KXBTCD-26SEP2007,5,yes,0.83,yes,True,0.17,2026-09-20T11:05:22.637370+00:00,2026-09-20T10:10:20.833180+00:00
KXBTCD-26SEP2007-T80099.99,KXBTCD-26SEP2007,8,yes,0.93,yes,True,0.0699999999999999,2026-09-20T11:05:22.637432+00:00,2026-09-20T10:10:20.833206+00:00
KXBTCD-26SEP2007-T79899.99,KXBTCD-26SEP2007,10,yes,0.98,yes,True,0.02,2026-09-20T11:05:22.637494+00:00,2026-09-20T10:10:20.833232+00:00
KXBTCD-26SEP2007-T80499.99,KXBTCD-26SEP2007,5,no,0.88,no,True,0.12,2026-09-20T11:05:22.637554+00:00,2026-09-20T10:20:20.560911+00:00
KXBTCD-26SEP2007-T79999.99,KXBTCD-26SEP2007,10,yes,0.98,yes,True,0.02,2026-09-20T11:05:22.637614+00:00,2026-09-20T10:20:20.561006+00:00
KXBTCD-26SEP2007-T80599.99,KXBTCD-26SEP2007,5,no,0.97,no,True,0.03,2026-09-20T11:05:22.637724+00:00,2026-09-20T10:40:18.810482+00:00
KXBTCD-26SEP2008-T80599.99,KXBTCD-26SEP2008,7,no,0.95,no,True,0.05,2026-09-20T12:05:22.029323+00:00,2026-09-20T11:05:22.644949+00:00
KXBTCD-26SEP2008-T80499.99,KXBTCD-26SEP2008,5,no,0.89,no,True,0.1099999999999999,2026-09-20T12:05:22.029407+00:00,2026-09-20T11:05:22.645010+00:00
KXBTCD-26SEP2008-T80099.99,KXBTCD-26SEP2008,8,yes,0.88,yes,True,0.12,2026-09-20T12:05:22.029473+00:00,2026-09-20T11:05:22.645063+00:00
KXBTCD-26SEP2008-T79899.99,KXBTCD-26SEP2008,6,yes,0.98,yes,True,0.02,2026-09-20T12:05:22.029536+00:00,2026-09-20T11:05:22.645114+00:00
KXBTCD-26SEP2008-T79799.99,KXBTCD-26SEP2008,9,yes,0.99,yes,True,0.01,2026-09-20T12:05:22.029598+00:00,2026-09-20T11:05:22.645195+00:00
KXBTCD-26SEP2008-T79699.99,KXBTCD-26SEP2008,10,yes,0.98,yes,True,0.02,2026-09-20T12:05:22.029660+00:00,2026-09-20T11:05:22.645253+00:00
KXBTCD-26SEP2008-T80699.99,KXBTCD-26SEP2008,9,no,0.97,no,True,0.03,2026-09-20T12:05:22.029721+00:00,2026-09-20T11:10:20.990126+00:00
KXBTCD-26SEP2008-T80199.99,KXBTCD-26SEP2008,5,yes,0.82,yes,True,0.18,2026-09-20T12:05:22.029781+00:00,2026-09-20T11:10:20.990173+00:00
KXBTCD-26SEP2008-T79999.99,KXBTCD-26SEP2008,6,yes,0.97,yes,True,0.03,2026-09-20T12:05:22.029843+00:00,2026-09-20T11:10:20.990208+00:00
KXBTCD-26SEP2008-T80799.99,KXBTCD-26SEP2008,10,no,0.98,no,True,0.02,2026-09-20T12:05:22.029903+00:00,2026-09-20T11:35:24.021827+00:00
KXBTCD-26SEP2008-T79499.99,KXBTCD-26SEP2008,10,yes,0.99,yes,True,0.01,2026-09-20T12:05:22.029962+00:00,2026-09-20T12:00:24.049926+00:00
KXBTCD-26SEP2009-T80899.99,KXBTCD-26SEP2009,10,no,0.98,no,True,0.02,2026-09-20T13:05:23.164200+00:00,2026-09-20T12:05:22.037348+00:00
KXBTCD-26SEP2009-T80799.99,KXBTCD-26SEP2009,9,no,0.96,no,True,0.04,2026-09-20T13:05:23.164281+00:00,2026-09-20T12:05:22.037410+00:00
KXBTCD-26SEP2009-T80699.99,KXBTCD-26SEP2009,8,no,0.92,no,True,0.0799999999999999,2026-09-20T13:05:23.164344+00:00,2026-09-20T12:05:22.037463+00:00
KXBTCD-26SEP2009-T80199.99,KXBTCD-26SEP2009,6,yes,0.92,yes,True,0.0799999999999999,2026-09-20T13:05:23.164405+00:00,2026-09-20T12:05:22.037514+00:00
KXBTCD-26SEP2009-T80099.99,KXBTCD-26SEP2009,5,yes,0.96,yes,True,0.04,2026-09-20T13:05:23.164466+00:00,2026-09-20T12:05:22.037563+00:00
KXBTCD-26SEP2009-T79999.99,KXBTCD-26SEP2009,7,yes,0.98,yes,True,0.02,2026-09-20T13:05:23.164526+00:00,2026-09-20T12:05:22.037612+00:00
KXBTCD-26SEP2010-T80999.99,KXBTCD-26SEP2010,6,no,0.98,no,True,0.02,2026-09-20T14:05:19.653332+00:00,2026-09-20T13:05:23.171594+00:00
KXBTCD-26SEP2010-T80899.99,KXBTCD-26SEP2010,9,no,0.96,no,True,0.04,2026-09-20T14:05:19.653377+00:00,2026-09-20T13:05:23.171657+00:00
KXBTCD-26SEP2010-T80799.99,KXBTCD-26SEP2010,7,no,0.91,no,True,0.0899999999999999,2026-09-20T14:05:19.653402+00:00,2026-09-20T13:05:23.171709+00:00
KXBTCD-26SEP2010-T80699.99,KXBTCD-26SEP2010,5,no,0.82,no,True,0.18,2026-09-20T14:05:19.653423+00:00,2026-09-20T13:05:23.171757+00:00
KXBTCD-26SEP2010-T80199.99,KXBTCD-26SEP2010,8,yes,0.93,yes,True,0.0699999999999999,2026-09-20T14:05:19.653445+00:00,2026-09-20T13:05:23.171803+00:00
KXBTCD-26SEP2010-T80099.99,KXBTCD-26SEP2010,10,yes,0.97,yes,True,0.03,2026-09-20T14:05:19.653465+00:00,2026-09-20T13:05:23.171849+00:00
KXBTCD-26SEP2010-T81099.99,KXBTCD-26SEP2010,10,no,0.98,no,True,0.02,2026-09-20T14:05:19.653485+00:00,2026-09-20T13:10:19.389520+00:00
KXBTCD-26SEP2010-T80299.99,KXBTCD-26SEP2010,5,yes,0.92,yes,True,0.0799999999999999,2026-09-20T14:05:19.653505+00:00,2026-09-20T13:15:21.551954+00:00
KXBTCD-26SEP2011-T81099.99,KXBTCD-26SEP2011,8,no,0.96,no,True,0.04,2026-09-20T15:05:22.432120+00:00,2026-09-20T14:05:19.657803+00:00
KXBTCD-26SEP2011-T80999.99,KXBTCD-26SEP2011,6,no,0.93,no,True,0.0699999999999999,2026-09-20T15:05:22.432204+00:00,2026-09-20T14:05:19.657832+00:00
KXBTCD-26SEP2011-T80499.99,KXBTCD-26SEP2011,5,yes,0.8,yes,True,0.1999999999999999,2026-09-20T15:05:22.432268+00:00,2026-09-20T14:05:19.657853+00:00
KXBTCD-26SEP2011-T80399.99,KXBTCD-26SEP2011,7,yes,0.9,yes,True,0.0999999999999999,2026-09-20T15:05:22.432356+00:00,2026-09-20T14:05:19.657871+00:00
KXBTCD-26SEP2011-T80299.99,KXBTCD-26SEP2011,9,yes,0.95,yes,True,0.05,2026-09-20T15:05:22.432438+00:00,2026-09-20T14:05:19.657890+00:00
KXBTCD-26SEP2011-T80199.99,KXBTCD-26SEP2011,10,yes,0.98,yes,True,0.02,2026-09-20T15:05:22.432507+00:00,2026-09-20T14:05:19.657908+00:00
KXBTCD-26SEP2011-T80899.99,KXBTCD-26SEP2011,5,no,0.92,no,True,0.0799999999999999,2026-09-20T15:05:22.432568+00:00,2026-09-20T14:10:18.339801+00:00
KXBTCD-26SEP2011-T80799.99,KXBTCD-26SEP2011,5,no,0.95,no,True,0.05,2026-09-20T15:05:22.432627+00:00,2026-09-20T14:20:23.222999+00:00
KXBTCD-26SEP2012-T81199.99,KXBTCD-26SEP2012,8,no,0.95,no,True,0.05,2026-09-20T16:05:21.454038+00:00,2026-09-20T15:05:22.439858+00:00
KXBTCD-26SEP2012-T80899.99,KXBTCD-26SEP2012,5,no,0.69,no,True,0.31,2026-09-20T16:05:21.454091+00:00,2026-09-20T15:05:22.439919+00:00
KXBTCD-26SEP2012-T80599.99,KXBTCD-26SEP2012,6,yes,0.81,yes,True,0.1899999999999999,2026-09-20T16:05:21.454124+00:00,2026-09-20T15:05:22.439969+00:00
KXBTCD-26SEP2012-T80499.99,KXBTCD-26SEP2012,7,yes,0.91,yes,True,0.0899999999999999,2026-09-20T16:05:21.454154+00:00,2026-09-20T15:05:22.440017+00:00
KXBTCD-26SEP2012-T80399.99,KXBTCD-26SEP2012,9,yes,0.96,yes,True,0.04,2026-09-20T16:05:21.454183+00:00,2026-09-20T15:05:22.440064+00:00
KXBTCD-26SEP2012-T80299.99,KXBTCD-26SEP2012,10,yes,0.98,yes,True,0.02,2026-09-20T16:05:21.454213+00:00,2026-09-20T15:05:22.440110+00:00
KXBTCD-26SEP2012-T81299.99,KXBTCD-26SEP2012,9,no,0.97,no,True,0.03,2026-09-20T16:05:21.454242+00:00,2026-09-20T15:10:19.991598+00:00
KXBTCD-26SEP2012-T81099.99,KXBTCD-26SEP2012,5,no,0.94,no,True,0.06,2026-09-20T16:05:21.454269+00:00,2026-09-20T15:10:19.991671+00:00
KXBTCD-26SEP2012-T80999.99,KXBTCD-26SEP2012,5,no,0.94,no,True,0.06,2026-09-20T16:05:21.454297+00:00,2026-09-20T15:45:23.593472+00:00
KXBTCD-26SEP2013-T81199.99,KXBTCD-26SEP2013,6,no,0.93,yes,False,-0.93,2026-09-20T17:05:19.097593+00:00,2026-09-20T16:05:21.459379+00:00
KXBTCD-26SEP2013-T81099.99,KXBTCD-26SEP2013,8,no,0.9,yes,False,-0.9,2026-09-20T17:05:19.097667+00:00,2026-09-20T16:05:21.459430+00:00
KXBTCD-26SEP2013-T80999.99,KXBTCD-26SEP2013,5,no,0.79,yes,False,-0.79,2026-09-20T17:05:19.097728+00:00,2026-09-20T16:05:21.459462+00:00
KXBTCD-26SEP2013-T80499.99,KXBTCD-26SEP2013,7,yes,0.94,yes,True,0.06,2026-09-20T17:05:19.097788+00:00,2026-09-20T16:05:21.459490+00:00
KXBTCD-26SEP2013-T80399.99,KXBTCD-26SEP2013,9,yes,0.97,yes,True,0.03,2026-09-20T17:05:19.097848+00:00,2026-09-20T16:05:21.459517+00:00
KXBTCD-26SEP2013-T80299.99,KXBTCD-26SEP2013,10,yes,0.98,yes,True,0.02,2026-09-20T17:05:19.097906+00:00,2026-09-20T16:05:21.459543+00:00
KXBTCD-26SEP2013-T81399.99,KXBTCD-26SEP2013,9,no,0.87,no,True,0.13,2026-09-20T17:05:19.097965+00:00,2026-09-20T16:15:20.225781+00:00
KXBTCD-26SEP2013-T81299.99,KXBTCD-26SEP2013,7,no,0.75,no,True,0.25,2026-09-20T17:05:19.098023+00:00,2026-09-20T16:15:20.225851+00:00
KXBTCD-26SEP2013-T80799.99,KXBTCD-26SEP2013,5,yes,0.92,yes,True,0.0799999999999999,2026-09-20T17:05:19.098083+00:00,2026-09-20T16:15:20.225903+00:00
KXBTCD-26SEP2013-T80699.99,KXBTCD-26SEP2013,6,yes,0.96,yes,True,0.04,2026-09-20T17:05:19.098142+00:00,2026-09-20T16:15:20.225955+00:00
KXBTCD-26SEP2013-T80599.99,KXBTCD-26SEP2013,8,yes,0.98,yes,True,0.02,2026-09-20T17:05:19.098228+00:00,2026-09-20T16:15:20.226004+00:00
KXBTCD-26SEP2013-T81499.99,KXBTCD-26SEP2013,10,no,0.94,no,True,0.06,2026-09-20T17:05:19.098310+00:00,2026-09-20T16:30:25.335997+00:00
KXBTCD-26SEP2013-T80899.99,KXBTCD-26SEP2013,5,yes,0.94,yes,True,0.06,2026-09-20T17:05:19.098382+00:00,2026-09-20T16:35:18.557338+00:00
KXBTCD-26SEP2013-T81599.99,KXBTCD-26SEP2013,10,no,0.94,no,True,0.06,2026-09-20T17:05:19.098443+00:00,2026-09-20T16:45:20.298577+00:00
KXBTCD-26SEP2014-T81899.99,KXBTCD-26SEP2014,10,no,0.97,no,True,0.03,2026-09-20T18:05:18.759344+00:00,2026-09-20T17:05:19.105397+00:00
KXBTCD-26SEP2014-T81699.99,KXBTCD-26SEP2014,8,no,0.94,no,True,0.06,2026-09-20T18:05:18.759442+00:00,2026-09-20T17:05:19.105455+00:00
KXBTCD-26SEP2014-T81599.99,KXBTCD-26SEP2014,7,no,0.89,no,True,0.1099999999999999,2026-09-20T18:05:18.759508+00:00,2026-09-20T17:05:19.105508+00:00
KXBTCD-26SEP2014-T81399.99,KXBTCD-26SEP2014,6,no,0.64,no,True,0.36,2026-09-20T18:05:18.759571+00:00,2026-09-20T17:05:19.105555+00:00
KXBTCD-26SEP2014-T80999.99,KXBTCD-26SEP2014,5,yes,0.88,yes,True,0.12,2026-09-20T18:05:18.759639+00:00,2026-09-20T17:05:19.105601+00:00
KXBTCD-26SEP2014-T80899.99,KXBTCD-26SEP2014,9,yes,0.94,yes,True,0.06,2026-09-20T18:05:18.759701+00:00,2026-09-20T17:05:19.105645+00:00
KXBTCD-26SEP2014-T81799.99,KXBTCD-26SEP2014,10,no,0.97,no,True,0.03,2026-09-20T18:05:18.759763+00:00,2026-09-20T17:10:17.966975+00:00
KXBTCD-26SEP2014-T81099.99,KXBTCD-26SEP2014,8,yes,0.72,yes,True,0.28,2026-09-20T18:05:18.759823+00:00,2026-09-20T17:10:17.967145+00:00
KXBTCD-26SEP2014-T81499.99,KXBTCD-26SEP2014,6,no,0.91,no,True,0.0899999999999999,2026-09-20T18:05:18.759883+00:00,2026-09-20T17:20:23.289080+00:00
KXBTCD-26SEP2014-T80799.99,KXBTCD-26SEP2014,10,yes,0.96,yes,True,0.04,2026-09-20T18:05:18.759944+00:00,2026-09-20T17:20:23.289159+00:00
KXBTCD-26SEP2015-T81699.99,KXBTCD-26SEP2015,10,no,0.98,no,True,0.02,2026-09-20T19:05:22.955732+00:00,2026-09-20T18:05:18.767086+00:00
KXBTCD-26SEP2015-T81499.99,KXBTCD-26SEP2015,8,no,0.96,no,True,0.04,2026-09-20T19:05:22.955809+00:00,2026-09-20T18:05:18.767147+00:00
KXBTCD-26SEP2015-T81399.99,KXBTCD-26SEP2015,5,no,0.91,no,True,0.0899999999999999,2026-09-20T19:05:22.955874+00:00,2026-09-20T18:05:18.767201+00:00
KXBTCD-26SEP2015-T81199.99,KXBTCD-26SEP2015,6,no,0.7,no,True,0.3,2026-09-20T19:05:22.955938+00:00,2026-09-20T18:05:18.767294+00:00
KXBTCD-26SEP2015-T80799.99,KXBTCD-26SEP2015,7,yes,0.91,yes,True,0.0899999999999999,2026-09-20T19:05:22.956000+00:00,2026-09-20T18:05:18.767368+00:00
KXBTCD-26SEP2015-T80699.99,KXBTCD-26SEP2015,9,yes,0.95,yes,True,0.05,2026-09-20T19:05:22.956062+00:00,2026-09-20T18:05:18.767421+00:00
KXBTCD-26SEP2015-T80599.99,KXBTCD-26SEP2015,10,yes,0.98,yes,True,0.02,2026-09-20T19:05:22.956124+00:00,2026-09-20T18:10:23.717238+00:00
KXBTCD-26SEP2015-T81599.99,KXBTCD-26SEP2015,10,no,0.97,no,True,0.03,2026-09-20T19:05:22.956223+00:00,2026-09-20T18:20:23.507650+00:00
KXBTCD-26SEP2015-T80899.99,KXBTCD-26SEP2015,5,yes,0.95,yes,True,0.05,2026-09-20T19:05:22.956301+00:00,2026-09-20T18:20:23.507785+00:00
KXBTCD-26SEP2016-T81499.99,KXBTCD-26SEP2016,9,no,0.97,no,True,0.03,2026-09-20T20:05:23.076972+00:00,2026-09-20T19:05:22.963390+00:00
KXBTCD-26SEP2016-T81399.99,KXBTCD-26SEP2016,7,no,0.94,no,True,0.06,2026-09-20T20:05:23.077039+00:00,2026-09-20T19:05:22.963451+00:00
KXBTCD-26SEP2016-T80999.99,KXBTCD-26SEP2016,5,yes,0.69,yes,True,0.31,2026-09-20T20:05:23.077108+00:00,2026-09-20T19:05:22.963503+00:00
KXBTCD-26SEP2016-T80799.99,KXBTCD-26SEP2016,6,yes,0.94,yes,True,0.06,2026-09-20T20:05:23.077157+00:00,2026-09-20T19:05:22.963552+00:00
KXBTCD-26SEP2016-T80699.99,KXBTCD-26SEP2016,10,yes,0.97,yes,True,0.03,2026-09-20T20:05:23.077205+00:00,2026-09-20T19:05:22.963601+00:00
KXBTCD-26SEP2016-T80599.99,KXBTCD-26SEP2016,8,yes,0.98,yes,True,0.02,2026-09-20T20:05:23.077252+00:00,2026-09-20T19:05:22.963648+00:00
KXBTCD-26SEP2016-T80899.99,KXBTCD-26SEP2016,5,yes,0.89,yes,True,0.1099999999999999,2026-09-20T20:05:23.077300+00:00,2026-09-20T19:10:19.551023+00:00
KXBTCD-26SEP2016-T81299.99,KXBTCD-26SEP2016,5,no,0.96,no,True,0.04,2026-09-20T20:05:23.077347+00:00,2026-09-20T19:25:19.662536+00:00
KXBTCD-26SEP2017-T82249.99,KXBTCD-26SEP2017,5,no,0.82,no,True,0.18,2026-09-20T21:05:20.090689+00:00,2026-09-19T20:10:20.554055+00:00
KXBTCD-26SEP2017-T81749.99,KXBTCD-26SEP2017,7,no,0.65,no,True,0.35,2026-09-20T21:05:20.090767+00:00,2026-09-19T20:15:19.844736+00:00
KXBTCD-26SEP2017-T80249.99,KXBTCD-26SEP2017,5,yes,0.6,yes,True,0.4,2026-09-20T21:05:20.090832+00:00,2026-09-19T20:15:19.844784+00:00
KXBTCD-26SEP2017-T82499.99,KXBTCD-26SEP2017,6,no,0.87,no,True,0.13,2026-09-20T21:05:20.090894+00:00,2026-09-19T20:30:22.419267+00:00
KXBTCD-26SEP2017-T80499.99,KXBTCD-26SEP2017,5,yes,0.82,yes,True,0.18,2026-09-20T21:05:20.090955+00:00,2026-09-19T20:30:22.419405+00:00
KXBTCD-26SEP2017-T80999.99,KXBTCD-26SEP2017,10,yes,0.61,yes,True,0.39,2026-09-20T21:05:20.091017+00:00,2026-09-19T20:35:21.329302+00:00
KXBTCD-26SEP2017-T80749.99,KXBTCD-26SEP2017,5,yes,0.74,yes,True,0.26,2026-09-20T21:05:20.091078+00:00,2026-09-19T20:35:21.329354+00:00
KXBTCD-26SEP2017-T81499.99,KXBTCD-26SEP2017,6,no,0.63,no,True,0.37,2026-09-20T21:05:20.091139+00:00,2026-09-19T20:50:25.616410+00:00
KXBTCD-26SEP2017-T81999.99,KXBTCD-26SEP2017,7,no,0.83,no,True,0.17,2026-09-20T21:05:20.091248+00:00,2026-09-19T21:05:18.863101+00:00
KXBTCD-26SEP2017-T79749.99,KXBTCD-26SEP2017,6,yes,0.93,yes,True,0.0699999999999999,2026-09-20T21:05:20.091311+00:00,2026-09-19T21:05:18.863287+00:00
KXBTCD-26SEP2017-T79249.99,KXBTCD-26SEP2017,9,yes,0.95,yes,True,0.05,2026-09-20T21:05:20.091371+00:00,2026-09-19T21:20:20.548180+00:00
KXBTCD-26SEP2017-T79999.99,KXBTCD-26SEP2017,9,yes,0.87,yes,True,0.13,2026-09-20T21:05:20.091432+00:00,2026-09-19T21:35:19.083591+00:00
KXBTCD-26SEP2017-T79499.99,KXBTCD-26SEP2017,5,yes,0.94,yes,True,0.06,2026-09-20T21:05:20.091493+00:00,2026-09-19T21:35:19.083686+00:00
KXBTCD-26SEP2017-T83249.99,KXBTCD-26SEP2017,9,no,0.97,no,True,0.03,2026-09-20T21:05:20.091555+00:00,2026-09-19T21:50:20.855834+00:00
KXBTCD-26SEP2017-T82999.99,KXBTCD-26SEP2017,10,no,0.95,no,True,0.05,2026-09-20T21:05:20.091694+00:00,2026-09-19T23:50:23.830318+00:00
KXBTCD-26SEP2017-T78999.99,KXBTCD-26SEP2017,10,yes,0.93,yes,True,0.0699999999999999,2026-09-20T21:05:20.091863+00:00,2026-09-20T08:30:56.484464+00:00
KXBTCD-26SEP2017-T81249.99,KXBTCD-26SEP2017,5,no,0.84,no,True,0.16,2026-09-20T21:05:20.092021+00:00,2026-09-20T15:00:26.192119+00:00
KXBTCD-26SEP2018-T81299.99,KXBTCD-26SEP2018,9,no,0.89,no,True,0.1099999999999999,2026-09-20T22:05:20.640855+00:00,2026-09-20T21:05:20.099505+00:00
KXBTCD-26SEP2018-T81099.99,KXBTCD-26SEP2018,6,no,0.73,no,True,0.27,2026-09-20T22:05:20.640907+00:00,2026-09-20T21:05:20.099563+00:00
KXBTCD-26SEP2018-T80999.99,KXBTCD-26SEP2018,5,no,0.63,no,True,0.37,2026-09-20T22:05:20.640938+00:00,2026-09-20T21:05:20.099640+00:00
KXBTCD-26SEP2018-T80599.99,KXBTCD-26SEP2018,7,yes,0.77,yes,True,0.2299999999999999,2026-09-20T22:05:20.640967+00:00,2026-09-20T21:05:20.099691+00:00
KXBTCD-26SEP2018-T80499.99,KXBTCD-26SEP2018,8,yes,0.84,yes,True,0.16,2026-09-20T22:05:20.640996+00:00,2026-09-20T21:05:20.099738+00:00
KXBTCD-26SEP2018-T80299.99,KXBTCD-26SEP2018,10,yes,0.92,yes,True,0.0799999999999999,2026-09-20T22:05:20.641025+00:00,2026-09-20T21:05:20.099784+00:00
KXBTCD-26SEP2018-T80699.99,KXBTCD-26SEP2018,5,yes,0.69,yes,True,0.31,2026-09-20T22:05:20.641130+00:00,2026-09-20T21:10:19.438063+00:00
KXBTCD-26SEP2018-T80399.99,KXBTCD-26SEP2018,10,yes,0.92,yes,True,0.0799999999999999,2026-09-20T22:05:20.641176+00:00,2026-09-20T21:10:19.438182+00:00
KXBTCD-26SEP2018-T81199.99,KXBTCD-26SEP2018,5,no,0.91,no,True,0.0899999999999999,2026-09-20T22:05:20.641254+00:00,2026-09-20T21:15:22.144014+00:00
KXBTCD-26SEP2019-T81599.99,KXBTCD-26SEP2019,10,no,0.96,no,True,0.04,2026-09-20T23:05:19.734182+00:00,2026-09-20T22:05:20.646553+00:00
KXBTCD-26SEP2019-T81199.99,KXBTCD-26SEP2019,7,no,0.82,no,True,0.18,2026-09-20T23:05:19.734247+00:00,2026-09-20T22:05:20.646588+00:00
KXBTCD-26SEP2019-T81099.99,KXBTCD-26SEP2019,6,no,0.74,yes,False,-0.74,2026-09-20T23:05:19.734287+00:00,2026-09-20T22:05:20.646614+00:00
KXBTCD-26SEP2019-T80699.99,KXBTCD-26SEP2019,5,yes,0.72,yes,True,0.28,2026-09-20T23:05:19.734324+00:00,2026-09-20T22:05:20.646638+00:00
KXBTCD-26SEP2019-T80599.99,KXBTCD-26SEP2019,8,yes,0.82,yes,True,0.18,2026-09-20T23:05:19.734359+00:00,2026-09-20T22:05:20.646663+00:00
KXBTCD-26SEP2019-T80499.99,KXBTCD-26SEP2019,9,yes,0.88,yes,True,0.12,2026-09-20T23:05:19.734393+00:00,2026-09-20T22:05:20.646687+00:00
KXBTCD-26SEP2019-T81499.99,KXBTCD-26SEP2019,9,no,0.84,no,True,0.16,2026-09-20T23:05:19.734456+00:00,2026-09-20T22:10:21.827261+00:00
KXBTCD-26SEP2019-T81299.99,KXBTCD-26SEP2019,8,no,0.66,no,True,0.3399999999999999,2026-09-20T23:05:19.734489+00:00,2026-09-20T22:10:21.827296+00:00
KXBTCD-26SEP2019-T81399.99,KXBTCD-26SEP2019,9,no,0.69,no,True,0.31,2026-09-20T23:05:19.734548+00:00,2026-09-20T22:15:19.641970+00:00
KXBTCD-26SEP2019-T80799.99,KXBTCD-26SEP2019,6,yes,0.91,yes,True,0.0899999999999999,2026-09-20T23:05:19.734581+00:00,2026-09-20T22:15:19.642052+00:00
KXBTCD-26SEP2019-T80899.99,KXBTCD-26SEP2019,5,yes,0.92,yes,True,0.0799999999999999,2026-09-20T23:05:19.734614+00:00,2026-09-20T22:45:19.252328+00:00
KXBTCD-26SEP2020-T81599.99,KXBTCD-26SEP2020,9,no,0.96,no,True,0.04,2026-09-21T00:05:20.327244+00:00,2026-09-20T23:05:19.741151+00:00
KXBTCD-26SEP2020-T81399.99,KXBTCD-26SEP2020,6,no,0.86,no,True,0.14,2026-09-21T00:05:20.327294+00:00,2026-09-20T23:05:19.741193+00:00
KXBTCD-26SEP2020-T81299.99,KXBTCD-26SEP2020,5,no,0.76,no,True,0.24,2026-09-21T00:05:20.327328+00:00,2026-09-20T23:05:19.741224+00:00
KXBTCD-26SEP2020-T80899.99,KXBTCD-26SEP2020,8,yes,0.82,yes,True,0.18,2026-09-21T00:05:20.327373+00:00,2026-09-20T23:05:19.741253+00:00
KXBTCD-26SEP2020-T80799.99,KXBTCD-26SEP2020,7,yes,0.9,yes,True,0.0999999999999999,2026-09-21T00:05:20.327410+00:00,2026-09-20T23:05:19.741280+00:00
KXBTCD-26SEP2020-T80599.99,KXBTCD-26SEP2020,10,yes,0.96,yes,True,0.04,2026-09-21T00:05:20.327442+00:00,2026-09-20T23:05:19.741309+00:00
KXBTCD-26SEP2020-T81999.99,KXBTCD-26SEP2020,10,no,0.98,no,True,0.02,2026-09-21T00:05:20.327474+00:00,2026-09-20T23:10:19.850496+00:00
KXBTCD-26SEP2020-T81499.99,KXBTCD-26SEP2020,7,no,0.88,no,True,0.12,2026-09-21T00:05:20.327505+00:00,2026-09-20T23:10:19.850594+00:00
KXBTCD-26SEP2021-T81999.99,KXBTCD-26SEP2021,8,no,0.93,no,True,0.0699999999999999,2026-09-21T01:05:56.665501+00:00,2026-09-21T00:05:20.333105+00:00
KXBTCD-26SEP2021-T81799.99,KXBTCD-26SEP2021,10,no,0.89,no,True,0.1099999999999999,2026-09-21T01:05:56.665598+00:00,2026-09-21T00:05:20.333141+00:00
KXBTCD-26SEP2021-T81599.99,KXBTCD-26SEP2021,7,no,0.8,yes,False,-0.8,2026-09-21T01:05:56.665669+00:00,2026-09-21T00:05:20.333166+00:00
KXBTCD-26SEP2021-T81399.99,KXBTCD-26SEP2021,5,no,0.6,yes,False,-0.6,2026-09-21T01:05:56.665731+00:00,2026-09-21T00:05:20.333219+00:00
KXBTCD-26SEP2021-T81099.99,KXBTCD-26SEP2021,6,yes,0.77,yes,True,0.2299999999999999,2026-09-21T01:05:56.665790+00:00,2026-09-21T00:05:20.333245+00:00
KXBTCD-26SEP2021-T71599.99,KXBTCD-26SEP2021,9,yes,0.99,yes,True,0.01,2026-09-21T01:05:56.665850+00:00,2026-09-21T00:05:20.333268+00:00
KXBTCD-26SEP2021-T81699.99,KXBTCD-26SEP2021,10,no,0.76,no,True,0.24,2026-09-21T01:05:56.666003+00:00,2026-09-21T00:10:24.084383+00:00
KXBTCD-26SEP2021-T80999.99,KXBTCD-26SEP2021,7,yes,0.93,yes,True,0.0699999999999999,2026-09-21T01:05:56.666063+00:00,2026-09-21T00:10:24.084491+00:00
KXBTCD-26SEP2021-T81199.99,KXBTCD-26SEP2021,5,yes,0.88,yes,True,0.12,2026-09-21T01:05:56.666122+00:00,2026-09-21T00:15:20.690569+00:00
KXBTCD-26SEP2021-T81899.99,KXBTCD-26SEP2021,9,no,0.69,no,True,0.31,2026-09-21T01:05:56.666179+00:00,2026-09-21T00:25:21.872650+00:00
KXBTCD-26SEP2021-T81299.99,KXBTCD-26SEP2021,5,yes,0.92,yes,True,0.0799999999999999,2026-09-21T01:05:56.666241+00:00,2026-09-21T00:25:21.872745+00:00
KXBTCD-26SEP2022-T81999.99,KXBTCD-26SEP2022,5,no,0.9,no,True,0.0999999999999999,2026-09-21T02:05:24.553208+00:00,2026-09-21T01:05:56.673450+00:00
KXBTCD-26SEP2022-T81899.99,KXBTCD-26SEP2022,9,no,0.84,no,True,0.16,2026-09-21T02:05:24.553269+00:00,2026-09-21T01:05:56.673507+00:00
KXBTCD-26SEP2022-T81799.99,KXBTCD-26SEP2022,8,no,0.74,no,True,0.26,2026-09-21T02:05:24.553309+00:00,2026-09-21T01:05:56.673556+00:00
KXBTCD-26SEP2022-T81699.99,KXBTCD-26SEP2022,10,no,0.62,no,True,0.38,2026-09-21T02:05:24.553346+00:00,2026-09-21T01:05:56.673629+00:00
KXBTCD-26SEP2022-T81199.99,KXBTCD-26SEP2022,7,yes,0.91,no,False,-0.91,2026-09-21T02:05:24.553382+00:00,2026-09-21T01:05:56.673682+00:00
KXBTCD-26SEP2022-T81099.99,KXBTCD-26SEP2022,6,yes,0.95,no,False,-0.95,2026-09-21T02:05:24.553418+00:00,2026-09-21T01:05:56.673730+00:00
KXBTCD-26SEP2022-T81299.99,KXBTCD-26SEP2022,5,yes,0.93,no,False,-0.93,2026-09-21T02:05:24.553456+00:00,2026-09-21T01:10:24.516836+00:00
KXBTCD-26SEP2022-T82199.99,KXBTCD-26SEP2022,10,no,0.94,no,True,0.06,2026-09-21T02:05:24.553493+00:00,2026-09-21T01:15:22.652578+00:00
KXBTCD-26SEP2022-T81399.99,KXBTCD-26SEP2022,5,yes,0.91,no,False,-0.91,2026-09-21T02:05:24.553528+00:00,2026-09-21T01:20:23.204779+00:00
KXBTCD-26SEP2022-T82099.99,KXBTCD-26SEP2022,8,no,0.82,no,True,0.18,2026-09-21T02:05:24.553563+00:00,2026-09-21T01:25:20.047401+00:00
KXBTCD-26SEP2022-T81599.99,KXBTCD-26SEP2022,6,yes,0.83,no,False,-0.83,2026-09-21T02:05:24.553601+00:00,2026-09-21T01:25:20.047432+00:00
KXBTCD-26SEP2022-T81499.99,KXBTCD-26SEP2022,5,yes,0.89,no,False,-0.89,2026-09-21T02:05:24.553637+00:00,2026-09-21T01:25:20.047450+00:00
KXBTCD-26SEP2023-T81599.99,KXBTCD-26SEP2023,10,no,0.84,no,True,0.16,2026-09-21T03:05:28.018110+00:00,2026-09-21T02:05:24.560244+00:00
KXBTCD-26SEP2023-T81399.99,KXBTCD-26SEP2023,7,no,0.68,no,True,0.3199999999999999,2026-09-21T03:05:28.018165+00:00,2026-09-21T02:05:24.560287+00:00
KXBTCD-26SEP2023-T80799.99,KXBTCD-26SEP2023,6,yes,0.87,yes,True,0.13,2026-09-21T03:05:28.018200+00:00,2026-09-21T02:05:24.560338+00:00
KXBTCD-26SEP2023-T80699.99,KXBTCD-26SEP2023,9,yes,0.9,yes,True,0.0999999999999999,2026-09-21T03:05:28.018232+00:00,2026-09-21T02:05:24.560366+00:00
KXBTCD-26SEP2023-T80599.99,KXBTCD-26SEP2023,8,yes,0.93,yes,True,0.0699999999999999,2026-09-21T03:05:28.018263+00:00,2026-09-21T02:05:24.560392+00:00
KXBTCD-26SEP2023-T81499.99,KXBTCD-26SEP2023,8,no,0.79,no,True,0.2099999999999999,2026-09-21T03:05:28.018295+00:00,2026-09-21T02:10:24.980881+00:00
KXBTCD-26SEP2023-T80899.99,KXBTCD-26SEP2023,6,yes,0.85,yes,True,0.15,2026-09-21T03:05:28.018328+00:00,2026-09-21T02:10:24.980974+00:00
KXBTCD-26SEP2023-T80999.99,KXBTCD-26SEP2023,5,yes,0.92,yes,True,0.0799999999999999,2026-09-21T03:05:28.018361+00:00,2026-09-21T02:20:23.399628+00:00
KXBTCD-26SEP2023-T81699.99,KXBTCD-26SEP2023,10,no,0.86,no,True,0.14,2026-09-21T03:05:28.018394+00:00,2026-09-21T02:25:25.641162+00:00
KXBTCD-26SEP2023-T81099.99,KXBTCD-26SEP2023,5,yes,0.93,yes,True,0.0699999999999999,2026-09-21T03:05:28.018426+00:00,2026-09-21T02:30:19.748266+00:00
KXBTCD-26SEP2100-T81799.99,KXBTCD-26SEP2100,10,no,0.92,no,True,0.0799999999999999,2026-09-21T04:05:22.613832+00:00,2026-09-21T03:05:28.024736+00:00
KXBTCD-26SEP2100-T81599.99,KXBTCD-26SEP2100,7,no,0.77,no,True,0.2299999999999999,2026-09-21T04:05:22.613943+00:00,2026-09-21T03:05:28.024780+00:00
KXBTCD-26SEP2100-T81499.99,KXBTCD-26SEP2100,5,no,0.63,no,True,0.37,2026-09-21T04:05:22.614010+00:00,2026-09-21T03:05:28.024809+00:00
KXBTCD-26SEP2100-T81099.99,KXBTCD-26SEP2100,6,yes,0.89,yes,True,0.1099999999999999,2026-09-21T04:05:22.614071+00:00,2026-09-21T03:05:28.024838+00:00
KXBTCD-26SEP2100-T80999.99,KXBTCD-26SEP2100,8,yes,0.94,yes,True,0.06,2026-09-21T04:05:22.614129+00:00,2026-09-21T03:05:28.024866+00:00
KXBTCD-26SEP2100-T80899.99,KXBTCD-26SEP2100,9,yes,0.96,yes,True,0.04,2026-09-21T04:05:22.614189+00:00,2026-09-21T03:05:28.024892+00:00
KXBTCD-26SEP2100-T81999.99,KXBTCD-26SEP2100,9,no,0.98,no,True,0.02,2026-09-21T04:05:22.614249+00:00,2026-09-21T03:10:21.737163+00:00
KXBTCD-26SEP2100-T81699.99,KXBTCD-26SEP2100,6,no,0.93,no,True,0.0699999999999999,2026-09-21T04:05:22.614308+00:00,2026-09-21T03:10:21.737250+00:00
KXBTCD-26SEP2100-T81199.99,KXBTCD-26SEP2100,5,yes,0.95,yes,True,0.05,2026-09-21T04:05:22.614366+00:00,2026-09-21T03:40:24.828276+00:00
KXBTCD-26SEP2100-T81899.99,KXBTCD-26SEP2100,10,no,0.99,no,True,0.01,2026-09-21T04:05:22.614424+00:00,2026-09-21T03:45:21.005945+00:00
KXBTCD-26SEP2101-T81899.99,KXBTCD-26SEP2101,9,no,0.97,no,True,0.03,2026-09-21T05:05:20.929185+00:00,2026-09-21T04:05:22.621423+00:00
KXBTCD-26SEP2101-T81799.99,KXBTCD-26SEP2101,8,no,0.96,no,True,0.04,2026-09-21T05:05:20.929269+00:00,2026-09-21T04:05:22.621483+00:00
KXBTCD-26SEP2101-T81699.99,KXBTCD-26SEP2101,5,no,0.93,no,True,0.0699999999999999,2026-09-21T05:05:20.929334+00:00,2026-09-21T04:05:22.621533+00:00
KXBTCD-26SEP2101-T81199.99,KXBTCD-26SEP2101,6,yes,0.8,yes,True,0.1999999999999999,2026-09-21T05:05:20.929396+00:00,2026-09-21T04:05:22.621582+00:00
KXBTCD-26SEP2101-T81099.99,KXBTCD-26SEP2101,7,yes,0.9,yes,True,0.0999999999999999,2026-09-21T05:05:20.929495+00:00,2026-09-21T04:05:22.621630+00:00
KXBTCD-26SEP2101-T80999.99,KXBTCD-26SEP2101,10,yes,0.96,yes,True,0.04,2026-09-21T05:05:20.929566+00:00,2026-09-21T04:05:22.621678+00:00
KXBTCD-26SEP2101-T81599.99,KXBTCD-26SEP2101,5,no,0.91,no,True,0.0899999999999999,2026-09-21T05:05:20.929629+00:00,2026-09-21T04:10:22.084123+00:00
KXBTCD-26SEP2102-T81799.99,KXBTCD-26SEP2102,9,no,0.97,no,True,0.03,2026-09-21T06:05:20.635316+00:00,2026-09-21T05:05:20.936680+00:00
KXBTCD-26SEP2102-T81699.99,KXBTCD-26SEP2102,7,no,0.95,no,True,0.05,2026-09-21T06:05:20.635370+00:00,2026-09-21T05:05:20.936743+00:00
KXBTCD-26SEP2102-T81599.99,KXBTCD-26SEP2102,5,no,0.89,no,True,0.1099999999999999,2026-09-21T06:05:20.635405+00:00,2026-09-21T05:05:20.936796+00:00
KXBTCD-26SEP2102-T81099.99,KXBTCD-26SEP2102,6,yes,0.91,yes,True,0.0899999999999999,2026-09-21T06:05:20.635437+00:00,2026-09-21T05:05:20.936846+00:00
KXBTCD-26SEP2102-T80999.99,KXBTCD-26SEP2102,8,yes,0.96,yes,True,0.04,2026-09-21T06:05:20.635469+00:00,2026-09-21T05:05:20.936895+00:00
KXBTCD-26SEP2102-T80899.99,KXBTCD-26SEP2102,10,yes,0.97,yes,True,0.03,2026-09-21T06:05:20.635501+00:00,2026-09-21T05:05:20.936945+00:00
KXBTCD-26SEP2102-T81999.99,KXBTCD-26SEP2102,10,no,0.98,no,True,0.02,2026-09-21T06:05:20.635532+00:00,2026-09-21T05:30:22.500525+00:00
KXBTCD-26SEP2102-T81199.99,KXBTCD-26SEP2102,6,yes,0.97,yes,True,0.03,2026-09-21T06:05:20.635564+00:00,2026-09-21T05:30:22.500697+00:00
KXBTCD-26SEP2102-T81899.99,KXBTCD-26SEP2102,9,no,0.84,no,True,0.16,2026-09-21T06:05:20.635595+00:00,2026-09-21T05:35:24.792248+00:00
KXBTCD-26SEP2103-T81999.99,KXBTCD-26SEP2103,7,no,0.94,no,True,0.06,2026-09-21T07:05:24.682162+00:00,2026-09-21T06:05:20.641402+00:00
KXBTCD-26SEP2103-T81899.99,KXBTCD-26SEP2103,8,no,0.89,no,True,0.1099999999999999,2026-09-21T07:05:24.682246+00:00,2026-09-21T06:05:20.641443+00:00
KXBTCD-26SEP2103-T81399.99,KXBTCD-26SEP2103,5,yes,0.85,yes,True,0.15,2026-09-21T07:05:24.682312+00:00,2026-09-21T06:05:20.641472+00:00
KXBTCD-26SEP2103-T81299.99,KXBTCD-26SEP2103,6,yes,0.93,yes,True,0.0699999999999999,2026-09-21T07:05:24.682416+00:00,2026-09-21T06:05:20.641498+00:00
KXBTCD-26SEP2103-T81199.99,KXBTCD-26SEP2103,9,yes,0.96,yes,True,0.04,2026-09-21T07:05:24.682493+00:00,2026-09-21T06:05:20.641524+00:00
KXBTCD-26SEP2103-T81099.99,KXBTCD-26SEP2103,10,yes,0.97,yes,True,0.03,2026-09-21T07:05:24.682555+00:00,2026-09-21T06:05:20.641548+00:00
KXBTCD-26SEP2103-T81799.99,KXBTCD-26SEP2103,5,no,0.83,no,True,0.17,2026-09-21T07:05:24.682616+00:00,2026-09-21T06:10:23.523544+00:00
KXBTCD-26SEP2103-T82099.99,KXBTCD-26SEP2103,10,no,0.97,no,True,0.03,2026-09-21T07:05:24.682685+00:00,2026-09-21T06:15:26.981611+00:00
KXBTCD-26SEP2103-T82199.99,KXBTCD-26SEP2103,10,no,0.96,no,True,0.04,2026-09-21T07:05:24.682746+00:00,2026-09-21T06:25:21.169345+00:00
KXBTCD-26SEP2104-T82199.99,KXBTCD-26SEP2104,10,no,0.96,no,True,0.04,2026-09-21T08:05:20.340322+00:00,2026-09-21T07:05:24.689914+00:00
KXBTCD-26SEP2104-T81999.99,KXBTCD-26SEP2104,9,no,0.92,no,True,0.0799999999999999,2026-09-21T08:05:20.340403+00:00,2026-09-21T07:05:24.689978+00:00
KXBTCD-26SEP2104-T81799.99,KXBTCD-26SEP2104,5,no,0.77,no,True,0.2299999999999999,2026-09-21T08:05:20.340465+00:00,2026-09-21T07:05:24.690031+00:00
KXBTCD-26SEP2104-T81499.99,KXBTCD-26SEP2104,6,yes,0.7,yes,True,0.3,2026-09-21T08:05:20.340527+00:00,2026-09-21T07:05:24.690119+00:00
KXBTCD-26SEP2104-T81199.99,KXBTCD-26SEP2104,8,yes,0.94,yes,True,0.06,2026-09-21T08:05:20.340587+00:00,2026-09-21T07:05:24.690168+00:00
KXBTCD-26SEP2104-T82099.99,KXBTCD-26SEP2104,10,no,0.97,no,True,0.03,2026-09-21T08:05:20.340648+00:00,2026-09-21T07:10:04.040904+00:00
KXBTCD-26SEP2104-T81899.99,KXBTCD-26SEP2104,8,no,0.92,no,True,0.0799999999999999,2026-09-21T08:05:20.340709+00:00,2026-09-21T07:10:04.040972+00:00
KXBTCD-26SEP2104-T81399.99,KXBTCD-26SEP2104,5,yes,0.74,yes,True,0.26,2026-09-21T08:05:20.340770+00:00,2026-09-21T07:10:04.041017+00:00
KXBTCD-26SEP2104-T81299.99,KXBTCD-26SEP2104,5,yes,0.85,yes,True,0.15,2026-09-21T08:05:20.340830+00:00,2026-09-21T07:15:21.677976+00:00
KXBTCD-26SEP2104-T81099.99,KXBTCD-26SEP2104,10,yes,0.96,yes,True,0.04,2026-09-21T08:05:20.340890+00:00,2026-09-21T07:15:21.678035+00:00
KXBTCD-26SEP2105-T82399.99,KXBTCD-26SEP2105,8,no,0.96,yes,False,-0.96,2026-09-21T09:05:20.691604+00:00,2026-09-21T08:05:20.348235+00:00
KXBTCD-26SEP2105-T82199.99,KXBTCD-26SEP2105,10,no,0.91,yes,False,-0.91,2026-09-21T09:05:20.691657+00:00,2026-09-21T08:05:20.348299+00:00
KXBTCD-26SEP2105-T82099.99,KXBTCD-26SEP2105,5,no,0.84,yes,False,-0.84,2026-09-21T09:05:20.691691+00:00,2026-09-21T08:05:20.348353+00:00
KXBTCD-26SEP2105-T81599.99,KXBTCD-26SEP2105,6,yes,0.82,yes,True,0.18,2026-09-21T09:05:20.691725+00:00,2026-09-21T08:05:20.348401+00:00
KXBTCD-26SEP2105-T81499.99,KXBTCD-26SEP2105,9,yes,0.91,yes,True,0.0899999999999999,2026-09-21T09:05:20.691759+00:00,2026-09-21T08:05:20.348449+00:00
KXBTCD-26SEP2105-T81399.99,KXBTCD-26SEP2105,7,yes,0.95,yes,True,0.05,2026-09-21T09:05:20.691791+00:00,2026-09-21T08:05:20.348498+00:00
KXBTCD-26SEP2105-T82299.99,KXBTCD-26SEP2105,10,no,0.93,yes,False,-0.93,2026-09-21T09:05:20.691823+00:00,2026-09-21T08:10:22.455964+00:00
KXBTCD-26SEP2105-T81699.99,KXBTCD-26SEP2105,5,yes,0.93,yes,True,0.0699999999999999,2026-09-21T09:05:20.691856+00:00,2026-09-21T08:25:21.103518+00:00
KXBTCD-26SEP2105-T82599.99,KXBTCD-26SEP2105,10,no,0.6,yes,False,-0.6,2026-09-21T09:05:20.691887+00:00,2026-09-21T08:35:22.707830+00:00
KXBTCD-26SEP2105-T82499.99,KXBTCD-26SEP2105,7,yes,0.94,yes,True,0.06,2026-09-21T09:05:20.691918+00:00,2026-09-21T08:40:23.080621+00:00
KXBTCD-26SEP2105-T82699.99,KXBTCD-26SEP2105,10,yes,0.99,yes,True,0.01,2026-09-21T09:05:20.691951+00:00,2026-09-21T08:45:23.827011+00:00
KXBTCD-26SEP2105-T83499.99,KXBTCD-26SEP2105,7,yes,0.79,yes,True,0.2099999999999999,2026-09-21T09:05:20.691983+00:00,2026-09-21T08:50:20.254557+00:00
KXBTCD-26SEP2105-T83799.99,KXBTCD-26SEP2105,8,no,0.6,no,True,0.4,2026-09-21T09:05:20.692014+00:00,2026-09-21T08:55:21.413457+00:00
KXBTCD-26SEP2105-T83699.99,KXBTCD-26SEP2105,7,yes,0.64,yes,True,0.36,2026-09-21T09:05:20.692045+00:00,2026-09-21T08:55:21.413497+00:00
KXBTCD-26SEP2105-T83599.99,KXBTCD-26SEP2105,9,yes,0.81,yes,True,0.1899999999999999,2026-09-21T09:05:20.692076+00:00,2026-09-21T08:55:21.413519+00:00
KXBTCD-26SEP2105-T81899.99,KXBTCD-26SEP2105,5,yes,0.99,yes,True,0.01,2026-09-21T09:05:20.692108+00:00,2026-09-21T09:00:34.566214+00:00
KXBTCD-26SEP2105-T81799.99,KXBTCD-26SEP2105,8,yes,0.99,yes,True,0.01,2026-09-21T09:05:20.692138+00:00,2026-09-21T09:00:34.566255+00:00
KXBTCD-26SEP2106-T84499.99,KXBTCD-26SEP2106,8,no,0.86,yes,False,-0.86,2026-09-21T10:05:26.420150+00:00,2026-09-21T09:05:20.698038+00:00
KXBTCD-26SEP2106-T84199.99,KXBTCD-26SEP2106,10,no,0.74,yes,False,-0.74,2026-09-21T10:05:26.420233+00:00,2026-09-21T09:05:20.698083+00:00
KXBTCD-26SEP2106-T84099.99,KXBTCD-26SEP2106,7,no,0.69,yes,False,-0.69,2026-09-21T10:05:26.420297+00:00,2026-09-21T09:05:20.698113+00:00
KXBTCD-26SEP2106-T83599.99,KXBTCD-26SEP2106,6,yes,0.66,yes,True,0.3399999999999999,2026-09-21T10:05:26.420359+00:00,2026-09-21T09:05:20.698141+00:00
KXBTCD-26SEP2106-T83399.99,KXBTCD-26SEP2106,5,yes,0.78,yes,True,0.2199999999999999,2026-09-21T10:05:26.420422+00:00,2026-09-21T09:05:20.698166+00:00
KXBTCD-26SEP2106-T83199.99,KXBTCD-26SEP2106,9,yes,0.86,yes,True,0.14,2026-09-21T10:05:26.420484+00:00,2026-09-21T09:05:20.698191+00:00
KXBTCD-26SEP2106-T84999.99,KXBTCD-26SEP2106,9,no,0.95,no,True,0.05,2026-09-21T10:05:26.420545+00:00,2026-09-21T09:10:29.090247+00:00
KXBTCD-26SEP2106-T83799.99,KXBTCD-26SEP2106,5,yes,0.61,yes,True,0.39,2026-09-21T10:05:26.420606+00:00,2026-09-21T09:10:29.090382+00:00
KXBTCD-26SEP2106-T84399.99,KXBTCD-26SEP2106,10,no,0.85,yes,False,-0.85,2026-09-21T10:05:26.420689+00:00,2026-09-21T09:15:18.750067+00:00
KXBTCD-26SEP2106-T84299.99,KXBTCD-26SEP2106,7,no,0.78,yes,False,-0.78,2026-09-21T10:05:26.420756+00:00,2026-09-21T09:20:19.525045+00:00
KXBTCD-26SEP2106-T83499.99,KXBTCD-26SEP2106,10,yes,0.9,yes,True,0.0999999999999999,2026-09-21T10:05:26.420822+00:00,2026-09-21T09:20:19.525210+00:00
KXBTCD-26SEP2106-T83699.99,KXBTCD-26SEP2106,5,yes,0.77,yes,True,0.2299999999999999,2026-09-21T10:05:26.420887+00:00,2026-09-21T09:25:23.663597+00:00
KXBTCD-26SEP2106-T84599.99,KXBTCD-26SEP2106,10,no,0.61,yes,False,-0.61,2026-09-21T10:05:26.420948+00:00,2026-09-21T09:30:20.601715+00:00
KXBTCD-26SEP2106-T84699.99,KXBTCD-26SEP2106,8,no,0.6,no,True,0.4,2026-09-21T10:05:26.421008+00:00,2026-09-21T09:35:19.356096+00:00
KXBTCD-26SEP2106-T83899.99,KXBTCD-26SEP2106,6,yes,0.95,yes,True,0.05,2026-09-21T10:05:26.421067+00:00,2026-09-21T09:35:19.356262+00:00
KXBTCD-26SEP2106-T84899.99,KXBTCD-26SEP2106,5,yes,0.62,no,False,-0.62,2026-09-21T10:05:26.421174+00:00,2026-09-21T09:45:20.843497+00:00
KXBTCD-26SEP2106-T84799.99,KXBTCD-26SEP2106,8,yes,0.73,no,False,-0.73,2026-09-21T10:05:26.421235+00:00,2026-09-21T09:45:20.843541+00:00
KXBTCD-26SEP2106-T83999.99,KXBTCD-26SEP2106,6,yes,0.99,yes,True,0.01,2026-09-21T10:05:26.421297+00:00,2026-09-21T09:55:26.160216+00:00
KXBTCD-26SEP2107-T85599.99,KXBTCD-26SEP2107,8,no,0.94,no,True,0.06,2026-09-21T11:05:19.624913+00:00,2026-09-21T10:05:26.428825+00:00
KXBTCD-26SEP2107-T84999.99,KXBTCD-26SEP2107,6,no,0.79,no,True,0.2099999999999999,2026-09-21T11:05:19.624974+00:00,2026-09-21T10:05:26.428889+00:00
KXBTCD-26SEP2107-T84299.99,KXBTCD-26SEP2107,7,yes,0.69,yes,True,0.31,2026-09-21T11:05:19.625015+00:00,2026-09-21T10:05:26.429018+00:00
KXBTCD-26SEP2107-T84199.99,KXBTCD-26SEP2107,9,yes,0.76,yes,True,0.24,2026-09-21T11:05:19.625053+00:00,2026-09-21T10:05:26.429068+00:00
KXBTCD-26SEP2107-T84899.99,KXBTCD-26SEP2107,6,no,0.76,no,True,0.24,2026-09-21T11:05:19.625090+00:00,2026-09-21T10:10:54.787396+00:00
KXBTCD-26SEP2107-T83999.99,KXBTCD-26SEP2107,7,yes,0.89,yes,True,0.1099999999999999,2026-09-21T11:05:19.625125+00:00,2026-09-21T10:10:54.787573+00:00
KXBTCD-26SEP2107-T85099.99,KXBTCD-26SEP2107,7,no,0.89,no,True,0.1099999999999999,2026-09-21T11:05:19.625160+00:00,2026-09-21T10:15:27.412145+00:00
KXBTCD-26SEP2107-T84799.99,KXBTCD-26SEP2107,5,no,0.71,no,True,0.29,2026-09-21T11:05:19.625196+00:00,2026-09-21T10:15:27.412291+00:00
KXBTCD-26SEP2107-T84399.99,KXBTCD-26SEP2107,5,yes,0.76,yes,True,0.24,2026-09-21T11:05:19.625263+00:00,2026-09-21T10:20:23.898290+00:00
KXBTCD-26SEP2107-T84699.99,KXBTCD-26SEP2107,5,no,0.93,no,True,0.0699999999999999,2026-09-21T11:05:19.625329+00:00,2026-09-21T10:35:23.878589+00:00
KXBTCD-26SEP2107-T84099.99,KXBTCD-26SEP2107,10,yes,0.68,yes,True,0.3199999999999999,2026-09-21T11:05:19.625364+00:00,2026-09-21T10:35:23.878691+00:00
KXBTCD-26SEP2107-T84599.99,KXBTCD-26SEP2107,5,no,0.98,no,True,0.02,2026-09-21T11:05:19.625398+00:00,2026-09-21T10:50:22.047707+00:00
KXBTCD-26SEP2108-T84999.99,KXBTCD-26SEP2108,6,no,0.87,no,True,0.13,2026-09-21T12:05:24.024238+00:00,2026-09-21T11:05:19.631933+00:00
KXBTCD-26SEP2108-T84799.99,KXBTCD-26SEP2108,9,no,0.78,yes,False,-0.78,2026-09-21T12:05:24.024290+00:00,2026-09-21T11:05:19.632000+00:00
KXBTCD-26SEP2108-T83999.99,KXBTCD-26SEP2108,7,yes,0.88,yes,True,0.12,2026-09-21T12:05:24.024322+00:00,2026-09-21T11:05:19.632117+00:00
KXBTCD-26SEP2108-T84399.99,KXBTCD-26SEP2108,5,yes,0.65,yes,True,0.35,2026-09-21T12:05:24.024354+00:00,2026-09-21T11:10:19.383084+00:00
KXBTCD-26SEP2108-T84199.99,KXBTCD-26SEP2108,8,yes,0.83,yes,True,0.17,2026-09-21T12:05:24.024385+00:00,2026-09-21T11:10:19.383116+00:00
KXBTCD-26SEP2108-T84099.99,KXBTCD-26SEP2108,9,yes,0.88,yes,True,0.12,2026-09-21T12:05:24.024415+00:00,2026-09-21T11:10:19.383135+00:00
KXBTCD-26SEP2108-T85099.99,KXBTCD-26SEP2108,10,no,0.92,no,True,0.0799999999999999,2026-09-21T12:05:24.024445+00:00,2026-09-21T11:15:20.132914+00:00
KXBTCD-26SEP2108-T84299.99,KXBTCD-26SEP2108,5,yes,0.82,yes,True,0.18,2026-09-21T12:05:24.024494+00:00,2026-09-21T11:15:20.132983+00:00
KXBTCD-26SEP2108-T84899.99,KXBTCD-26SEP2108,10,no,0.86,no,True,0.14,2026-09-21T12:05:24.024529+00:00,2026-09-21T11:25:20.097943+00:00
KXBTCD-26SEP2108-T84499.99,KXBTCD-26SEP2108,5,yes,0.96,yes,True,0.04,2026-09-21T12:05:24.024562+00:00,2026-09-21T11:50:19.347631+00:00
KXBTCD-26SEP2109-T85599.99,KXBTCD-26SEP2109,5,no,0.9,no,True,0.0999999999999999,2026-09-21T13:05:22.600490+00:00,2026-09-21T12:05:24.030219+00:00
KXBTCD-26SEP2109-T85199.99,KXBTCD-26SEP2109,6,no,0.69,yes,False,-0.69,2026-09-21T13:05:22.600540+00:00,2026-09-21T12:05:24.030260+00:00
KXBTCD-26SEP2109-T85099.99,KXBTCD-26SEP2109,7,no,0.61,yes,False,-0.61,2026-09-21T13:05:22.600572+00:00,2026-09-21T12:05:24.030288+00:00
KXBTCD-26SEP2109-T84699.99,KXBTCD-26SEP2109,10,yes,0.71,yes,True,0.29,2026-09-21T13:05:22.600602+00:00,2026-09-21T12:05:24.030314+00:00
KXBTCD-26SEP2109-T84599.99,KXBTCD-26SEP2109,8,yes,0.79,yes,True,0.2099999999999999,2026-09-21T13:05:22.600631+00:00,2026-09-21T12:05:24.030337+00:00
KXBTCD-26SEP2109-T84499.99,KXBTCD-26SEP2109,9,yes,0.84,yes,True,0.16,2026-09-21T13:05:22.600660+00:00,2026-09-21T12:05:24.030361+00:00
KXBTCD-26SEP2109-T85499.99,KXBTCD-26SEP2109,10,no,0.88,no,True,0.12,2026-09-21T13:05:22.600688+00:00,2026-09-21T12:10:21.133062+00:00
KXBTCD-26SEP2109-T85299.99,KXBTCD-26SEP2109,6,no,0.79,yes,False,-0.79,2026-09-21T13:05:22.600720+00:00,2026-09-21T12:10:21.133109+00:00
KXBTCD-26SEP2109-T84799.99,KXBTCD-26SEP2109,6,yes,0.84,yes,True,0.16,2026-09-21T13:05:22.600749+00:00,2026-09-21T12:25:24.418660+00:00
KXBTCD-26SEP2109-T85399.99,KXBTCD-26SEP2109,7,no,0.75,no,True,0.25,2026-09-21T13:05:22.600776+00:00,2026-09-21T12:40:21.179316+00:00
KXBTCD-26SEP2109-T84899.99,KXBTCD-26SEP2109,5,yes,0.87,yes,True,0.13,2026-09-21T13:05:22.600803+00:00,2026-09-21T12:40:21.179359+00:00
KXBTCD-26SEP2109-T84999.99,KXBTCD-26SEP2109,5,yes,0.99,yes,True,0.01,2026-09-21T13:05:22.600830+00:00,2026-09-21T13:00:25.962629+00:00
KXBTCD-26SEP2110-T85599.99,KXBTCD-26SEP2110,9,no,0.73,no,True,0.27,2026-09-21T14:05:04.643536+00:00,2026-09-21T13:05:22.606061+00:00
KXBTCD-26SEP2110-T85399.99,KXBTCD-26SEP2110,7,no,0.61,yes,False,-0.61,2026-09-21T14:05:04.643600+00:00,2026-09-21T13:05:22.606102+00:00
KXBTCD-26SEP2110-T84899.99,KXBTCD-26SEP2110,8,yes,0.69,yes,True,0.31,2026-09-21T14:05:04.643642+00:00,2026-09-21T13:05:22.606156+00:00
KXBTCD-26SEP2110-T84799.99,KXBTCD-26SEP2110,10,yes,0.74,yes,True,0.26,2026-09-21T14:05:04.643680+00:00,2026-09-21T13:05:22.606183+00:00
KXBTCD-26SEP2110-T84499.99,KXBTCD-26SEP2110,6,yes,0.85,yes,True,0.15,2026-09-21T14:05:04.643717+00:00,2026-09-21T13:05:22.606208+00:00
KXBTCD-26SEP2110-T85999.99,KXBTCD-26SEP2110,8,no,0.84,no,True,0.16,2026-09-21T14:05:04.643754+00:00,2026-09-21T13:10:19.769595+00:00
KXBTCD-26SEP2110-T85099.99,KXBTCD-26SEP2110,5,yes,0.64,yes,True,0.36,2026-09-21T14:05:04.643791+00:00,2026-09-21T13:10:19.769682+00:00
KXBTCD-26SEP2110-T85499.99,KXBTCD-26SEP2110,5,no,0.68,no,True,0.3199999999999999,2026-09-21T14:05:04.643832+00:00,2026-09-21T13:15:25.044617+00:00
KXBTCD-26SEP2110-T84999.99,KXBTCD-26SEP2110,6,yes,0.63,yes,True,0.37,2026-09-21T14:05:04.643911+00:00,2026-09-21T13:15:25.044681+00:00
KXBTCD-26SEP2110-T87399.99,KXBTCD-26SEP2110,7,no,0.98,no,True,0.02,2026-09-21T14:05:04.643975+00:00,2026-09-21T13:20:21.870979+00:00
KXBTCD-26SEP2110-T84699.99,KXBTCD-26SEP2110,10,yes,0.64,yes,True,0.36,2026-09-21T14:05:04.644019+00:00,2026-09-21T13:30:23.595183+00:00
KXBTCD-26SEP2110-T84599.99,KXBTCD-26SEP2110,10,yes,0.88,yes,True,0.12,2026-09-21T14:05:04.644058+00:00,2026-09-21T13:40:27.183360+00:00
KXBTCD-26SEP2110-T85699.99,KXBTCD-26SEP2110,9,no,0.93,no,True,0.0699999999999999,2026-09-21T14:05:04.644095+00:00,2026-09-21T13:55:24.546698+00:00
KXBTCD-26SEP2111-T85599.99,KXBTCD-26SEP2111,6,no,0.7,yes,False,-0.7,2026-09-21T15:07:34.982289+00:00,2026-09-21T14:05:04.650820+00:00
KXBTCD-26SEP2111-T84999.99,KXBTCD-26SEP2111,5,yes,0.68,yes,True,0.3199999999999999,2026-09-21T15:07:34.982376+00:00,2026-09-21T14:05:04.650950+00:00
KXBTCD-26SEP2111-T84699.99,KXBTCD-26SEP2111,8,yes,0.82,yes,True,0.18,2026-09-21T15:07:34.982443+00:00,2026-09-21T14:05:04.650989+00:00
KXBTCD-26SEP2111-T84499.99,KXBTCD-26SEP2111,9,yes,0.88,yes,True,0.12,2026-09-21T15:07:34.982508+00:00,2026-09-21T14:05:04.651022+00:00
KXBTCD-26SEP2111-T86199.99,KXBTCD-26SEP2111,5,no,0.92,no,True,0.0799999999999999,2026-09-21T15:07:34.982601+00:00,2026-09-21T14:10:19.281880+00:00
KXBTCD-26SEP2111-T85899.99,KXBTCD-26SEP2111,7,no,0.86,no,True,0.14,2026-09-21T15:07:34.982674+00:00,2026-09-21T14:10:19.281933+00:00
KXBTCD-26SEP2111-T85399.99,KXBTCD-26SEP2111,10,no,0.62,yes,False,-0.62,2026-09-21T15:07:34.982737+00:00,2026-09-21T14:10:19.281981+00:00
KXBTCD-26SEP2111-T85099.99,KXBTCD-26SEP2111,8,yes,0.6,yes,True,0.4,2026-09-21T15:07:34.982802+00:00,2026-09-21T14:10:19.282010+00:00
KXBTCD-26SEP2111-T84899.99,KXBTCD-26SEP2111,6,yes,0.75,yes,True,0.25,2026-09-21T15:07:34.982868+00:00,2026-09-21T14:10:19.282035+00:00
KXBTCD-26SEP2111-T84599.99,KXBTCD-26SEP2111,10,yes,0.91,yes,True,0.0899999999999999,2026-09-21T15:07:34.982929+00:00,2026-09-21T14:15:23.138027+00:00
KXBTCD-26SEP2111-T85799.99,KXBTCD-26SEP2111,9,no,0.81,yes,False,-0.81,2026-09-21T15:07:34.982988+00:00,2026-09-21T14:20:23.420898+00:00
KXBTCD-26SEP2111-T85699.99,KXBTCD-26SEP2111,5,yes,0.76,yes,True,0.24,2026-09-21T15:07:34.983097+00:00,2026-09-21T14:35:22.435669+00:00
KXBTCD-26SEP2111-T85999.99,KXBTCD-26SEP2111,7,no,0.77,no,True,0.2299999999999999,2026-09-21T15:07:34.983167+00:00,2026-09-21T14:40:24.728106+00:00
KXBTCD-26SEP2111-T85199.99,KXBTCD-26SEP2111,8,yes,0.95,yes,True,0.05,2026-09-21T15:07:34.983230+00:00,2026-09-21T14:40:24.728369+00:00
KXBTCD-26SEP2111-T85299.99,KXBTCD-26SEP2111,7,yes,0.96,yes,True,0.04,2026-09-21T15:07:34.983290+00:00,2026-09-21T14:45:24.512223+00:00
KXBTCD-26SEP2111-T86099.99,KXBTCD-26SEP2111,10,no,0.78,no,True,0.2199999999999999,2026-09-21T15:07:34.983351+00:00,2026-09-21T14:50:20.708066+00:00
KXBTCD-26SEP2111-T85499.99,KXBTCD-26SEP2111,6,yes,0.97,yes,True,0.03,2026-09-21T15:07:34.983415+00:00,2026-09-21T14:50:20.708156+00:00
KXBTCD-26SEP2112-T86999.99,KXBTCD-26SEP2112,6,no,0.95,no,True,0.05,2026-09-21T16:05:29.974544+00:00,2026-09-21T15:07:34.991356+00:00
KXBTCD-26SEP2112-T86699.99,KXBTCD-26SEP2112,9,no,0.92,no,True,0.0799999999999999,2026-09-21T16:05:29.974621+00:00,2026-09-21T15:07:34.991425+00:00
KXBTCD-26SEP2112-T86499.99,KXBTCD-26SEP2112,8,no,0.86,no,True,0.14,2026-09-21T16:05:29.974684+00:00,2026-09-21T15:07:34.991478+00:00
KXBTCD-26SEP2112-T86399.99,KXBTCD-26SEP2112,5,no,0.82,no,True,0.18,2026-09-21T16:05:29.974783+00:00,2026-09-21T15:07:34.991528+00:00
KXBTCD-26SEP2112-T86199.99,KXBTCD-26SEP2112,10,no,0.7,no,True,0.3,2026-09-21T16:05:29.974859+00:00,2026-09-21T15:07:34.991601+00:00
KXBTCD-26SEP2112-T85699.99,KXBTCD-26SEP2112,7,yes,0.72,yes,True,0.28,2026-09-21T16:05:29.974927+00:00,2026-09-21T15:07:34.991656+00:00
KXBTCD-26SEP2112-T85599.99,KXBTCD-26SEP2112,10,yes,0.88,yes,True,0.12,2026-09-21T16:05:29.974993+00:00,2026-09-21T15:10:18.785529+00:00
KXBTCD-26SEP2112-T85799.99,KXBTCD-26SEP2112,7,yes,0.83,yes,True,0.17,2026-09-21T16:05:29.975058+00:00,2026-09-21T15:15:23.353612+00:00
KXBTCD-26SEP2112-T86599.99,KXBTCD-26SEP2112,10,no,0.83,no,True,0.17,2026-09-21T16:05:29.975120+00:00,2026-09-21T15:20:23.523368+00:00
KXBTCD-26SEP2112-T85899.99,KXBTCD-26SEP2112,6,yes,0.72,yes,True,0.28,2026-09-21T16:05:29.975182+00:00,2026-09-21T15:20:23.523516+00:00
KXBTCD-26SEP2112-T86299.99,KXBTCD-26SEP2112,5,no,0.81,no,True,0.1899999999999999,2026-09-21T16:05:29.975243+00:00,2026-09-21T15:25:32.353307+00:00
KXBTCD-26SEP2112-T86099.99,KXBTCD-26SEP2112,5,no,0.66,no,True,0.3399999999999999,2026-09-21T16:05:29.975353+00:00,2026-09-21T15:40:28.443781+00:00
KXBTCD-26SEP2113-T86399.99,KXBTCD-26SEP2113,10,no,0.9,no,True,0.0999999999999999,2026-09-21T17:05:20.395738+00:00,2026-09-21T16:05:29.982414+00:00
KXBTCD-26SEP2113-T86199.99,KXBTCD-26SEP2113,8,no,0.82,no,True,0.18,2026-09-21T17:05:20.395817+00:00,2026-09-21T16:05:29.982476+00:00
KXBTCD-26SEP2113-T85999.99,KXBTCD-26SEP2113,5,no,0.65,no,True,0.35,2026-09-21T17:05:20.395881+00:00,2026-09-21T16:05:29.982531+00:00
KXBTCD-26SEP2113-T85599.99,KXBTCD-26SEP2113,6,yes,0.73,yes,True,0.27,2026-09-21T17:05:20.395942+00:00,2026-09-21T16:05:29.982582+00:00
KXBTCD-26SEP2113-T85499.99,KXBTCD-26SEP2113,7,yes,0.81,yes,True,0.1899999999999999,2026-09-21T17:05:20.396006+00:00,2026-09-21T16:05:29.982632+00:00
KXBTCD-26SEP2113-T85299.99,KXBTCD-26SEP2113,9,yes,0.9,yes,True,0.0999999999999999,2026-09-21T17:05:20.396069+00:00,2026-09-21T16:05:29.982680+00:00
KXBTCD-26SEP2113-T86099.99,KXBTCD-26SEP2113,7,no,0.82,no,True,0.18,2026-09-21T17:05:20.396139+00:00,2026-09-21T16:10:30.460889+00:00
KXBTCD-26SEP2113-T84899.99,KXBTCD-26SEP2113,10,yes,0.96,yes,True,0.04,2026-09-21T17:05:20.396199+00:00,2026-09-21T16:10:30.461000+00:00
KXBTCD-26SEP2113-T85399.99,KXBTCD-26SEP2113,10,yes,0.83,yes,True,0.17,2026-09-21T17:05:20.396260+00:00,2026-09-21T16:15:23.275486+00:00
KXBTCD-26SEP2113-T86299.99,KXBTCD-26SEP2113,10,no,0.96,no,True,0.04,2026-09-21T17:05:20.396369+00:00,2026-09-21T16:50:24.681623+00:00
KXBTCD-26SEP2113-T85699.99,KXBTCD-26SEP2113,5,yes,0.99,yes,True,0.01,2026-09-21T17:05:20.396456+00:00,2026-09-21T17:00:25.831092+00:00
KXBTCD-26SEP2114-T86699.99,KXBTCD-26SEP2114,9,no,0.95,no,True,0.05,2026-09-21T18:05:19.734647+00:00,2026-09-21T17:05:20.403790+00:00
KXBTCD-26SEP2114-T86199.99,KXBTCD-26SEP2114,8,no,0.76,no,True,0.24,2026-09-21T18:05:19.734707+00:00,2026-09-21T17:05:20.403851+00:00
KXBTCD-26SEP2114-T86099.99,KXBTCD-26SEP2114,7,no,0.67,no,True,0.3299999999999999,2026-09-21T18:05:19.734750+00:00,2026-09-21T17:05:20.403904+00:00
KXBTCD-26SEP2114-T85699.99,KXBTCD-26SEP2114,6,yes,0.75,yes,True,0.25,2026-09-21T18:05:19.734792+00:00,2026-09-21T17:05:20.403986+00:00
KXBTCD-26SEP2114-T85499.99,KXBTCD-26SEP2114,10,yes,0.89,yes,True,0.1099999999999999,2026-09-21T18:05:19.734831+00:00,2026-09-21T17:05:20.404032+00:00
KXBTCD-26SEP2114-T86499.99,KXBTCD-26SEP2114,7,no,0.89,no,True,0.1099999999999999,2026-09-21T18:05:19.734868+00:00,2026-09-21T17:10:20.374252+00:00
KXBTCD-26SEP2114-T86299.99,KXBTCD-26SEP2114,9,no,0.75,no,True,0.25,2026-09-21T18:05:19.734904+00:00,2026-09-21T17:10:20.374322+00:00
KXBTCD-26SEP2114-T85599.99,KXBTCD-26SEP2114,5,yes,0.9,yes,True,0.0999999999999999,2026-09-21T18:05:19.734963+00:00,2026-09-21T17:10:20.374445+00:00
KXBTCD-26SEP2114-T86399.99,KXBTCD-26SEP2114,10,no,0.91,no,True,0.0899999999999999,2026-09-21T18:05:19.735005+00:00,2026-09-21T17:15:23.555747+00:00
KXBTCD-26SEP2115-T85499.99,KXBTCD-26SEP2115,6,yes,0.89,yes,True,0.1099999999999999,2026-09-21T19:05:57.586637+00:00,2026-09-21T18:00:34.267318+00:00
KXBTCD-26SEP2115-T86199.99,KXBTCD-26SEP2115,10,no,0.77,no,True,0.2299999999999999,2026-09-21T19:05:57.586719+00:00,2026-09-21T18:05:19.741514+00:00
KXBTCD-26SEP2115-T85799.99,KXBTCD-26SEP2115,5,yes,0.71,yes,True,0.29,2026-09-21T19:05:57.586780+00:00,2026-09-21T18:05:19.741567+00:00
KXBTCD-26SEP2115-T85599.99,KXBTCD-26SEP2115,9,yes,0.88,yes,True,0.12,2026-09-21T19:05:57.586845+00:00,2026-09-21T18:05:19.741607+00:00
KXBTCD-26SEP2115-T85399.99,KXBTCD-26SEP2115,6,yes,0.93,yes,True,0.0699999999999999,2026-09-21T19:05:57.586908+00:00,2026-09-21T18:05:19.741664+00:00
KXBTCD-26SEP2115-T85299.99,KXBTCD-26SEP2115,8,yes,0.96,yes,True,0.04,2026-09-21T19:05:57.586969+00:00,2026-09-21T18:05:19.741695+00:00
KXBTCD-26SEP2115-T86399.99,KXBTCD-26SEP2115,10,no,0.91,no,True,0.0899999999999999,2026-09-21T19:05:57.587029+00:00,2026-09-21T18:11:02.950088+00:00
KXBTCD-26SEP2115-T85699.99,KXBTCD-26SEP2115,5,yes,0.88,yes,True,0.12,2026-09-21T19:05:57.587125+00:00,2026-09-21T18:15:27.964066+00:00
KXBTCD-26SEP2115-T86299.99,KXBTCD-26SEP2115,8,no,0.84,no,True,0.16,2026-09-21T19:05:57.587193+00:00,2026-09-21T18:20:17.795682+00:00
KXBTCD-26SEP2115-T86099.99,KXBTCD-26SEP2115,5,no,0.78,no,True,0.2199999999999999,2026-09-21T19:05:57.587252+00:00,2026-09-21T18:40:25.121831+00:00
KXBTCD-26SEP2116-T86499.99,KXBTCD-26SEP2116,10,no,0.96,yes,False,-0.96,2026-09-21T20:05:18.794177+00:00,2026-09-21T19:05:57.594365+00:00
KXBTCD-26SEP2116-T86299.99,KXBTCD-26SEP2116,5,no,0.88,yes,False,-0.88,2026-09-21T20:05:18.794222+00:00,2026-09-21T19:05:57.594427+00:00
KXBTCD-26SEP2116-T86199.99,KXBTCD-26SEP2116,9,no,0.79,yes,False,-0.79,2026-09-21T20:05:18.794252+00:00,2026-09-21T19:05:57.594478+00:00
KXBTCD-26SEP2116-T85799.99,KXBTCD-26SEP2116,6,yes,0.8,yes,True,0.1999999999999999,2026-09-21T20:05:18.794286+00:00,2026-09-21T19:05:57.594527+00:00
KXBTCD-26SEP2116-T85699.99,KXBTCD-26SEP2116,7,yes,0.88,yes,True,0.12,2026-09-21T20:05:18.794316+00:00,2026-09-21T19:05:57.594575+00:00
KXBTCD-26SEP2116-T85499.99,KXBTCD-26SEP2116,8,yes,0.97,yes,True,0.03,2026-09-21T20:05:18.794396+00:00,2026-09-21T19:05:57.594621+00:00
KXBTCD-26SEP2116-T70599.99,KXBTCD-26SEP2116,8,yes,0.99,yes,True,0.01,2026-09-21T20:05:18.794430+00:00,2026-09-21T19:10:26.027675+00:00
KXBTCD-26SEP2116-T86399.99,KXBTCD-26SEP2116,8,no,0.94,yes,False,-0.94,2026-09-21T20:05:18.794460+00:00,2026-09-21T19:15:29.019916+00:00
KXBTCD-26SEP2116-T86699.99,KXBTCD-26SEP2116,10,no,0.95,no,True,0.05,2026-09-21T20:05:18.794489+00:00,2026-09-21T19:25:21.808642+00:00
KXBTCD-26SEP2116-T86599.99,KXBTCD-26SEP2116,9,no,0.92,no,True,0.0799999999999999,2026-09-21T20:05:18.794528+00:00,2026-09-21T19:25:21.808692+00:00
KXBTCD-26SEP2116-T85899.99,KXBTCD-26SEP2116,6,yes,0.9,yes,True,0.0999999999999999,2026-09-21T20:05:18.794558+00:00,2026-09-21T19:25:21.808757+00:00
KXBTCD-26SEP2116-T85999.99,KXBTCD-26SEP2116,5,yes,0.97,yes,True,0.03,2026-09-21T20:05:18.794587+00:00,2026-09-21T19:35:20.079112+00:00
KXBTCD-26SEP2116-T86799.99,KXBTCD-26SEP2116,10,no,0.8,no,True,0.1999999999999999,2026-09-21T20:05:18.794640+00:00,2026-09-21T19:40:26.337579+00:00
KXBTCD-26SEP2116-T86099.99,KXBTCD-26SEP2116,6,yes,0.97,yes,True,0.03,2026-09-21T20:05:18.794715+00:00,2026-09-21T19:45:57.476149+00:00
KXBTCD-26SEP2117-T82999.99,KXBTCD-26SEP2117,10,no,0.87,yes,False,-0.87,2026-09-21T21:05:20.452103+00:00,2026-09-20T20:10:19.269891+00:00
KXBTCD-26SEP2117-T82749.99,KXBTCD-26SEP2117,5,no,0.81,yes,False,-0.81,2026-09-21T21:05:20.452151+00:00,2026-09-20T20:10:19.269940+00:00
KXBTCD-26SEP2117-T82499.99,KXBTCD-26SEP2117,6,no,0.77,yes,False,-0.77,2026-09-21T21:05:20.452183+00:00,2026-09-20T20:10:19.269970+00:00
KXBTCD-26SEP2117-T80249.99,KXBTCD-26SEP2117,7,yes,0.71,yes,True,0.29,2026-09-21T21:05:20.452213+00:00,2026-09-20T20:10:19.270011+00:00
KXBTCD-26SEP2117-T79749.99,KXBTCD-26SEP2117,8,yes,0.79,yes,True,0.2099999999999999,2026-09-21T21:05:20.452257+00:00,2026-09-20T20:10:19.270040+00:00
KXBTCD-26SEP2117-T79499.99,KXBTCD-26SEP2117,9,yes,0.83,yes,True,0.17,2026-09-21T21:05:20.452287+00:00,2026-09-20T20:10:19.270064+00:00
KXBTCD-26SEP2117-T82249.99,KXBTCD-26SEP2117,7,no,0.73,yes,False,-0.73,2026-09-21T21:05:20.452316+00:00,2026-09-20T20:15:55.084046+00:00
KXBTCD-26SEP2117-T81999.99,KXBTCD-26SEP2117,8,no,0.7,yes,False,-0.7,2026-09-21T21:05:20.452344+00:00,2026-09-20T20:15:55.084109+00:00
KXBTCD-26SEP2117-T79999.99,KXBTCD-26SEP2117,5,yes,0.77,yes,True,0.2299999999999999,2026-09-21T21:05:20.452373+00:00,2026-09-20T20:30:24.788252+00:00
KXBTCD-26SEP2117-T81749.99,KXBTCD-26SEP2117,5,no,0.71,yes,False,-0.71,2026-09-21T21:05:20.452403+00:00,2026-09-20T21:10:19.437754+00:00
KXBTCD-26SEP2117-T78749.99,KXBTCD-26SEP2117,9,yes,0.91,yes,True,0.0899999999999999,2026-09-21T21:05:20.452433+00:00,2026-09-20T21:10:19.437924+00:00
KXBTCD-26SEP2117-T81499.99,KXBTCD-26SEP2117,7,no,0.7,yes,False,-0.7,2026-09-21T21:05:20.452462+00:00,2026-09-20T21:15:22.143834+00:00
KXBTCD-26SEP2117-T79249.99,KXBTCD-26SEP2117,5,yes,0.81,yes,True,0.1899999999999999,2026-09-21T21:05:20.452491+00:00,2026-09-20T21:15:22.143950+00:00
KXBTCD-26SEP2117-T78999.99,KXBTCD-26SEP2117,8,yes,0.89,yes,True,0.1099999999999999,2026-09-21T21:05:20.452520+00:00,2026-09-20T21:40:21.097571+00:00
KXBTCD-26SEP2117-T80749.99,KXBTCD-26SEP2117,7,yes,0.6,yes,True,0.4,2026-09-21T21:05:20.452552+00:00,2026-09-20T22:10:21.827156+00:00
KXBTCD-26SEP2117-T80499.99,KXBTCD-26SEP2117,7,yes,0.68,yes,True,0.3199999999999999,2026-09-21T21:05:20.452581+00:00,2026-09-20T22:15:19.641808+00:00
KXBTCD-26SEP2117-T83249.99,KXBTCD-26SEP2117,5,no,0.84,yes,False,-0.84,2026-09-21T21:05:20.452611+00:00,2026-09-21T00:10:24.084042+00:00
KXBTCD-26SEP2117-T80999.99,KXBTCD-26SEP2117,8,yes,0.62,yes,True,0.38,2026-09-21T21:05:20.452639+00:00,2026-09-21T00:10:24.084205+00:00
KXBTCD-26SEP2117-T83999.99,KXBTCD-26SEP2117,10,yes,0.66,yes,True,0.3399999999999999,2026-09-21T21:05:20.452666+00:00,2026-09-21T09:40:18.939780+00:00
KXBTCD-26SEP2117-T84999.99,KXBTCD-26SEP2117,8,no,0.6,yes,False,-0.6,2026-09-21T21:05:20.452693+00:00,2026-09-21T10:15:27.412404+00:00
KXBTCD-26SEP2117-T85749.99,KXBTCD-26SEP2117,8,no,0.74,yes,False,-0.74,2026-09-21T21:05:20.452720+00:00,2026-09-21T10:20:23.898364+00:00
KXBTCD-26SEP2117-T81249.99,KXBTCD-26SEP2117,5,yes,0.97,yes,True,0.03,2026-09-21T21:05:20.452770+00:00,2026-09-21T15:00:23.402251+00:00
KXBTCD-26SEP2117-T85499.99,KXBTCD-26SEP2117,10,yes,0.63,yes,True,0.37,2026-09-21T21:05:20.452808+00:00,2026-09-21T15:30:21.860363+00:00
KXBTCD-26SEP2117-T85999.99,KXBTCD-26SEP2117,8,no,0.62,yes,False,-0.62,2026-09-21T21:05:20.452856+00:00,2026-09-21T16:35:18.988747+00:00
KXBTCD-26SEP2117-T86499.99,KXBTCD-26SEP2117,8,yes,0.78,yes,True,0.2199999999999999,2026-09-21T21:05:20.452900+00:00,2026-09-21T19:35:20.079205+00:00
KXBTCD-26SEP2117-T86999.99,KXBTCD-26SEP2117,10,no,0.81,no,True,0.1899999999999999,2026-09-21T21:05:20.452932+00:00,2026-09-21T19:40:26.337814+00:00
KXBTCD-26SEP2117-T86249.99,KXBTCD-26SEP2117,8,yes,0.76,yes,True,0.24,2026-09-21T21:05:20.452961+00:00,2026-09-21T19:40:26.337898+00:00
KXBTCD-26SEP2117-T86749.99,KXBTCD-26SEP2117,8,no,0.63,yes,False,-0.63,2026-09-21T21:05:20.453104+00:00,2026-09-21T20:05:18.799905+00:00
KXBTCD-26SEP2117-T87249.99,KXBTCD-26SEP2117,9,no,0.82,no,True,0.18,2026-09-21T21:05:20.453255+00:00,2026-09-21T20:25:28.733019+00:00
KXBTCD-26SEP2117-T87499.99,KXBTCD-26SEP2117,10,no,0.71,no,True,0.29,2026-09-21T21:05:20.453310+00:00,2026-09-21T20:30:33.750796+00:00
KXBTCD-26SEP2118-T87199.99,KXBTCD-26SEP2118,8,no,0.87,no,True,0.13,2026-09-21T22:05:23.054881+00:00,2026-09-21T21:05:20.458777+00:00
KXBTCD-26SEP2118-T87099.99,KXBTCD-26SEP2118,10,no,0.81,no,True,0.1899999999999999,2026-09-21T22:05:23.054959+00:00,2026-09-21T21:05:20.458804+00:00
KXBTCD-26SEP2118-T86499.99,KXBTCD-26SEP2118,6,yes,0.73,yes,True,0.27,2026-09-21T22:05:23.055020+00:00,2026-09-21T21:05:20.458847+00:00
KXBTCD-26SEP2118-T86399.99,KXBTCD-26SEP2118,9,yes,0.8,yes,True,0.1999999999999999,2026-09-21T22:05:23.055114+00:00,2026-09-21T21:05:20.458870+00:00
KXBTCD-26SEP2118-T86299.99,KXBTCD-26SEP2118,7,yes,0.86,yes,True,0.14,2026-09-21T22:05:23.055190+00:00,2026-09-21T21:05:20.458893+00:00
KXBTCD-26SEP2118-T86999.99,KXBTCD-26SEP2118,5,no,0.83,no,True,0.17,2026-09-21T22:05:23.055299+00:00,2026-09-21T21:10:19.905137+00:00
KXBTCD-26SEP2118-T86899.99,KXBTCD-26SEP2118,5,no,0.86,no,True,0.14,2026-09-21T22:05:23.055359+00:00,2026-09-21T21:20:21.124016+00:00
KXBTCD-26SEP2118-T86199.99,KXBTCD-26SEP2118,10,yes,0.9,yes,True,0.0999999999999999,2026-09-21T22:05:23.055419+00:00,2026-09-21T21:20:21.124144+00:00
KXBTCD-26SEP2118-T86099.99,KXBTCD-26SEP2118,9,yes,0.94,yes,True,0.06,2026-09-21T22:05:23.055482+00:00,2026-09-21T21:20:21.124193+00:00
KXBTCD-26SEP2119-T86999.99,KXBTCD-26SEP2119,5,no,0.88,no,True,0.12,2026-09-21T23:05:19.878301+00:00,2026-09-21T22:05:23.062681+00:00
KXBTCD-26SEP2119-T86899.99,KXBTCD-26SEP2119,6,no,0.81,no,True,0.1899999999999999,2026-09-21T23:05:19.878385+00:00,2026-09-21T22:05:23.062743+00:00
KXBTCD-26SEP2119-T86799.99,KXBTCD-26SEP2119,8,no,0.7,no,True,0.3,2026-09-21T23:05:19.878449+00:00,2026-09-21T22:05:23.062793+00:00
KXBTCD-26SEP2119-T86299.99,KXBTCD-26SEP2119,7,yes,0.88,yes,True,0.12,2026-09-21T23:05:19.878510+00:00,2026-09-21T22:05:23.062841+00:00
KXBTCD-26SEP2119-T86199.99,KXBTCD-26SEP2119,9,yes,0.93,yes,True,0.0699999999999999,2026-09-21T23:05:19.878571+00:00,2026-09-21T22:05:23.062887+00:00
KXBTCD-26SEP2119-T85999.99,KXBTCD-26SEP2119,10,yes,0.96,yes,True,0.04,2026-09-21T23:05:19.878633+00:00,2026-09-21T22:05:23.062932+00:00
KXBTCD-26SEP2119-T86099.99,KXBTCD-26SEP2119,10,yes,0.91,yes,True,0.0899999999999999,2026-09-21T23:05:19.878743+00:00,2026-09-21T22:30:23.646234+00:00
KXBTCD-26SEP2119-T86699.99,KXBTCD-26SEP2119,5,no,0.97,no,True,0.03,2026-09-21T23:05:19.878808+00:00,2026-09-21T22:45:24.987671+00:00
KXBTCD-26SEP2120-T87099.99,KXBTCD-26SEP2120,10,no,0.96,no,True,0.04,2026-09-22T00:05:24.072134+00:00,2026-09-21T23:05:19.886214+00:00
KXBTCD-26SEP2120-T86999.99,KXBTCD-26SEP2120,9,no,0.93,no,True,0.0699999999999999,2026-09-22T00:05:24.072216+00:00,2026-09-21T23:05:19.886272+00:00
KXBTCD-26SEP2120-T86899.99,KXBTCD-26SEP2120,7,no,0.91,no,True,0.0899999999999999,2026-09-22T00:05:24.072280+00:00,2026-09-21T23:05:19.886320+00:00
KXBTCD-26SEP2120-T86799.99,KXBTCD-26SEP2120,5,no,0.85,no,True,0.15,2026-09-22T00:05:24.072342+00:00,2026-09-21T23:05:19.886368+00:00
KXBTCD-26SEP2120-T86699.99,KXBTCD-26SEP2120,8,no,0.75,no,True,0.25,2026-09-22T00:05:24.072403+00:00,2026-09-21T23:05:19.886413+00:00
KXBTCD-26SEP2120-T86199.99,KXBTCD-26SEP2120,6,yes,0.88,yes,True,0.12,2026-09-22T00:05:24.072463+00:00,2026-09-21T23:05:19.886458+00:00
KXBTCD-26SEP2120-T86299.99,KXBTCD-26SEP2120,5,yes,0.79,yes,True,0.2099999999999999,2026-09-22T00:05:24.072552+00:00,2026-09-21T23:10:23.829756+00:00
KXBTCD-26SEP2120-T85899.99,KXBTCD-26SEP2120,10,yes,0.97,yes,True,0.03,2026-09-22T00:05:24.072623+00:00,2026-09-21T23:10:23.829835+00:00
KXBTCD-26SEP2120-T86099.99,KXBTCD-26SEP2120,10,yes,0.96,yes,True,0.04,2026-09-22T00:05:24.072687+00:00,2026-09-21T23:25:21.242176+00:00
KXBTCD-26SEP2120-T85999.99,KXBTCD-26SEP2120,9,yes,0.99,yes,True,0.01,2026-09-22T00:05:24.072749+00:00,2026-09-21T23:40:21.062894+00:00
KXBTCD-26SEP2121-T86799.99,KXBTCD-26SEP2121,6,no,0.75,no,True,0.25,2026-09-22T01:05:24.704875+00:00,2026-09-22T00:00:29.374890+00:00
KXBTCD-26SEP2121-T86699.99,KXBTCD-26SEP2121,5,no,0.64,no,True,0.36,2026-09-22T01:05:24.704925+00:00,2026-09-22T00:00:29.374960+00:00
KXBTCD-26SEP2121-T86999.99,KXBTCD-26SEP2121,10,no,0.96,no,True,0.04,2026-09-22T01:05:24.704957+00:00,2026-09-22T00:05:24.080362+00:00
KXBTCD-26SEP2121-T86599.99,KXBTCD-26SEP2121,5,no,0.76,no,True,0.24,2026-09-22T01:05:24.704987+00:00,2026-09-22T00:05:24.080452+00:00
KXBTCD-26SEP2121-T86199.99,KXBTCD-26SEP2121,6,yes,0.74,no,False,-0.74,2026-09-22T01:05:24.705018+00:00,2026-09-22T00:05:24.080526+00:00
KXBTCD-26SEP2121-T86099.99,KXBTCD-26SEP2121,7,yes,0.82,no,False,-0.82,2026-09-22T01:05:24.705047+00:00,2026-09-22T00:05:24.080580+00:00
KXBTCD-26SEP2121-T85999.99,KXBTCD-26SEP2121,9,yes,0.89,no,False,-0.89,2026-09-22T01:05:24.705076+00:00,2026-09-22T00:05:24.080627+00:00
KXBTCD-26SEP2121-T85899.99,KXBTCD-26SEP2121,9,yes,0.9,no,False,-0.9,2026-09-22T01:05:24.705108+00:00,2026-09-22T00:10:22.842080+00:00
KXBTCD-26SEP2122-T86299.99,KXBTCD-26SEP2122,7,no,0.84,no,True,0.16,2026-09-22T02:05:18.558823+00:00,2026-09-22T01:00:31.969923+00:00
KXBTCD-26SEP2122-T85799.99,KXBTCD-26SEP2122,6,yes,0.62,no,False,-0.62,2026-09-22T02:05:18.558900+00:00,2026-09-22T01:00:31.969982+00:00
KXBTCD-26SEP2122-T86099.99,KXBTCD-26SEP2122,8,no,0.83,no,True,0.17,2026-09-22T02:05:18.558965+00:00,2026-09-22T01:05:24.710416+00:00
KXBTCD-26SEP2122-T85399.99,KXBTCD-26SEP2122,9,yes,0.75,yes,True,0.25,2026-09-22T02:05:18.559028+00:00,2026-09-22T01:05:24.710486+00:00
KXBTCD-26SEP2122-T85199.99,KXBTCD-26SEP2122,10,yes,0.88,yes,True,0.12,2026-09-22T02:05:18.559140+00:00,2026-09-22T01:05:24.710513+00:00
KXBTCD-26SEP2122-T84999.99,KXBTCD-26SEP2122,7,yes,0.93,yes,True,0.0699999999999999,2026-09-22T02:05:18.559218+00:00,2026-09-22T01:05:24.710537+00:00
KXBTCD-26SEP2122-T86199.99,KXBTCD-26SEP2122,10,no,0.85,no,True,0.15,2026-09-22T02:05:18.559283+00:00,2026-09-22T01:08:00.977324+00:00
KXBTCD-26SEP2122-T85599.99,KXBTCD-26SEP2122,5,yes,0.7,no,False,-0.7,2026-09-22T02:05:18.559350+00:00,2026-09-22T01:08:00.977453+00:00
KXBTCD-26SEP2122-T85499.99,KXBTCD-26SEP2122,6,yes,0.78,yes,True,0.2199999999999999,2026-09-22T02:05:18.559413+00:00,2026-09-22T01:08:00.977504+00:00
KXBTCD-26SEP2122-T85899.99,KXBTCD-26SEP2122,5,no,0.69,no,True,0.31,2026-09-22T02:05:18.559475+00:00,2026-09-22T01:15:20.665232+00:00
KXBTCD-26SEP2122-T85299.99,KXBTCD-26SEP2122,10,yes,0.8,yes,True,0.1999999999999999,2026-09-22T02:05:18.559535+00:00,2026-09-22T01:20:59.728832+00:00
KXBTCD-26SEP2122-T85999.99,KXBTCD-26SEP2122,5,no,0.8,no,True,0.1999999999999999,2026-09-22T02:05:18.559648+00:00,2026-09-22T01:35:21.380195+00:00
KXBTCD-26SEP2123-T85999.99,KXBTCD-26SEP2123,5,no,0.91,no,True,0.0899999999999999,2026-09-22T03:05:30.164347+00:00,2026-09-22T02:05:18.567205+00:00
KXBTCD-26SEP2123-T85899.99,KXBTCD-26SEP2123,8,no,0.87,no,True,0.13,2026-09-22T03:05:30.164427+00:00,2026-09-22T02:05:18.567263+00:00
KXBTCD-26SEP2123-T85799.99,KXBTCD-26SEP2123,10,no,0.81,no,True,0.1899999999999999,2026-09-22T03:05:30.164489+00:00,2026-09-22T02:05:18.567311+00:00
KXBTCD-26SEP2123-T85699.99,KXBTCD-26SEP2123,7,no,0.7,yes,False,-0.7,2026-09-22T03:05:30.164550+00:00,2026-09-22T02:05:18.567359+00:00
KXBTCD-26SEP2123-T85299.99,KXBTCD-26SEP2123,6,yes,0.77,yes,True,0.2299999999999999,2026-09-22T03:05:30.164610+00:00,2026-09-22T02:05:18.567405+00:00
KXBTCD-26SEP2123-T85199.99,KXBTCD-26SEP2123,9,yes,0.85,yes,True,0.15,2026-09-22T03:05:30.164671+00:00,2026-09-22T02:05:18.567450+00:00
KXBTCD-26SEP2123-T84999.99,KXBTCD-26SEP2123,7,yes,0.93,yes,True,0.0699999999999999,2026-09-22T03:05:30.164757+00:00,2026-09-22T02:10:23.624056+00:00
KXBTCD-26SEP2123-T85399.99,KXBTCD-26SEP2123,5,yes,0.98,yes,True,0.02,2026-09-22T03:05:30.164825+00:00,2026-09-22T02:45:23.319813+00:00
KXBTCD-26SEP2123-T86099.99,KXBTCD-26SEP2123,10,no,0.99,no,True,0.01,2026-09-22T03:05:30.164886+00:00,2026-09-22T02:55:23.448451+00:00
KXBTCD-26SEP2200-T86099.99,KXBTCD-26SEP2200,9,no,0.91,no,True,0.0899999999999999,2026-09-22T04:05:20.018220+00:00,2026-09-22T03:05:30.172173+00:00
KXBTCD-26SEP2200-T85899.99,KXBTCD-26SEP2200,7,no,0.74,no,True,0.26,2026-09-22T04:05:20.018297+00:00,2026-09-22T03:05:30.172230+00:00
KXBTCD-26SEP2200-T85799.99,KXBTCD-26SEP2200,5,no,0.62,no,True,0.38,2026-09-22T04:05:20.018392+00:00,2026-09-22T03:05:30.172279+00:00
KXBTCD-26SEP2200-T85299.99,KXBTCD-26SEP2200,8,yes,0.91,yes,True,0.0899999999999999,2026-09-22T04:05:20.018460+00:00,2026-09-22T03:05:30.172362+00:00
KXBTCD-26SEP2200-T85199.99,KXBTCD-26SEP2200,10,yes,0.94,yes,True,0.06,2026-09-22T04:05:20.018522+00:00,2026-09-22T03:05:30.172406+00:00
KXBTCD-26SEP2200-T85999.99,KXBTCD-26SEP2200,6,no,0.91,no,True,0.0899999999999999,2026-09-22T04:05:20.018583+00:00,2026-09-22T03:10:21.430094+00:00
KXBTCD-26SEP2200-T85399.99,KXBTCD-26SEP2200,5,yes,0.75,yes,True,0.25,2026-09-22T04:05:20.018653+00:00,2026-09-22T03:10:21.430189+00:00
KXBTCD-26SEP2200-T84999.99,KXBTCD-26SEP2200,10,yes,0.96,yes,True,0.04,2026-09-22T04:05:20.018719+00:00,2026-09-22T03:15:30.917623+00:00
KXBTCD-26SEP2201-T86299.99,KXBTCD-26SEP2201,10,no,0.97,no,True,0.03,2026-09-22T05:05:20.423384+00:00,2026-09-22T04:05:20.025708+00:00
KXBTCD-26SEP2201-T85999.99,KXBTCD-26SEP2201,8,no,0.88,no,True,0.12,2026-09-22T05:05:20.423434+00:00,2026-09-22T04:05:20.025769+00:00
KXBTCD-26SEP2201-T85899.99,KXBTCD-26SEP2201,9,no,0.78,no,True,0.2199999999999999,2026-09-22T05:05:20.423466+00:00,2026-09-22T04:05:20.025821+00:00
KXBTCD-26SEP2201-T85399.99,KXBTCD-26SEP2201,5,yes,0.85,yes,True,0.15,2026-09-22T05:05:20.423495+00:00,2026-09-22T04:05:20.025871+00:00
KXBTCD-26SEP2201-T85299.99,KXBTCD-26SEP2201,6,yes,0.91,yes,True,0.0899999999999999,2026-09-22T05:05:20.423524+00:00,2026-09-22T04:05:20.025920+00:00
KXBTCD-26SEP2201-T85099.99,KXBTCD-26SEP2201,7,yes,0.96,yes,True,0.04,2026-09-22T05:05:20.423553+00:00,2026-09-22T04:05:20.025968+00:00
KXBTCD-26SEP2201-T85199.99,KXBTCD-26SEP2201,10,yes,0.94,yes,True,0.06,2026-09-22T05:05:20.423584+00:00,2026-09-22T04:10:23.759797+00:00
KXBTCD-26SEP2201-T85799.99,KXBTCD-26SEP2201,5,no,0.91,no,True,0.0899999999999999,2026-09-22T05:05:20.423637+00:00,2026-09-22T04:30:59.319544+00:00
KXBTCD-26SEP2202-T85699.99,KXBTCD-26SEP2202,8,no,0.88,no,True,0.12,2026-09-22T06:05:20.909318+00:00,2026-09-22T05:05:20.428818+00:00
KXBTCD-26SEP2202-T85299.99,KXBTCD-26SEP2202,6,yes,0.63,yes,True,0.37,2026-09-22T06:05:20.909395+00:00,2026-09-22T05:05:20.428858+00:00
KXBTCD-26SEP2202-T85199.99,KXBTCD-26SEP2202,7,yes,0.77,yes,True,0.2299999999999999,2026-09-22T06:05:20.909459+00:00,2026-09-22T05:05:20.428888+00:00
KXBTCD-26SEP2202-T84999.99,KXBTCD-26SEP2202,5,yes,0.92,yes,True,0.0799999999999999,2026-09-22T06:05:20.909568+00:00,2026-09-22T05:05:20.428914+00:00
KXBTCD-26SEP2202-T84899.99,KXBTCD-26SEP2202,9,yes,0.95,yes,True,0.05,2026-09-22T06:05:20.909649+00:00,2026-09-22T05:05:20.428964+00:00
KXBTCD-26SEP2202-T84799.99,KXBTCD-26SEP2202,10,yes,0.97,yes,True,0.03,2026-09-22T06:05:20.909718+00:00,2026-09-22T05:05:20.428991+00:00
KXBTCD-26SEP2202-T85799.99,KXBTCD-26SEP2202,10,no,0.92,no,True,0.0799999999999999,2026-09-22T06:05:20.909782+00:00,2026-09-22T05:10:19.907507+00:00
KXBTCD-26SEP2202-T85099.99,KXBTCD-26SEP2202,5,yes,0.89,yes,True,0.1099999999999999,2026-09-22T06:05:20.909856+00:00,2026-09-22T05:15:19.931755+00:00
KXBTCD-26SEP2202-T85599.99,KXBTCD-26SEP2202,6,no,0.93,no,True,0.0699999999999999,2026-09-22T06:05:20.909915+00:00,2026-09-22T05:20:54.204090+00:00
KXBTCD-26SEP2203-T85699.99,KXBTCD-26SEP2203,10,no,0.92,no,True,0.0799999999999999,2026-09-22T07:05:21.502726+00:00,2026-09-22T06:05:20.917034+00:00
KXBTCD-26SEP2203-T85599.99,KXBTCD-26SEP2203,9,no,0.86,no,True,0.14,2026-09-22T07:05:21.502824+00:00,2026-09-22T06:05:20.917099+00:00
KXBTCD-26SEP2203-T85199.99,KXBTCD-26SEP2203,5,yes,0.67,yes,True,0.3299999999999999,2026-09-22T07:05:21.502892+00:00,2026-09-22T06:05:20.917153+00:00
KXBTCD-26SEP2203-T84999.99,KXBTCD-26SEP2203,7,yes,0.87,yes,True,0.13,2026-09-22T07:05:21.502957+00:00,2026-09-22T06:05:20.917204+00:00
KXBTCD-26SEP2203-T84899.99,KXBTCD-26SEP2203,6,yes,0.92,yes,True,0.0799999999999999,2026-09-22T07:05:21.503049+00:00,2026-09-22T06:05:20.917253+00:00
KXBTCD-26SEP2203-T74199.99,KXBTCD-26SEP2203,8,yes,0.99,yes,True,0.01,2026-09-22T07:05:21.503139+00:00,2026-09-22T06:05:20.917302+00:00
KXBTCD-26SEP2203-T85499.99,KXBTCD-26SEP2203,6,no,0.75,no,True,0.25,2026-09-22T07:05:21.503206+00:00,2026-09-22T06:15:24.951441+00:00
KXBTCD-26SEP2203-T85799.99,KXBTCD-26SEP2203,10,no,0.97,no,True,0.03,2026-09-22T07:05:21.503276+00:00,2026-09-22T06:20:24.910965+00:00
KXBTCD-26SEP2203-T85099.99,KXBTCD-26SEP2203,6,yes,0.73,yes,True,0.27,2026-09-22T07:05:21.503343+00:00,2026-09-22T06:20:24.911111+00:00
KXBTCD-26SEP2204-T85899.99,KXBTCD-26SEP2204,10,no,0.97,no,True,0.03,2026-09-22T08:05:21.769420+00:00,2026-09-22T07:05:21.511109+00:00
KXBTCD-26SEP2204-T85799.99,KXBTCD-26SEP2204,8,no,0.95,no,True,0.05,2026-09-22T08:05:21.769486+00:00,2026-09-22T07:05:21.511178+00:00
KXBTCD-26SEP2204-T85599.99,KXBTCD-26SEP2204,5,no,0.85,no,True,0.15,2026-09-22T08:05:21.769525+00:00,2026-09-22T07:05:21.511232+00:00
KXBTCD-26SEP2204-T85099.99,KXBTCD-26SEP2204,7,yes,0.84,yes,True,0.16,2026-09-22T08:05:21.769563+00:00,2026-09-22T07:05:21.511284+00:00
KXBTCD-26SEP2204-T84999.99,KXBTCD-26SEP2204,6,yes,0.92,yes,True,0.0799999999999999,2026-09-22T08:05:21.769601+00:00,2026-09-22T07:05:21.511339+00:00
KXBTCD-26SEP2204-T84899.99,KXBTCD-26SEP2204,9,yes,0.94,yes,True,0.06,2026-09-22T08:05:21.769643+00:00,2026-09-22T07:05:21.511389+00:00
KXBTCD-26SEP2204-T85699.99,KXBTCD-26SEP2204,8,no,0.9,no,True,0.0999999999999999,2026-09-22T08:05:21.769682+00:00,2026-09-22T07:10:25.847709+00:00
KXBTCD-26SEP2204-T85499.99,KXBTCD-26SEP2204,5,no,0.9,no,True,0.0999999999999999,2026-09-22T08:05:21.769718+00:00,2026-09-22T07:25:24.179907+00:00
KXBTCD-26SEP2205-T85899.99,KXBTCD-26SEP2205,10,no,0.93,yes,False,-0.93,2026-09-22T09:05:26.294990+00:00,2026-09-22T08:05:21.776548+00:00
KXBTCD-26SEP2205-T85799.99,KXBTCD-26SEP2205,8,no,0.89,yes,False,-0.89,2026-09-22T09:05:26.295126+00:00,2026-09-22T08:05:21.776603+00:00
KXBTCD-26SEP2205-T85599.99,KXBTCD-26SEP2205,6,no,0.71,yes,False,-0.71,2026-09-22T09:05:26.295198+00:00,2026-09-22T08:05:21.776644+00:00
KXBTCD-26SEP2205-T85099.99,KXBTCD-26SEP2205,7,yes,0.9,yes,True,0.0999999999999999,2026-09-22T09:05:26.295261+00:00,2026-09-22T08:05:21.776704+00:00
KXBTCD-26SEP2205-T84999.99,KXBTCD-26SEP2205,9,yes,0.94,yes,True,0.06,2026-09-22T09:05:26.295321+00:00,2026-09-22T08:05:21.776737+00:00
KXBTCD-26SEP2205-T85199.99,KXBTCD-26SEP2205,5,yes,0.86,yes,True,0.14,2026-09-22T09:05:26.295386+00:00,2026-09-22T08:10:20.526774+00:00
KXBTCD-26SEP2205-T85699.99,KXBTCD-26SEP2205,5,no,0.86,yes,False,-0.86,2026-09-22T09:05:26.295450+00:00,2026-09-22T08:15:27.760108+00:00
KXBTCD-26SEP2205-T85999.99,KXBTCD-26SEP2205,10,no,0.76,yes,False,-0.76,2026-09-22T09:05:26.295560+00:00,2026-09-22T08:40:22.380240+00:00
KXBTCD-26SEP2205-T85299.99,KXBTCD-26SEP2205,5,yes,0.97,yes,True,0.03,2026-09-22T09:05:26.295621+00:00,2026-09-22T08:40:22.380396+00:00
KXBTCD-26SEP2205-T86199.99,KXBTCD-26SEP2205,10,no,0.63,no,True,0.37,2026-09-22T09:05:26.295681+00:00,2026-09-22T08:45:24.066485+00:00
KXBTCD-26SEP2205-T86099.99,KXBTCD-26SEP2205,10,yes,0.64,yes,True,0.36,2026-09-22T09:05:26.295742+00:00,2026-09-22T08:50:27.645325+00:00
KXBTCD-26SEP2205-T86299.99,KXBTCD-26SEP2205,7,no,0.64,no,True,0.36,2026-09-22T09:05:26.295802+00:00,2026-09-22T08:55:23.564314+00:00
KXBTCD-26SEP2205-T85499.99,KXBTCD-26SEP2205,7,yes,0.99,yes,True,0.01,2026-09-22T09:05:26.295862+00:00,2026-09-22T09:00:25.525972+00:00
KXBTCD-26SEP2206-T86499.99,KXBTCD-26SEP2206,9,no,0.95,no,True,0.05,2026-09-22T10:05:21.168406+00:00,2026-09-22T09:05:26.303166+00:00
KXBTCD-26SEP2206-T86399.99,KXBTCD-26SEP2206,8,no,0.94,no,True,0.06,2026-09-22T10:05:21.168459+00:00,2026-09-22T09:05:26.303230+00:00
KXBTCD-26SEP2206-T86299.99,KXBTCD-26SEP2206,7,no,0.91,no,True,0.0899999999999999,2026-09-22T10:05:21.168491+00:00,2026-09-22T09:05:26.303282+00:00
KXBTCD-26SEP2206-T85599.99,KXBTCD-26SEP2206,10,yes,0.6,yes,True,0.4,2026-09-22T10:05:21.168521+00:00,2026-09-22T09:05:26.303402+00:00
KXBTCD-26SEP2206-T86199.99,KXBTCD-26SEP2206,6,no,0.84,yes,False,-0.84,2026-09-22T10:05:21.168555+00:00,2026-09-22T09:10:19.091142+00:00
KXBTCD-26SEP2206-T85699.99,KXBTCD-26SEP2206,5,yes,0.68,yes,True,0.3199999999999999,2026-09-22T10:05:21.168587+00:00,2026-09-22T09:10:19.091236+00:00
KXBTCD-26SEP2206-T85499.99,KXBTCD-26SEP2206,8,yes,0.87,yes,True,0.13,2026-09-22T10:05:21.168615+00:00,2026-09-22T09:10:19.091297+00:00
KXBTCD-26SEP2206-T85399.99,KXBTCD-26SEP2206,10,yes,0.92,yes,True,0.0799999999999999,2026-09-22T10:05:21.168643+00:00,2026-09-22T09:10:19.091349+00:00
KXBTCD-26SEP2206-T86099.99,KXBTCD-26SEP2206,5,no,0.71,yes,False,-0.71,2026-09-22T10:05:21.168671+00:00,2026-09-22T09:20:22.890264+00:00
KXBTCD-26SEP2206-T85799.99,KXBTCD-26SEP2206,5,yes,0.99,yes,True,0.01,2026-09-22T10:05:21.168698+00:00,2026-09-22T10:00:31.232983+00:00
KXBTCD-26SEP2207-T86699.99,KXBTCD-26SEP2207,9,no,0.95,no,True,0.05,2026-09-22T11:15:26.146815+00:00,2026-09-22T10:05:21.174047+00:00
KXBTCD-26SEP2207-T86499.99,KXBTCD-26SEP2207,5,no,0.88,no,True,0.12,2026-09-22T11:15:26.146878+00:00,2026-09-22T10:05:21.174089+00:00
KXBTCD-26SEP2207-T86299.99,KXBTCD-26SEP2207,10,no,0.73,no,True,0.27,2026-09-22T11:15:26.146917+00:00,2026-09-22T10:05:21.174117+00:00
KXBTCD-26SEP2207-T85899.99,KXBTCD-26SEP2207,6,yes,0.8,no,False,-0.8,2026-09-22T11:15:26.146954+00:00,2026-09-22T10:05:21.174163+00:00
KXBTCD-26SEP2207-T85799.99,KXBTCD-26SEP2207,7,yes,0.88,yes,True,0.12,2026-09-22T11:15:26.146994+00:00,2026-09-22T10:05:21.174188+00:00
KXBTCD-26SEP2207-T86599.99,KXBTCD-26SEP2207,7,no,0.94,no,True,0.06,2026-09-22T11:15:26.147032+00:00,2026-09-22T10:10:21.313606+00:00
KXBTCD-26SEP2207-T86399.99,KXBTCD-26SEP2207,8,no,0.87,no,True,0.13,2026-09-22T11:15:26.147070+00:00,2026-09-22T10:10:21.313715+00:00
KXBTCD-26SEP2207-T85699.99,KXBTCD-26SEP2207,10,yes,0.92,yes,True,0.0799999999999999,2026-09-22T11:15:26.147107+00:00,2026-09-22T10:10:21.313864+00:00
KXBTCD-26SEP2207-T85599.99,KXBTCD-26SEP2207,10,yes,0.95,yes,True,0.05,2026-09-22T11:15:26.147145+00:00,2026-09-22T10:20:24.946527+00:00
KXBTCD-26SEP2207-T86199.99,KXBTCD-26SEP2207,5,no,0.97,no,True,0.03,2026-09-22T11:15:26.147180+00:00,2026-09-22T10:35:23.707595+00:00
KXBTCD-26SEP2208-T86499.99,KXBTCD-26SEP2208,7,no,0.95,no,True,0.05,2026-09-22T12:05:34.786348+00:00,2026-09-22T11:05:24.789820+00:00
KXBTCD-26SEP2208-T86399.99,KXBTCD-26SEP2208,8,no,0.93,no,True,0.0699999999999999,2026-09-22T12:05:34.786455+00:00,2026-09-22T11:05:24.789898+00:00
KXBTCD-26SEP2208-T86299.99,KXBTCD-26SEP2208,6,no,0.9,no,True,0.0999999999999999,2026-09-22T12:05:34.786537+00:00,2026-09-22T11:05:24.789952+00:00
KXBTCD-26SEP2208-T86099.99,KXBTCD-26SEP2208,5,no,0.73,no,True,0.27,2026-09-22T12:05:34.786602+00:00,2026-09-22T11:05:24.790002+00:00
KXBTCD-26SEP2208-T85699.99,KXBTCD-26SEP2208,9,yes,0.82,yes,True,0.18,2026-09-22T12:05:34.786669+00:00,2026-09-22T11:05:24.790051+00:00
KXBTCD-26SEP2208-T85499.99,KXBTCD-26SEP2208,10,yes,0.95,yes,True,0.05,2026-09-22T12:05:34.786735+00:00,2026-09-22T11:05:24.790097+00:00
KXBTCD-26SEP2208-T85599.99,KXBTCD-26SEP2208,7,yes,0.8,yes,True,0.1999999999999999,2026-09-22T12:05:34.786797+00:00,2026-09-22T11:10:22.233550+00:00
KXBTCD-26SEP2208-T86199.99,KXBTCD-26SEP2208,6,no,0.83,no,True,0.17,2026-09-22T12:05:34.786859+00:00,2026-09-22T11:15:26.154128+00:00
KXBTCD-26SEP2208-T85799.99,KXBTCD-26SEP2208,5,yes,0.98,yes,True,0.02,2026-09-22T12:05:34.786969+00:00,2026-09-22T11:50:21.803052+00:00
KXBTCD-26SEP2209-T86499.99,KXBTCD-26SEP2209,10,no,0.93,no,True,0.0699999999999999,2026-09-22T13:05:26.435773+00:00,2026-09-22T12:05:34.794135+00:00
KXBTCD-26SEP2209-T86199.99,KXBTCD-26SEP2209,5,no,0.79,no,True,0.2099999999999999,2026-09-22T13:05:26.435846+00:00,2026-09-22T12:05:34.794196+00:00
KXBTCD-26SEP2209-T85599.99,KXBTCD-26SEP2209,7,yes,0.85,yes,True,0.15,2026-09-22T13:05:26.435885+00:00,2026-09-22T12:05:34.794286+00:00
KXBTCD-26SEP2209-T85499.99,KXBTCD-26SEP2209,9,yes,0.9,yes,True,0.0999999999999999,2026-09-22T13:05:26.435918+00:00,2026-09-22T12:05:34.794336+00:00
KXBTCD-26SEP2209-T85399.99,KXBTCD-26SEP2209,8,yes,0.93,yes,True,0.0699999999999999,2026-09-22T13:05:26.435949+00:00,2026-09-22T12:05:34.794383+00:00
KXBTCD-26SEP2209-T86299.99,KXBTCD-26SEP2209,9,no,0.89,no,True,0.1099999999999999,2026-09-22T13:05:26.435980+00:00,2026-09-22T12:10:22.568633+00:00
KXBTCD-26SEP2209-T85699.99,KXBTCD-26SEP2209,6,yes,0.74,yes,True,0.26,2026-09-22T13:05:26.436010+00:00,2026-09-22T12:15:24.255622+00:00
KXBTCD-26SEP2209-T86099.99,KXBTCD-26SEP2209,5,no,0.73,no,True,0.27,2026-09-22T13:05:26.436038+00:00,2026-09-22T12:25:23.328301+00:00
KXBTCD-26SEP2209-T86399.99,KXBTCD-26SEP2209,10,no,0.93,no,True,0.0699999999999999,2026-09-22T13:05:26.436067+00:00,2026-09-22T12:35:20.706398+00:00
KXBTCD-26SEP2210-T86499.99,KXBTCD-26SEP2210,9,no,0.82,no,True,0.18,2026-09-22T14:05:22.557456+00:00,2026-09-22T13:05:26.441869+00:00
KXBTCD-26SEP2210-T86399.99,KXBTCD-26SEP2210,7,no,0.77,no,True,0.2299999999999999,2026-09-22T14:05:22.557505+00:00,2026-09-22T13:05:26.441912+00:00
KXBTCD-26SEP2210-T86299.99,KXBTCD-26SEP2210,5,no,0.71,yes,False,-0.71,2026-09-22T14:05:22.557529+00:00,2026-09-22T13:05:26.441938+00:00
KXBTCD-26SEP2210-T85899.99,KXBTCD-26SEP2210,8,yes,0.62,yes,True,0.38,2026-09-22T14:05:22.557554+00:00,2026-09-22T13:05:26.441961+00:00
KXBTCD-26SEP2210-T85699.99,KXBTCD-26SEP2210,6,yes,0.77,yes,True,0.2299999999999999,2026-09-22T14:05:22.557577+00:00,2026-09-22T13:05:26.441985+00:00
KXBTCD-26SEP2210-T85599.99,KXBTCD-26SEP2210,10,yes,0.83,yes,True,0.17,2026-09-22T14:05:22.557599+00:00,2026-09-22T13:05:26.442007+00:00
KXBTCD-26SEP2210-T85799.99,KXBTCD-26SEP2210,8,yes,0.76,yes,True,0.24,2026-09-22T14:05:22.557622+00:00,2026-09-22T13:10:19.364803+00:00
KXBTCD-26SEP2210-T85499.99,KXBTCD-26SEP2210,9,yes,0.71,yes,True,0.29,2026-09-22T14:05:22.557661+00:00,2026-09-22T13:30:29.412462+00:00
KXBTCD-26SEP2210-T86199.99,KXBTCD-26SEP2210,5,no,0.6,yes,False,-0.6,2026-09-22T14:05:22.557682+00:00,2026-09-22T13:35:34.267290+00:00
KXBTCD-26SEP2211-T87099.99,KXBTCD-26SEP2211,10,no,0.95,no,True,0.05,2026-09-22T15:05:55.951652+00:00,2026-09-22T14:05:22.562705+00:00
KXBTCD-26SEP2211-T86799.99,KXBTCD-26SEP2211,9,no,0.89,no,True,0.1099999999999999,2026-09-22T15:05:55.951732+00:00,2026-09-22T14:05:22.562744+00:00
KXBTCD-26SEP2211-T86399.99,KXBTCD-26SEP2211,8,no,0.71,no,True,0.29,2026-09-22T15:05:55.951800+00:00,2026-09-22T14:05:22.562767+00:00
KXBTCD-26SEP2211-T85899.99,KXBTCD-26SEP2211,7,yes,0.7,yes,True,0.3,2026-09-22T15:05:55.951867+00:00,2026-09-22T14:05:22.562804+00:00
KXBTCD-26SEP2211-T85699.99,KXBTCD-26SEP2211,6,yes,0.84,yes,True,0.16,2026-09-22T15:05:55.951935+00:00,2026-09-22T14:05:22.562855+00:00
KXBTCD-26SEP2211-T86599.99,KXBTCD-26SEP2211,6,no,0.86,no,True,0.14,2026-09-22T15:05:55.951998+00:00,2026-09-22T14:10:20.736784+00:00
KXBTCD-26SEP2211-T86499.99,KXBTCD-26SEP2211,10,no,0.82,no,True,0.18,2026-09-22T15:05:55.952059+00:00,2026-09-22T14:10:20.736854+00:00
KXBTCD-26SEP2211-T85799.99,KXBTCD-26SEP2211,5,yes,0.78,yes,True,0.2199999999999999,2026-09-22T15:05:55.952118+00:00,2026-09-22T14:10:20.736974+00:00
KXBTCD-26SEP2211-T85499.99,KXBTCD-26SEP2211,8,yes,0.93,yes,True,0.0699999999999999,2026-09-22T15:05:55.952178+00:00,2026-09-22T14:10:20.737048+00:00
KXBTCD-26SEP2211-T86299.99,KXBTCD-26SEP2211,5,no,0.68,no,True,0.3199999999999999,2026-09-22T15:05:55.952266+00:00,2026-09-22T14:25:21.674850+00:00
KXBTCD-26SEP2211-T85599.99,KXBTCD-26SEP2211,10,yes,0.71,yes,True,0.29,2026-09-22T15:05:55.952326+00:00,2026-09-22T14:35:24.348209+00:00
KXBTCD-26SEP2211-T86099.99,KXBTCD-26SEP2211,5,no,0.81,yes,False,-0.81,2026-09-22T15:05:55.952386+00:00,2026-09-22T14:45:27.454069+00:00
KXBTCD-26SEP2212-T86999.99,KXBTCD-26SEP2212,5,no,0.94,no,True,0.06,2026-09-22T16:05:30.818396+00:00,2026-09-22T15:05:55.959596+00:00
KXBTCD-26SEP2212-T86699.99,KXBTCD-26SEP2212,7,no,0.83,no,True,0.17,2026-09-22T16:05:30.818432+00:00,2026-09-22T15:05:55.959658+00:00
KXBTCD-26SEP2212-T86599.99,KXBTCD-26SEP2212,10,no,0.78,no,True,0.2199999999999999,2026-09-22T16:05:30.818455+00:00,2026-09-22T15:05:55.959710+00:00
KXBTCD-26SEP2212-T85899.99,KXBTCD-26SEP2212,8,yes,0.82,yes,True,0.18,2026-09-22T16:05:30.818475+00:00,2026-09-22T15:05:55.959759+00:00
KXBTCD-26SEP2212-T85799.99,KXBTCD-26SEP2212,6,yes,0.87,yes,True,0.13,2026-09-22T16:05:30.818495+00:00,2026-09-22T15:05:55.959806+00:00
KXBTCD-26SEP2212-T85599.99,KXBTCD-26SEP2212,9,yes,0.93,yes,True,0.0699999999999999,2026-09-22T16:05:30.818515+00:00,2026-09-22T15:05:55.959852+00:00
KXBTCD-26SEP2212-T86399.99,KXBTCD-26SEP2212,6,no,0.64,yes,False,-0.64,2026-09-22T16:05:30.818534+00:00,2026-09-22T15:10:24.428182+00:00
KXBTCD-26SEP2212-T86099.99,KXBTCD-26SEP2212,5,yes,0.66,yes,True,0.3399999999999999,2026-09-22T16:05:30.818554+00:00,2026-09-22T15:10:24.428249+00:00
KXBTCD-26SEP2212-T85999.99,KXBTCD-26SEP2212,5,yes,0.8,yes,True,0.1999999999999999,2026-09-22T16:05:30.818574+00:00,2026-09-22T15:15:27.500665+00:00
KXBTCD-26SEP2212-T86499.99,KXBTCD-26SEP2212,5,no,0.79,no,True,0.2099999999999999,2026-09-22T16:05:30.818593+00:00,2026-09-22T15:20:25.520416+00:00
KXBTCD-26SEP2212-T85699.99,KXBTCD-26SEP2212,8,yes,0.91,yes,True,0.0899999999999999,2026-09-22T16:05:30.818612+00:00,2026-09-22T15:20:25.520514+00:00
KXBTCD-26SEP2212-T86799.99,KXBTCD-26SEP2212,9,no,0.95,no,True,0.05,2026-09-22T16:05:30.818631+00:00,2026-09-22T15:50:24.219221+00:00
KXBTCD-26SEP2213-T86999.99,KXBTCD-26SEP2213,9,no,0.93,no,True,0.0699999999999999,2026-09-22T17:05:25.436003+00:00,2026-09-22T16:05:30.822767+00:00
KXBTCD-26SEP2213-T86899.99,KXBTCD-26SEP2213,8,no,0.9,no,True,0.0999999999999999,2026-09-22T17:05:25.436064+00:00,2026-09-22T16:05:30.822796+00:00
KXBTCD-26SEP2213-T86799.99,KXBTCD-26SEP2213,7,no,0.86,no,True,0.14,2026-09-22T17:05:25.436118+00:00,2026-09-22T16:05:30.822816+00:00
KXBTCD-26SEP2213-T86699.99,KXBTCD-26SEP2213,6,no,0.81,no,True,0.1899999999999999,2026-09-22T17:05:25.436207+00:00,2026-09-22T16:05:30.822835+00:00
KXBTCD-26SEP2213-T86599.99,KXBTCD-26SEP2213,5,no,0.74,no,True,0.26,2026-09-22T17:05:25.436250+00:00,2026-09-22T16:05:30.822853+00:00
KXBTCD-26SEP2213-T85899.99,KXBTCD-26SEP2213,10,yes,0.88,yes,True,0.12,2026-09-22T17:05:25.436311+00:00,2026-09-22T16:05:30.822872+00:00
KXBTCD-26SEP2213-T86099.99,KXBTCD-26SEP2213,8,yes,0.7,yes,True,0.3,2026-09-22T17:05:25.436351+00:00,2026-09-22T16:10:17.967798+00:00
KXBTCD-26SEP2213-T85999.99,KXBTCD-26SEP2213,10,yes,0.79,yes,True,0.2099999999999999,2026-09-22T17:05:25.436389+00:00,2026-09-22T16:10:17.967830+00:00
KXBTCD-26SEP2213-T86499.99,KXBTCD-26SEP2213,5,no,0.83,no,True,0.17,2026-09-22T17:05:25.436425+00:00,2026-09-22T16:25:18.061488+00:00
KXBTCD-26SEP2213-T85799.99,KXBTCD-26SEP2213,10,yes,0.92,yes,True,0.0799999999999999,2026-09-22T17:05:25.436528+00:00,2026-09-22T16:35:22.871038+00:00
KXBTCD-26SEP2214-T86899.99,KXBTCD-26SEP2214,10,no,0.87,no,True,0.13,2026-09-22T18:05:24.721569+00:00,2026-09-22T17:05:25.444763+00:00
KXBTCD-26SEP2214-T86799.99,KXBTCD-26SEP2214,7,no,0.81,no,True,0.1899999999999999,2026-09-22T18:05:24.721626+00:00,2026-09-22T17:05:25.444822+00:00
KXBTCD-26SEP2214-T86699.99,KXBTCD-26SEP2214,8,no,0.74,no,True,0.26,2026-09-22T18:05:24.721663+00:00,2026-09-22T17:05:25.444862+00:00
KXBTCD-26SEP2214-T86099.99,KXBTCD-26SEP2214,6,yes,0.85,yes,True,0.15,2026-09-22T18:05:24.721698+00:00,2026-09-22T17:05:25.444942+00:00
KXBTCD-26SEP2214-T85999.99,KXBTCD-26SEP2214,9,yes,0.9,yes,True,0.0999999999999999,2026-09-22T18:05:24.721731+00:00,2026-09-22T17:05:25.444983+00:00
KXBTCD-26SEP2214-T86999.99,KXBTCD-26SEP2214,10,no,0.95,no,True,0.05,2026-09-22T18:05:24.721764+00:00,2026-09-22T17:15:24.943770+00:00
KXBTCD-26SEP2214-T86199.99,KXBTCD-26SEP2214,5,yes,0.78,yes,True,0.2199999999999999,2026-09-22T18:05:24.721797+00:00,2026-09-22T17:15:24.943910+00:00
KXBTCD-26SEP2215-T86999.99,KXBTCD-26SEP2215,9,no,0.88,no,True,0.12,2026-09-22T19:05:26.288904+00:00,2026-09-22T18:05:24.727641+00:00
KXBTCD-26SEP2215-T86899.99,KXBTCD-26SEP2215,8,no,0.82,no,True,0.18,2026-09-22T19:05:26.288974+00:00,2026-09-22T18:05:24.727684+00:00
KXBTCD-26SEP2215-T86799.99,KXBTCD-26SEP2215,7,no,0.74,no,True,0.26,2026-09-22T19:05:26.289027+00:00,2026-09-22T18:05:24.727712+00:00
KXBTCD-26SEP2215-T86699.99,KXBTCD-26SEP2215,6,no,0.63,no,True,0.37,2026-09-22T19:05:26.289075+00:00,2026-09-22T18:05:24.727737+00:00
KXBTCD-26SEP2215-T86499.99,KXBTCD-26SEP2215,5,yes,0.61,yes,True,0.39,2026-09-22T19:05:26.289123+00:00,2026-09-22T18:05:24.727761+00:00
KXBTCD-26SEP2215-T86099.99,KXBTCD-26SEP2215,10,yes,0.92,yes,True,0.0799999999999999,2026-09-22T19:05:26.289172+00:00,2026-09-22T18:05:24.727784+00:00
KXBTCD-26SEP2215-T86299.99,KXBTCD-26SEP2215,5,yes,0.78,yes,True,0.2199999999999999,2026-09-22T19:05:26.289220+00:00,2026-09-22T18:10:29.023653+00:00
KXBTCD-26SEP2215-T86199.99,KXBTCD-26SEP2215,6,yes,0.86,yes,True,0.14,2026-09-22T19:05:26.289267+00:00,2026-09-22T18:10:29.023720+00:00
KXBTCD-26SEP2215-T85999.99,KXBTCD-26SEP2215,10,yes,0.89,yes,True,0.1099999999999999,2026-09-22T19:05:26.289314+00:00,2026-09-22T18:30:41.282942+00:00
KXBTCD-26SEP2216-T87099.99,KXBTCD-26SEP2216,8,no,0.95,no,True,0.05,2026-09-22T20:10:26.844516+00:00,2026-09-22T19:00:29.956898+00:00
KXBTCD-26SEP2216-T86999.99,KXBTCD-26SEP2216,9,no,0.92,no,True,0.0799999999999999,2026-09-22T20:10:26.844575+00:00,2026-09-22T19:00:29.956970+00:00
KXBTCD-26SEP2216-T86899.99,KXBTCD-26SEP2216,6,no,0.89,no,True,0.1099999999999999,2026-09-22T20:10:26.844617+00:00,2026-09-22T19:00:29.957024+00:00
KXBTCD-26SEP2216-T86599.99,KXBTCD-26SEP2216,10,no,0.64,no,True,0.36,2026-09-22T20:10:26.844656+00:00,2026-09-22T19:00:29.957075+00:00
KXBTCD-26SEP2216-T86099.99,KXBTCD-26SEP2216,5,yes,0.89,yes,True,0.1099999999999999,2026-09-22T20:10:26.844694+00:00,2026-09-22T19:00:29.957124+00:00
KXBTCD-26SEP2216-T85999.99,KXBTCD-26SEP2216,7,yes,0.93,yes,True,0.0699999999999999,2026-09-22T20:10:26.844732+00:00,2026-09-22T19:00:29.957171+00:00
KXBTCD-26SEP2216-T86799.99,KXBTCD-26SEP2216,7,no,0.85,no,True,0.15,2026-09-22T20:10:26.844768+00:00,2026-09-22T19:05:26.296330+00:00
KXBTCD-26SEP2216-T86699.99,KXBTCD-26SEP2216,5,no,0.76,no,True,0.24,2026-09-22T20:10:26.844804+00:00,2026-09-22T19:05:26.296383+00:00
KXBTCD-26SEP2216-T86199.99,KXBTCD-26SEP2216,6,yes,0.84,yes,True,0.16,2026-09-22T20:10:26.844841+00:00,2026-09-22T19:05:26.296425+00:00
KXBTCD-26SEP2216-T85899.99,KXBTCD-26SEP2216,10,yes,0.95,yes,True,0.05,2026-09-22T20:10:26.844876+00:00,2026-09-22T19:05:26.296491+00:00
KXBTCD-26SEP2216-T87299.99,KXBTCD-26SEP2216,10,no,0.98,no,True,0.02,2026-09-22T20:10:26.844912+00:00,2026-09-22T19:07:38.861727+00:00
KXBTCD-26SEP2216-T87199.99,KXBTCD-26SEP2216,10,no,0.98,no,True,0.02,2026-09-22T20:10:26.844949+00:00,2026-09-22T19:20:29.311877+00:00
KXBTCD-26SEP2217-T91999.99,KXBTCD-26SEP2217,9,no,0.97,no,True,0.03,2026-09-22T21:05:26.533795+00:00,2026-09-21T20:05:18.799745+00:00
KXBTCD-26SEP2217-T88499.99,KXBTCD-26SEP2217,5,no,0.82,no,True,0.18,2026-09-22T21:05:26.533883+00:00,2026-09-21T20:05:18.799785+00:00
KXBTCD-26SEP2217-T88249.99,KXBTCD-26SEP2217,6,no,0.78,no,True,0.2199999999999999,2026-09-22T21:05:26.533949+00:00,2026-09-21T20:05:18.799815+00:00
KXBTCD-26SEP2217-T87999.99,KXBTCD-26SEP2217,7,no,0.75,no,True,0.25,2026-09-22T21:05:26.534014+00:00,2026-09-21T20:05:18.799841+00:00
KXBTCD-26SEP2217-T83999.99,KXBTCD-26SEP2217,8,yes,0.9,yes,True,0.0999999999999999,2026-09-22T21:05:26.534079+00:00,2026-09-21T20:05:18.799866+00:00
KXBTCD-26SEP2217-T88749.99,KXBTCD-26SEP2217,5,no,0.84,no,True,0.16,2026-09-22T21:05:26.534144+00:00,2026-09-21T20:10:28.364099+00:00
KXBTCD-26SEP2217-T86249.99,KXBTCD-26SEP2217,7,yes,0.6,no,False,-0.6,2026-09-22T21:05:26.534207+00:00,2026-09-21T20:15:22.751367+00:00
KXBTCD-26SEP2217-T85749.99,KXBTCD-26SEP2217,7,yes,0.76,yes,True,0.24,2026-09-22T21:05:26.534271+00:00,2026-09-21T20:20:58.650609+00:00
KXBTCD-26SEP2217-T84749.99,KXBTCD-26SEP2217,6,yes,0.85,yes,True,0.15,2026-09-22T21:05:26.534335+00:00,2026-09-21T20:20:58.650675+00:00
KXBTCD-26SEP2217-T85499.99,KXBTCD-26SEP2217,5,yes,0.8,yes,True,0.1999999999999999,2026-09-22T21:05:26.534399+00:00,2026-09-21T20:25:28.732964+00:00
KXBTCD-26SEP2217-T85999.99,KXBTCD-26SEP2217,8,yes,0.75,yes,True,0.25,2026-09-22T21:05:26.534501+00:00,2026-09-21T20:30:33.750726+00:00
KXBTCD-26SEP2217-T87749.99,KXBTCD-26SEP2217,5,no,0.64,no,True,0.36,2026-09-22T21:05:26.534576+00:00,2026-09-21T20:35:22.539671+00:00
KXBTCD-26SEP2217-T87499.99,KXBTCD-26SEP2217,8,no,0.63,no,True,0.37,2026-09-22T21:05:26.534650+00:00,2026-09-21T20:50:28.984366+00:00
KXBTCD-26SEP2217-T88999.99,KXBTCD-26SEP2217,5,no,0.83,no,True,0.17,2026-09-22T21:05:26.534712+00:00,2026-09-21T20:55:20.590138+00:00
KXBTCD-26SEP2217-T86499.99,KXBTCD-26SEP2217,7,yes,0.6,no,False,-0.6,2026-09-22T21:05:26.534774+00:00,2026-09-21T21:00:22.726448+00:00
KXBTCD-26SEP2217-T91499.99,KXBTCD-26SEP2217,6,no,0.96,no,True,0.04,2026-09-22T21:05:26.534835+00:00,2026-09-21T21:05:20.458632+00:00
KXBTCD-26SEP2217-T90249.99,KXBTCD-26SEP2217,8,no,0.93,no,True,0.0699999999999999,2026-09-22T21:05:26.534896+00:00,2026-09-21T21:05:20.458671+00:00
KXBTCD-26SEP2217-T84249.99,KXBTCD-26SEP2217,7,yes,0.89,yes,True,0.1099999999999999,2026-09-22T21:05:26.534957+00:00,2026-09-21T21:05:20.458752+00:00
KXBTCD-26SEP2217-T85249.99,KXBTCD-26SEP2217,6,yes,0.76,yes,True,0.24,2026-09-22T21:05:26.535018+00:00,2026-09-21T21:10:19.905045+00:00
KXBTCD-26SEP2217-T86999.99,KXBTCD-26SEP2217,7,no,0.6,no,True,0.4,2026-09-22T21:05:26.535078+00:00,2026-09-21T22:25:19.062061+00:00
KXBTCD-26SEP2217-T84499.99,KXBTCD-26SEP2217,10,yes,0.77,yes,True,0.2299999999999999,2026-09-22T21:05:26.535138+00:00,2026-09-22T01:35:21.380064+00:00
KXBTCD-26SEP2217-T86749.99,KXBTCD-26SEP2217,5,no,0.78,no,True,0.2199999999999999,2026-09-22T21:05:26.535198+00:00,2026-09-22T04:25:22.742488+00:00
KXBTCD-26SEP2217-T83499.99,KXBTCD-26SEP2217,6,yes,0.93,yes,True,0.0699999999999999,2026-09-22T21:05:26.535260+00:00,2026-09-22T08:35:21.248761+00:00
KXBTCD-26SEP2217-T84999.99,KXBTCD-26SEP2217,9,yes,0.76,yes,True,0.24,2026-09-22T21:05:26.535321+00:00,2026-09-22T11:15:26.154282+00:00
KXBTCD-26SEP2217-T89999.99,KXBTCD-26SEP2217,5,no,0.97,no,True,0.03,2026-09-22T21:05:26.535383+00:00,2026-09-22T13:10:19.364926+00:00
KXBTCD-26SEP2218-T86799.99,KXBTCD-26SEP2218,9,no,0.96,no,True,0.04,2026-09-22T22:03:01.584298+00:00,2026-09-22T21:05:26.543715+00:00
KXBTCD-26SEP2218-T86699.99,KXBTCD-26SEP2218,5,no,0.94,no,True,0.06,2026-09-22T22:03:01.584384+00:00,2026-09-22T21:05:26.543765+00:00
KXBTCD-26SEP2218-T86599.99,KXBTCD-26SEP2218,8,no,0.89,no,True,0.1099999999999999,2026-09-22T22:03:01.584448+00:00,2026-09-22T21:05:26.543813+00:00
KXBTCD-26SEP2218-T86099.99,KXBTCD-26SEP2218,7,yes,0.82,yes,True,0.18,2026-09-22T22:03:01.584513+00:00,2026-09-22T21:05:26.543860+00:00
KXBTCD-26SEP2218-T85999.99,KXBTCD-26SEP2218,6,yes,0.9,yes,True,0.0999999999999999,2026-09-22T22:03:01.584577+00:00,2026-09-22T21:05:26.543905+00:00
KXBTCD-26SEP2218-T85899.99,KXBTCD-26SEP2218,10,yes,0.95,yes,True,0.05,2026-09-22T22:03:01.584639+00:00,2026-09-22T21:05:26.543951+00:00
KXBTCD-26SEP2218-T85799.99,KXBTCD-26SEP2218,10,yes,0.98,yes,True,0.02,2026-09-22T22:03:01.584701+00:00,2026-09-22T21:20:20.229253+00:00
KXBTCD-26SEP2218-T86499.99,KXBTCD-26SEP2218,5,no,0.95,no,True,0.05,2026-09-22T22:03:01.584893+00:00,2026-09-22T21:35:24.131575+00:00
KXBTCD-26SEP2219-T86699.99,KXBTCD-26SEP2219,8,no,0.97,no,True,0.03,2026-09-22T23:05:24.825864+00:00,2026-09-22T22:03:01.592591+00:00
KXBTCD-26SEP2219-T86599.99,KXBTCD-26SEP2219,9,no,0.95,no,True,0.05,2026-09-22T23:05:24.825963+00:00,2026-09-22T22:03:01.592648+00:00
KXBTCD-26SEP2219-T86499.99,KXBTCD-26SEP2219,5,no,0.91,no,True,0.0899999999999999,2026-09-22T23:05:24.826029+00:00,2026-09-22T22:03:01.592699+00:00
KXBTCD-26SEP2219-T86099.99,KXBTCD-26SEP2219,7,yes,0.68,yes,True,0.3199999999999999,2026-09-22T23:05:24.826090+00:00,2026-09-22T22:03:01.592748+00:00
KXBTCD-26SEP2219-T85999.99,KXBTCD-26SEP2219,6,yes,0.82,yes,True,0.18,2026-09-22T23:05:24.826151+00:00,2026-09-22T22:03:01.592828+00:00
KXBTCD-26SEP2219-T85799.99,KXBTCD-26SEP2219,10,yes,0.95,yes,True,0.05,2026-09-22T23:05:24.826213+00:00,2026-09-22T22:03:01.592879+00:00
KXBTCD-26SEP2219-T85899.99,KXBTCD-26SEP2219,5,yes,0.77,yes,True,0.2299999999999999,2026-09-22T23:05:24.826273+00:00,2026-09-22T22:05:23.060392+00:00
KXBTCD-26SEP2219-T85699.99,KXBTCD-26SEP2219,9,yes,0.92,yes,True,0.0799999999999999,2026-09-22T23:05:24.826332+00:00,2026-09-22T22:05:23.060486+00:00
KXBTCD-26SEP2219-T85599.99,KXBTCD-26SEP2219,9,yes,0.97,yes,True,0.03,2026-09-22T23:05:24.826392+00:00,2026-09-22T22:10:26.101348+00:00
KXBTCD-26SEP2219-T86399.99,KXBTCD-26SEP2219,5,no,0.92,no,True,0.0799999999999999,2026-09-22T23:05:24.826451+00:00,2026-09-22T22:15:21.581557+00:00
KXBTCD-26SEP2220-T86699.99,KXBTCD-26SEP2220,10,no,0.98,no,True,0.02,2026-09-23T00:05:23.043372+00:00,2026-09-22T23:05:24.833990+00:00
KXBTCD-26SEP2220-T86599.99,KXBTCD-26SEP2220,9,no,0.96,no,True,0.04,2026-09-23T00:05:23.043433+00:00,2026-09-22T23:05:24.834065+00:00
KXBTCD-26SEP2220-T86499.99,KXBTCD-26SEP2220,8,no,0.93,no,True,0.0699999999999999,2026-09-23T00:05:23.043474+00:00,2026-09-22T23:05:24.834114+00:00
KXBTCD-26SEP2220-T85999.99,KXBTCD-26SEP2220,6,yes,0.82,yes,True,0.18,2026-09-23T00:05:23.043512+00:00,2026-09-22T23:05:24.834161+00:00
KXBTCD-26SEP2220-T85899.99,KXBTCD-26SEP2220,5,yes,0.91,yes,True,0.0899999999999999,2026-09-23T00:05:23.043553+00:00,2026-09-22T23:05:24.834206+00:00
KXBTCD-26SEP2220-T85799.99,KXBTCD-26SEP2220,7,yes,0.95,yes,True,0.05,2026-09-23T00:05:23.043589+00:00,2026-09-22T23:05:24.834253+00:00
KXBTCD-26SEP2220-T86899.99,KXBTCD-26SEP2220,10,no,0.97,no,True,0.03,2026-09-23T00:05:23.043638+00:00,2026-09-22T23:15:20.043546+00:00
KXBTCD-26SEP2220-T86099.99,KXBTCD-26SEP2220,5,yes,0.87,yes,True,0.13,2026-09-23T00:05:23.043679+00:00,2026-09-22T23:15:20.043680+00:00
KXBTCD-26SEP2221-T86699.99,KXBTCD-26SEP2221,8,no,0.95,no,True,0.05,2026-09-23T01:05:23.471410+00:00,2026-09-23T00:05:23.050279+00:00
KXBTCD-26SEP2221-T86599.99,KXBTCD-26SEP2221,9,no,0.93,no,True,0.0699999999999999,2026-09-23T01:05:23.471503+00:00,2026-09-23T00:05:23.050323+00:00
KXBTCD-26SEP2221-T86499.99,KXBTCD-26SEP2221,5,no,0.88,no,True,0.12,2026-09-23T01:05:23.471550+00:00,2026-09-23T00:05:23.050358+00:00
KXBTCD-26SEP2221-T86099.99,KXBTCD-26SEP2221,6,yes,0.65,yes,True,0.35,2026-09-23T01:05:23.471596+00:00,2026-09-23T00:05:23.050391+00:00
KXBTCD-26SEP2221-T85899.99,KXBTCD-26SEP2221,10,yes,0.87,yes,True,0.13,2026-09-23T01:05:23.471634+00:00,2026-09-23T00:05:23.050423+00:00
KXBTCD-26SEP2221-T85799.99,KXBTCD-26SEP2221,7,yes,0.93,yes,True,0.0699999999999999,2026-09-23T01:05:23.471672+00:00,2026-09-23T00:05:23.050454+00:00
KXBTCD-26SEP2221-T86399.99,KXBTCD-26SEP2221,5,no,0.76,yes,False,-0.76,2026-09-23T01:05:23.471711+00:00,2026-09-23T00:10:24.069809+00:00
KXBTCD-26SEP2221-T85699.99,KXBTCD-26SEP2221,10,yes,0.95,yes,True,0.05,2026-09-23T01:05:23.471750+00:00,2026-09-23T00:10:24.069934+00:00
KXBTCD-26SEP2221-T86799.99,KXBTCD-26SEP2221,10,no,0.95,no,True,0.05,2026-09-23T01:05:23.471794+00:00,2026-09-23T00:15:22.144211+00:00
KXBTCD-26SEP2221-T85999.99,KXBTCD-26SEP2221,5,yes,0.96,yes,True,0.04,2026-09-23T01:05:23.471833+00:00,2026-09-23T00:25:20.683822+00:00
KXBTCD-26SEP2222-T86999.99,KXBTCD-26SEP2222,9,no,0.93,no,True,0.0699999999999999,2026-09-23T02:05:21.487236+00:00,2026-09-23T01:05:23.478533+00:00
KXBTCD-26SEP2222-T86899.99,KXBTCD-26SEP2222,10,no,0.88,no,True,0.12,2026-09-23T02:05:21.487315+00:00,2026-09-23T01:05:23.478578+00:00
KXBTCD-26SEP2222-T86399.99,KXBTCD-26SEP2222,5,yes,0.73,no,False,-0.73,2026-09-23T02:05:21.487380+00:00,2026-09-23T01:05:23.478613+00:00
KXBTCD-26SEP2222-T86299.99,KXBTCD-26SEP2222,7,yes,0.84,yes,True,0.16,2026-09-23T02:05:21.487497+00:00,2026-09-23T01:05:23.478645+00:00
KXBTCD-26SEP2222-T86199.99,KXBTCD-26SEP2222,6,yes,0.91,yes,True,0.0899999999999999,2026-09-23T02:05:21.487572+00:00,2026-09-23T01:05:23.478675+00:00
KXBTCD-26SEP2222-T86099.99,KXBTCD-26SEP2222,8,yes,0.94,yes,True,0.06,2026-09-23T02:05:21.487636+00:00,2026-09-23T01:05:23.478706+00:00
KXBTCD-26SEP2222-T86799.99,KXBTCD-26SEP2222,5,no,0.75,no,True,0.25,2026-09-23T02:05:21.487749+00:00,2026-09-23T01:10:23.245132+00:00
KXBTCD-26SEP2222-T87099.99,KXBTCD-26SEP2222,10,no,0.91,no,True,0.0899999999999999,2026-09-23T02:05:21.487818+00:00,2026-09-23T01:15:22.516991+00:00
KXBTCD-26SEP2222-T86699.99,KXBTCD-26SEP2222,6,no,0.99,no,True,0.01,2026-09-23T02:05:21.487882+00:00,2026-09-23T01:55:20.699228+00:00
KXBTCD-26SEP2222-T86599.99,KXBTCD-26SEP2222,5,no,0.99,no,True,0.01,2026-09-23T02:05:21.487944+00:00,2026-09-23T01:55:20.699291+00:00
KXBTCD-26SEP2223-T86999.99,KXBTCD-26SEP2223,9,no,0.97,no,True,0.03,2026-09-23T03:05:25.684090+00:00,2026-09-23T02:05:21.495353+00:00
KXBTCD-26SEP2223-T86899.99,KXBTCD-26SEP2223,10,no,0.96,no,True,0.04,2026-09-23T03:05:25.684173+00:00,2026-09-23T02:05:21.495453+00:00
KXBTCD-26SEP2223-T86699.99,KXBTCD-26SEP2223,6,no,0.9,no,True,0.0999999999999999,2026-09-23T03:05:25.684235+00:00,2026-09-23T02:05:21.495527+00:00
KXBTCD-26SEP2223-T86499.99,KXBTCD-26SEP2223,5,no,0.71,yes,False,-0.71,2026-09-23T03:05:25.684295+00:00,2026-09-23T02:05:21.495579+00:00
KXBTCD-26SEP2223-T86099.99,KXBTCD-26SEP2223,7,yes,0.83,yes,True,0.17,2026-09-23T03:05:25.684356+00:00,2026-09-23T02:05:21.495627+00:00
KXBTCD-26SEP2223-T85999.99,KXBTCD-26SEP2223,8,yes,0.9,yes,True,0.0999999999999999,2026-09-23T03:05:25.684417+00:00,2026-09-23T02:05:21.495675+00:00
KXBTCD-26SEP2223-T85899.99,KXBTCD-26SEP2223,9,yes,0.96,yes,True,0.04,2026-09-23T03:05:25.684477+00:00,2026-09-23T02:10:23.399740+00:00
KXBTCD-26SEP2223-T86799.99,KXBTCD-26SEP2223,10,no,0.85,no,True,0.15,2026-09-23T03:05:25.684541+00:00,2026-09-23T02:25:24.881333+00:00
KXBTCD-26SEP2223-T86199.99,KXBTCD-26SEP2223,5,yes,0.94,yes,True,0.06,2026-09-23T03:05:25.684603+00:00,2026-09-23T02:25:24.881459+00:00
KXBTCD-26SEP2300-T86999.99,KXBTCD-26SEP2300,8,no,0.97,no,True,0.03,2026-09-23T04:05:22.895367+00:00,2026-09-23T03:05:25.691980+00:00
KXBTCD-26SEP2300-T86899.99,KXBTCD-26SEP2300,10,no,0.96,no,True,0.04,2026-09-23T04:05:22.895450+00:00,2026-09-23T03:05:25.692037+00:00
KXBTCD-26SEP2300-T86799.99,KXBTCD-26SEP2300,6,no,0.93,no,True,0.0699999999999999,2026-09-23T04:05:22.895513+00:00,2026-09-23T03:05:25.692087+00:00
KXBTCD-26SEP2300-T86299.99,KXBTCD-26SEP2300,7,yes,0.78,yes,True,0.2199999999999999,2026-09-23T04:05:22.895575+00:00,2026-09-23T03:05:25.692135+00:00
KXBTCD-26SEP2300-T86199.99,KXBTCD-26SEP2300,5,yes,0.89,yes,True,0.1099999999999999,2026-09-23T04:05:22.895637+00:00,2026-09-23T03:05:25.692182+00:00
KXBTCD-26SEP2300-T86099.99,KXBTCD-26SEP2300,9,yes,0.94,yes,True,0.06,2026-09-23T04:05:22.895697+00:00,2026-09-23T03:05:25.692227+00:00
KXBTCD-26SEP2300-T85999.99,KXBTCD-26SEP2300,10,yes,0.97,yes,True,0.03,2026-09-23T04:05:22.895758+00:00,2026-09-23T03:10:21.442087+00:00
KXBTCD-26SEP2300-T86399.99,KXBTCD-26SEP2300,5,yes,0.99,yes,True,0.01,2026-09-23T04:05:22.895823+00:00,2026-09-23T03:40:20.710988+00:00
KXBTCD-26SEP2300-T87099.99,KXBTCD-26SEP2300,10,no,0.95,no,True,0.05,2026-09-23T04:05:22.895885+00:00,2026-09-23T03:45:21.592910+00:00
KXBTCD-26SEP2300-T86499.99,KXBTCD-26SEP2300,5,yes,0.98,yes,True,0.02,2026-09-23T04:05:22.895946+00:00,2026-09-23T03:55:21.513092+00:00
KXBTCD-26SEP2301-T87299.99,KXBTCD-26SEP2301,9,no,0.98,no,True,0.02,2026-09-23T05:05:19.534595+00:00,2026-09-23T04:05:22.903742+00:00
KXBTCD-26SEP2301-T87199.99,KXBTCD-26SEP2301,10,no,0.98,no,True,0.02,2026-09-23T05:05:19.534672+00:00,2026-09-23T04:05:22.903804+00:00
KXBTCD-26SEP2301-T86999.99,KXBTCD-26SEP2301,6,no,0.95,yes,False,-0.95,2026-09-23T05:05:19.534735+00:00,2026-09-23T04:05:22.903856+00:00
KXBTCD-26SEP2301-T86899.99,KXBTCD-26SEP2301,7,no,0.9,yes,False,-0.9,2026-09-23T05:05:19.534796+00:00,2026-09-23T04:05:22.903905+00:00
KXBTCD-26SEP2301-T86499.99,KXBTCD-26SEP2301,5,yes,0.74,yes,True,0.26,2026-09-23T05:05:19.534908+00:00,2026-09-23T04:05:22.903953+00:00
KXBTCD-26SEP2301-T86299.99,KXBTCD-26SEP2301,8,yes,0.94,yes,True,0.06,2026-09-23T05:05:19.534987+00:00,2026-09-23T04:05:22.904002+00:00
KXBTCD-26SEP2301-T87099.99,KXBTCD-26SEP2301,9,no,0.9,yes,False,-0.9,2026-09-23T05:05:19.535052+00:00,2026-09-23T04:10:26.634928+00:00
KXBTCD-26SEP2301-T86399.99,KXBTCD-26SEP2301,5,yes,0.95,yes,True,0.05,2026-09-23T05:05:19.535113+00:00,2026-09-23T04:10:26.635012+00:00
KXBTCD-26SEP2301-T86599.99,KXBTCD-26SEP2301,5,yes,0.96,yes,True,0.04,2026-09-23T05:05:19.535173+00:00,2026-09-23T04:25:20.382293+00:00
KXBTCD-26SEP2301-T87499.99,KXBTCD-26SEP2301,10,no,0.97,no,True,0.03,2026-09-23T05:05:19.535232+00:00,2026-09-23T04:30:21.505389+00:00
KXBTCD-26SEP2301-T87399.99,KXBTCD-26SEP2301,9,no,0.95,no,True,0.05,2026-09-23T05:05:19.535291+00:00,2026-09-23T04:30:21.505425+00:00
KXBTCD-26SEP2301-T86699.99,KXBTCD-26SEP2301,5,yes,0.98,yes,True,0.02,2026-09-23T05:05:19.535350+00:00,2026-09-23T04:35:28.006779+00:00
KXBTCD-26SEP2301-T86799.99,KXBTCD-26SEP2301,5,yes,0.98,yes,True,0.02,2026-09-23T05:05:19.535409+00:00,2026-09-23T04:45:26.832047+00:00
KXBTCD-26SEP2302-T87599.99,KXBTCD-26SEP2302,5,no,0.96,no,True,0.04,2026-09-23T06:05:21.955009+00:00,2026-09-23T05:00:25.954585+00:00
KXBTCD-26SEP2302-T87499.99,KXBTCD-26SEP2302,9,no,0.92,no,True,0.0799999999999999,2026-09-23T06:05:21.955045+00:00,2026-09-23T05:00:25.954651+00:00
KXBTCD-26SEP2302-T87399.99,KXBTCD-26SEP2302,6,no,0.86,no,True,0.14,2026-09-23T06:05:21.955066+00:00,2026-09-23T05:00:25.954704+00:00
KXBTCD-26SEP2302-T87299.99,KXBTCD-26SEP2302,7,no,0.88,no,True,0.12,2026-09-23T06:05:21.955100+00:00,2026-09-23T05:05:19.542762+00:00
KXBTCD-26SEP2302-T87199.99,KXBTCD-26SEP2302,5,no,0.79,no,True,0.2099999999999999,2026-09-23T06:05:21.955120+00:00,2026-09-23T05:05:19.542819+00:00
KXBTCD-26SEP2302-T86799.99,KXBTCD-26SEP2302,6,yes,0.7,no,False,-0.7,2026-09-23T06:05:21.955139+00:00,2026-09-23T05:05:19.542932+00:00
KXBTCD-26SEP2302-T86699.99,KXBTCD-26SEP2302,8,yes,0.81,no,False,-0.81,2026-09-23T06:05:21.955158+00:00,2026-09-23T05:05:19.542987+00:00
KXBTCD-26SEP2302-T86399.99,KXBTCD-26SEP2302,10,yes,0.96,yes,True,0.04,2026-09-23T06:05:21.955177+00:00,2026-09-23T05:05:19.543037+00:00
KXBTCD-26SEP2302-T86499.99,KXBTCD-26SEP2302,10,yes,0.94,no,False,-0.94,2026-09-23T06:05:21.955195+00:00,2026-09-23T05:10:19.799863+00:00
KXBTCD-26SEP2302-T86599.99,KXBTCD-26SEP2302,10,yes,0.91,no,False,-0.91,2026-09-23T06:05:21.955213+00:00,2026-09-23T05:15:23.933144+00:00
KXBTCD-26SEP2302-T87099.99,KXBTCD-26SEP2302,5,no,0.9,no,True,0.0999999999999999,2026-09-23T06:05:21.955231+00:00,2026-09-23T05:25:19.754723+00:00
KXBTCD-26SEP2303-T86899.99,KXBTCD-26SEP2303,7,no,0.92,no,True,0.0799999999999999,2026-09-23T07:05:22.513195+00:00,2026-09-23T06:05:21.959326+00:00
KXBTCD-26SEP2303-T86699.99,KXBTCD-26SEP2303,6,no,0.75,no,True,0.25,2026-09-23T07:05:22.513247+00:00,2026-09-23T06:05:21.959353+00:00
KXBTCD-26SEP2303-T86299.99,KXBTCD-26SEP2303,10,yes,0.81,yes,True,0.1899999999999999,2026-09-23T07:05:22.513277+00:00,2026-09-23T06:05:21.959374+00:00
KXBTCD-26SEP2303-T86199.99,KXBTCD-26SEP2303,5,yes,0.88,yes,True,0.12,2026-09-23T07:05:22.513306+00:00,2026-09-23T06:05:21.959392+00:00
KXBTCD-26SEP2303-T86099.99,KXBTCD-26SEP2303,8,yes,0.94,yes,True,0.06,2026-09-23T07:05:22.513339+00:00,2026-09-23T06:05:21.959410+00:00
KXBTCD-26SEP2303-T85799.99,KXBTCD-26SEP2303,9,yes,0.98,yes,True,0.02,2026-09-23T07:05:22.513367+00:00,2026-09-23T06:05:21.959426+00:00
KXBTCD-26SEP2303-T86999.99,KXBTCD-26SEP2303,9,no,0.95,no,True,0.05,2026-09-23T07:05:22.513395+00:00,2026-09-23T06:10:23.809437+00:00
KXBTCD-26SEP2303-T86799.99,KXBTCD-26SEP2303,5,no,0.81,no,True,0.1899999999999999,2026-09-23T07:05:22.513422+00:00,2026-09-23T06:15:22.942209+00:00
KXBTCD-26SEP2304-T86999.99,KXBTCD-26SEP2304,10,no,0.97,no,True,0.03,2026-09-23T08:05:19.087880+00:00,2026-09-23T07:05:22.518729+00:00
KXBTCD-26SEP2304-T86799.99,KXBTCD-26SEP2304,9,no,0.93,no,True,0.0699999999999999,2026-09-23T08:05:19.087962+00:00,2026-09-23T07:05:22.518773+00:00
KXBTCD-26SEP2304-T86699.99,KXBTCD-26SEP2304,8,no,0.87,no,True,0.13,2026-09-23T08:05:19.088163+00:00,2026-09-23T07:05:22.518807+00:00
KXBTCD-26SEP2304-T86299.99,KXBTCD-26SEP2304,6,yes,0.71,no,False,-0.71,2026-09-23T08:05:19.088245+00:00,2026-09-23T07:05:22.518834+00:00
KXBTCD-26SEP2304-T86099.99,KXBTCD-26SEP2304,5,yes,0.89,yes,True,0.1099999999999999,2026-09-23T08:05:19.088316+00:00,2026-09-23T07:05:22.518859+00:00
KXBTCD-26SEP2304-T85999.99,KXBTCD-26SEP2304,7,yes,0.94,yes,True,0.06,2026-09-23T08:05:19.088383+00:00,2026-09-23T07:05:22.518884+00:00
KXBTCD-26SEP2304-T85899.99,KXBTCD-26SEP2304,10,yes,0.97,yes,True,0.03,2026-09-23T08:05:19.088444+00:00,2026-09-23T07:10:27.563896+00:00
KXBTCD-26SEP2304-T86599.99,KXBTCD-26SEP2304,5,no,0.87,no,True,0.13,2026-09-23T08:05:19.088504+00:00,2026-09-23T07:15:24.414066+00:00
KXBTCD-26SEP2304-T86499.99,KXBTCD-26SEP2304,5,no,0.99,no,True,0.01,2026-09-23T08:05:19.088564+00:00,2026-09-23T07:45:26.780083+00:00
KXBTCD-26SEP2304-T85799.99,KXBTCD-26SEP2304,10,yes,0.98,yes,True,0.02,2026-09-23T08:05:19.088623+00:00,2026-09-23T07:50:21.174304+00:00
KXBTCD-26SEP2305-T86799.99,KXBTCD-26SEP2305,10,no,0.96,no,True,0.04,2026-09-23T09:05:22.714481+00:00,2026-09-23T08:05:19.096149+00:00
KXBTCD-26SEP2305-T86599.99,KXBTCD-26SEP2305,6,no,0.93,no,True,0.0699999999999999,2026-09-23T09:05:22.714530+00:00,2026-09-23T08:05:19.096213+00:00
KXBTCD-26SEP2305-T86499.99,KXBTCD-26SEP2305,8,no,0.89,no,True,0.1099999999999999,2026-09-23T09:05:22.714562+00:00,2026-09-23T08:05:19.096264+00:00
KXBTCD-26SEP2305-T86399.99,KXBTCD-26SEP2305,5,no,0.83,no,True,0.17,2026-09-23T09:05:22.714591+00:00,2026-09-23T08:05:19.096313+00:00
KXBTCD-26SEP2305-T86299.99,KXBTCD-26SEP2305,7,no,0.72,no,True,0.28,2026-09-23T09:05:22.714623+00:00,2026-09-23T08:05:19.096362+00:00
KXBTCD-26SEP2305-T85999.99,KXBTCD-26SEP2305,9,yes,0.71,no,False,-0.71,2026-09-23T09:05:22.714653+00:00,2026-09-23T08:05:19.096408+00:00
KXBTCD-26SEP2305-T85899.99,KXBTCD-26SEP2305,6,yes,0.88,no,False,-0.88,2026-09-23T09:05:22.714681+00:00,2026-09-23T08:10:24.839338+00:00
KXBTCD-26SEP2305-T85799.99,KXBTCD-26SEP2305,6,yes,0.96,yes,True,0.04,2026-09-23T09:05:22.714709+00:00,2026-09-23T08:21:01.051132+00:00
KXBTCD-26SEP2305-T85699.99,KXBTCD-26SEP2305,10,yes,0.97,yes,True,0.03,2026-09-23T09:05:22.714736+00:00,2026-09-23T08:25:20.100455+00:00
KXBTCD-26SEP2305-T85599.99,KXBTCD-26SEP2305,9,yes,0.88,yes,True,0.12,2026-09-23T09:05:22.714763+00:00,2026-09-23T08:55:18.978037+00:00
KXBTCD-26SEP2306-T86399.99,KXBTCD-26SEP2306,9,no,0.93,no,True,0.0699999999999999,2026-09-23T10:05:21.732062+00:00,2026-09-23T09:05:22.719911+00:00
KXBTCD-26SEP2306-T86199.99,KXBTCD-26SEP2306,6,no,0.86,no,True,0.14,2026-09-23T10:05:21.732129+00:00,2026-09-23T09:05:22.719952+00:00
KXBTCD-26SEP2306-T85599.99,KXBTCD-26SEP2306,7,yes,0.9,yes,True,0.0999999999999999,2026-09-23T10:05:21.732169+00:00,2026-09-23T09:05:22.720003+00:00
KXBTCD-26SEP2306-T85499.99,KXBTCD-26SEP2306,5,yes,0.94,yes,True,0.06,2026-09-23T10:05:21.732207+00:00,2026-09-23T09:05:22.720030+00:00
KXBTCD-26SEP2306-T85299.99,KXBTCD-26SEP2306,10,yes,0.97,yes,True,0.03,2026-09-23T10:05:21.732247+00:00,2026-09-23T09:05:22.720055+00:00
KXBTCD-26SEP2306-T86299.99,KXBTCD-26SEP2306,5,no,0.88,no,True,0.12,2026-09-23T10:05:21.732313+00:00,2026-09-23T09:10:24.229559+00:00
KXBTCD-26SEP2306-T85699.99,KXBTCD-26SEP2306,7,yes,0.91,yes,True,0.0899999999999999,2026-09-23T10:05:21.732359+00:00,2026-09-23T09:10:24.229664+00:00
KXBTCD-26SEP2306-T85199.99,KXBTCD-26SEP2306,10,yes,0.99,yes,True,0.01,2026-09-23T10:05:21.732400+00:00,2026-09-23T09:10:24.229750+00:00
KXBTCD-26SEP2306-T86099.99,KXBTCD-26SEP2306,5,no,0.99,no,True,0.01,2026-09-23T10:05:21.732438+00:00,2026-09-23T09:55:24.047511+00:00
KXBTCD-26SEP2307-T86499.99,KXBTCD-26SEP2307,10,no,0.98,no,True,0.02,2026-09-23T11:05:28.945048+00:00,2026-09-23T10:05:21.738821+00:00
KXBTCD-26SEP2307-T86299.99,KXBTCD-26SEP2307,6,no,0.94,no,True,0.06,2026-09-23T11:05:28.945091+00:00,2026-09-23T10:05:21.738873+00:00
KXBTCD-26SEP2307-T86099.99,KXBTCD-26SEP2307,9,no,0.83,no,True,0.17,2026-09-23T11:05:28.945114+00:00,2026-09-23T10:05:21.738905+00:00
KXBTCD-26SEP2307-T85999.99,KXBTCD-26SEP2307,7,no,0.72,no,True,0.28,2026-09-23T11:05:28.945135+00:00,2026-09-23T10:05:21.738934+00:00
KXBTCD-26SEP2307-T85599.99,KXBTCD-26SEP2307,5,yes,0.86,yes,True,0.14,2026-09-23T11:05:28.945158+00:00,2026-09-23T10:05:21.738962+00:00
KXBTCD-26SEP2307-T85499.99,KXBTCD-26SEP2307,8,yes,0.92,yes,True,0.0799999999999999,2026-09-23T11:05:28.945179+00:00,2026-09-23T10:05:21.738989+00:00
KXBTCD-26SEP2307-T86399.99,KXBTCD-26SEP2307,10,no,0.97,no,True,0.03,2026-09-23T11:05:28.945199+00:00,2026-09-23T10:10:21.383199+00:00
KXBTCD-26SEP2307-T86199.99,KXBTCD-26SEP2307,5,no,0.94,no,True,0.06,2026-09-23T11:05:28.945219+00:00,2026-09-23T10:15:25.660000+00:00
KXBTCD-26SEP2307-T85399.99,KXBTCD-26SEP2307,9,yes,0.96,yes,True,0.04,2026-09-23T11:05:28.945239+00:00,2026-09-23T10:20:22.657879+00:00
KXBTCD-26SEP2308-T86499.99,KXBTCD-26SEP2308,10,no,0.97,no,True,0.03,2026-09-23T12:05:22.950372+00:00,2026-09-23T11:05:28.949728+00:00
KXBTCD-26SEP2308-T86299.99,KXBTCD-26SEP2308,5,no,0.93,no,True,0.0699999999999999,2026-09-23T12:05:22.950454+00:00,2026-09-23T11:05:28.949761+00:00
KXBTCD-26SEP2308-T86199.99,KXBTCD-26SEP2308,6,no,0.9,no,True,0.0999999999999999,2026-09-23T12:05:22.950519+00:00,2026-09-23T11:05:28.949782+00:00
KXBTCD-26SEP2308-T86099.99,KXBTCD-26SEP2308,7,no,0.82,no,True,0.18,2026-09-23T12:05:22.950582+00:00,2026-09-23T11:05:28.949802+00:00
KXBTCD-26SEP2308-T85599.99,KXBTCD-26SEP2308,8,yes,0.86,yes,True,0.14,2026-09-23T12:05:22.950650+00:00,2026-09-23T11:05:28.949821+00:00
KXBTCD-26SEP2308-T85199.99,KXBTCD-26SEP2308,9,yes,0.99,yes,True,0.01,2026-09-23T12:05:22.950737+00:00,2026-09-23T11:05:28.949839+00:00
KXBTCD-26SEP2308-T85699.99,KXBTCD-26SEP2308,7,yes,0.77,no,False,-0.77,2026-09-23T12:05:22.950808+00:00,2026-09-23T11:10:24.451658+00:00
KXBTCD-26SEP2308-T85499.99,KXBTCD-26SEP2308,10,yes,0.94,yes,True,0.06,2026-09-23T12:05:22.950871+00:00,2026-09-23T11:10:24.451732+00:00
KXBTCD-26SEP2308-T85899.99,KXBTCD-26SEP2308,5,no,0.92,no,True,0.0799999999999999,2026-09-23T12:05:22.950932+00:00,2026-09-23T11:25:21.724762+00:00
KXBTCD-26SEP2308-T85399.99,KXBTCD-26SEP2308,10,yes,0.82,yes,True,0.18,2026-09-23T12:05:22.950994+00:00,2026-09-23T11:25:21.724870+00:00
KXBTCD-26SEP2308-T85999.99,KXBTCD-26SEP2308,5,no,0.97,no,True,0.03,2026-09-23T12:05:22.951054+00:00,2026-09-23T11:30:25.218132+00:00
KXBTCD-26SEP2308-T85299.99,KXBTCD-26SEP2308,9,yes,0.86,yes,True,0.14,2026-09-23T12:05:22.951115+00:00,2026-09-23T11:30:25.218259+00:00
KXBTCD-26SEP2308-T85799.99,KXBTCD-26SEP2308,5,no,0.97,no,True,0.03,2026-09-23T12:05:22.951175+00:00,2026-09-23T11:45:26.009930+00:00
KXBTCD-26SEP2309-T85299.99,KXBTCD-26SEP2309,5,yes,0.92,yes,True,0.0799999999999999,2026-09-23T13:05:30.025810+00:00,2026-09-23T12:00:29.481273+00:00
KXBTCD-26SEP2309-T85899.99,KXBTCD-26SEP2309,6,no,0.9,no,True,0.0999999999999999,2026-09-23T13:05:30.025892+00:00,2026-09-23T12:05:22.958575+00:00
KXBTCD-26SEP2309-T85799.99,KXBTCD-26SEP2309,5,no,0.85,no,True,0.15,2026-09-23T13:05:30.025956+00:00,2026-09-23T12:05:22.958637+00:00
KXBTCD-26SEP2309-T85199.99,KXBTCD-26SEP2309,7,yes,0.83,yes,True,0.17,2026-09-23T13:05:30.026016+00:00,2026-09-23T12:05:22.958747+00:00
KXBTCD-26SEP2309-T85099.99,KXBTCD-26SEP2309,9,yes,0.89,yes,True,0.1099999999999999,2026-09-23T13:05:30.026081+00:00,2026-09-23T12:05:22.958804+00:00
KXBTCD-26SEP2309-T84999.99,KXBTCD-26SEP2309,8,yes,0.93,yes,True,0.0699999999999999,2026-09-23T13:05:30.026145+00:00,2026-09-23T12:05:22.958853+00:00
KXBTCD-26SEP2309-T85699.99,KXBTCD-26SEP2309,6,no,0.91,no,True,0.0899999999999999,2026-09-23T13:05:30.026204+00:00,2026-09-23T12:20:23.366643+00:00
KXBTCD-26SEP2310-T86299.99,KXBTCD-26SEP2310,9,no,0.97,no,True,0.03,2026-09-23T14:05:20.527170+00:00,2026-09-23T13:05:30.033563+00:00
KXBTCD-26SEP2310-T85699.99,KXBTCD-26SEP2310,7,no,0.8,yes,False,-0.8,2026-09-23T14:05:20.527251+00:00,2026-09-23T13:05:30.033625+00:00
KXBTCD-26SEP2310-T85599.99,KXBTCD-26SEP2310,8,no,0.72,yes,False,-0.72,2026-09-23T14:05:20.527313+00:00,2026-09-23T13:05:30.033689+00:00
KXBTCD-26SEP2310-T85199.99,KXBTCD-26SEP2310,5,yes,0.69,yes,True,0.31,2026-09-23T14:05:20.527375+00:00,2026-09-23T13:05:30.033774+00:00
KXBTCD-26SEP2310-T85099.99,KXBTCD-26SEP2310,10,yes,0.77,yes,True,0.2299999999999999,2026-09-23T14:05:20.527440+00:00,2026-09-23T13:05:30.033821+00:00
KXBTCD-26SEP2310-T85999.99,KXBTCD-26SEP2310,10,no,0.93,no,True,0.0699999999999999,2026-09-23T14:05:20.527532+00:00,2026-09-23T13:10:24.535845+00:00
KXBTCD-26SEP2310-T84999.99,KXBTCD-26SEP2310,5,yes,0.78,yes,True,0.2199999999999999,2026-09-23T14:05:20.527596+00:00,2026-09-23T13:10:24.536017+00:00
KXBTCD-26SEP2310-T84899.99,KXBTCD-26SEP2310,7,yes,0.84,yes,True,0.16,2026-09-23T14:05:20.527655+00:00,2026-09-23T13:10:24.536068+00:00
KXBTCD-26SEP2310-T85799.99,KXBTCD-26SEP2310,9,no,0.77,no,True,0.2299999999999999,2026-09-23T14:05:20.527762+00:00,2026-09-23T13:30:29.049032+00:00
KXBTCD-26SEP2310-T85899.99,KXBTCD-26SEP2310,10,no,0.83,no,True,0.17,2026-09-23T14:05:20.527821+00:00,2026-09-23T13:35:21.172041+00:00
KXBTCD-26SEP2310-T85299.99,KXBTCD-26SEP2310,5,yes,0.98,yes,True,0.02,2026-09-23T14:05:20.527880+00:00,2026-09-23T13:45:26.330574+00:00
KXBTCD-26SEP2310-T85399.99,KXBTCD-26SEP2310,5,yes,0.99,yes,True,0.01,2026-09-23T14:05:20.527940+00:00,2026-09-23T14:00:24.871279+00:00
KXBTCD-26SEP2311-T86499.99,KXBTCD-26SEP2311,7,no,0.93,no,True,0.0699999999999999,2026-09-23T15:20:20.628284+00:00,2026-09-23T14:05:20.535142+00:00
KXBTCD-26SEP2311-T86199.99,KXBTCD-26SEP2311,9,no,0.82,no,True,0.18,2026-09-23T15:20:20.628333+00:00,2026-09-23T14:05:20.535205+00:00
KXBTCD-26SEP2311-T86099.99,KXBTCD-26SEP2311,8,no,0.76,no,True,0.24,2026-09-23T15:20:20.628366+00:00,2026-09-23T14:05:20.535257+00:00
KXBTCD-26SEP2311-T85999.99,KXBTCD-26SEP2311,6,no,0.68,no,True,0.3199999999999999,2026-09-23T15:20:20.628401+00:00,2026-09-23T14:05:20.535306+00:00
KXBTCD-26SEP2311-T85499.99,KXBTCD-26SEP2311,5,yes,0.76,no,False,-0.76,2026-09-23T15:20:20.628433+00:00,2026-09-23T14:05:20.535354+00:00
KXBTCD-26SEP2311-T85399.99,KXBTCD-26SEP2311,10,yes,0.82,no,False,-0.82,2026-09-23T15:20:20.628463+00:00,2026-09-23T14:05:20.535401+00:00
KXBTCD-26SEP2311-T86299.99,KXBTCD-26SEP2311,10,no,0.97,no,True,0.03,2026-09-23T15:20:20.628493+00:00,2026-09-23T14:10:24.427705+00:00
KXBTCD-26SEP2311-T85699.99,KXBTCD-26SEP2311,5,no,0.81,no,True,0.1899999999999999,2026-09-23T15:20:20.628520+00:00,2026-09-23T14:10:24.427844+00:00
KXBTCD-26SEP2311-T85899.99,KXBTCD-26SEP2311,7,no,0.92,no,True,0.0799999999999999,2026-09-23T15:20:20.628547+00:00,2026-09-23T14:15:29.047895+00:00
KXBTCD-26SEP2311-T85799.99,KXBTCD-26SEP2311,9,no,0.9,no,True,0.0999999999999999,2026-09-23T15:20:20.628574+00:00,2026-09-23T14:15:29.047961+00:00
KXBTCD-26SEP2311-T85299.99,KXBTCD-26SEP2311,5,no,0.76,no,True,0.24,2026-09-23T15:20:20.628602+00:00,2026-09-23T14:15:29.048049+00:00
KXBTCD-26SEP2311-T85199.99,KXBTCD-26SEP2311,6,no,0.71,no,True,0.29,2026-09-23T15:20:20.628640+00:00,2026-09-23T14:15:29.048085+00:00
KXBTCD-26SEP2311-T84799.99,KXBTCD-26SEP2311,6,no,0.78,no,True,0.2199999999999999,2026-09-23T15:20:20.628671+00:00,2026-09-23T14:20:24.667703+00:00
KXBTCD-26SEP2311-T84599.99,KXBTCD-26SEP2311,5,no,0.67,no,True,0.3299999999999999,2026-09-23T15:20:20.628699+00:00,2026-09-23T14:20:24.667775+00:00
KXBTCD-26SEP2311-T85599.99,KXBTCD-26SEP2311,6,no,0.95,no,True,0.05,2026-09-23T15:20:20.628750+00:00,2026-09-23T14:24:56.739397+00:00
KXBTCD-26SEP2311-T84999.99,KXBTCD-26SEP2311,5,no,0.9,no,True,0.0999999999999999,2026-09-23T15:20:20.628780+00:00,2026-09-23T14:24:56.739446+00:00
KXBTCD-26SEP2311-T84699.99,KXBTCD-26SEP2311,10,no,0.81,no,True,0.1899999999999999,2026-09-23T15:20:20.628807+00:00,2026-09-23T14:24:56.739493+00:00
KXBTCD-26SEP2311-T84499.99,KXBTCD-26SEP2311,7,no,0.74,yes,False,-0.74,2026-09-23T15:20:20.628834+00:00,2026-09-23T14:24:56.739519+00:00
KXBTCD-26SEP2311-T83999.99,KXBTCD-26SEP2311,8,yes,0.61,yes,True,0.39,2026-09-23T15:20:20.628861+00:00,2026-09-23T14:24:56.739543+00:00
KXBTCD-26SEP2311-T84899.99,KXBTCD-26SEP2311,5,no,0.93,no,True,0.0699999999999999,2026-09-23T15:20:20.628887+00:00,2026-09-23T14:30:24.676224+00:00
KXBTCD-26SEP2311-T84299.99,KXBTCD-26SEP2311,6,no,0.72,yes,False,-0.72,2026-09-23T15:20:20.628915+00:00,2026-09-23T14:30:24.676386+00:00
KXBTCD-26SEP2311-T84099.99,KXBTCD-26SEP2311,5,yes,0.81,yes,True,0.1899999999999999,2026-09-23T15:20:20.628941+00:00,2026-09-23T14:35:23.520086+00:00
KXBTCD-26SEP2311-T84199.99,KXBTCD-26SEP2311,5,yes,0.7,yes,True,0.3,2026-09-23T15:20:20.628971+00:00,2026-09-23T14:45:26.265316+00:00
KXBTCD-26SEP2312-T85099.99,KXBTCD-26SEP2312,7,no,0.89,no,True,0.1099999999999999,2026-09-23T16:05:28.206097+00:00,2026-09-23T15:05:26.248518+00:00
KXBTCD-26SEP2312-T84999.99,KXBTCD-26SEP2312,10,no,0.85,no,True,0.15,2026-09-23T16:05:28.206173+00:00,2026-09-23T15:05:26.248594+00:00
KXBTCD-26SEP2312-T84899.99,KXBTCD-26SEP2312,8,no,0.8,no,True,0.1999999999999999,2026-09-23T16:05:28.206226+00:00,2026-09-23T15:05:26.248648+00:00
KXBTCD-26SEP2312-T84799.99,KXBTCD-26SEP2312,5,no,0.75,no,True,0.25,2026-09-23T16:05:28.206264+00:00,2026-09-23T15:05:26.248697+00:00
KXBTCD-26SEP2312-T84099.99,KXBTCD-26SEP2312,6,yes,0.83,no,False,-0.83,2026-09-23T16:05:28.206320+00:00,2026-09-23T15:05:26.248745+00:00
KXBTCD-26SEP2312-T83999.99,KXBTCD-26SEP2312,9,yes,0.87,yes,True,0.13,2026-09-23T16:05:28.206370+00:00,2026-09-23T15:05:26.248792+00:00
KXBTCD-26SEP2312-T84299.99,KXBTCD-26SEP2312,5,yes,0.8,no,False,-0.8,2026-09-23T16:05:28.206412+00:00,2026-09-23T15:20:20.634433+00:00
KXBTCD-26SEP2312-T84199.99,KXBTCD-26SEP2312,8,yes,0.88,no,False,-0.88,2026-09-23T16:05:28.206449+00:00,2026-09-23T15:20:20.634465+00:00
KXBTCD-26SEP2312-T84699.99,KXBTCD-26SEP2312,5,no,0.97,no,True,0.03,2026-09-23T16:05:28.206588+00:00,2026-09-23T15:45:22.147854+00:00
KXBTCD-26SEP2312-T84599.99,KXBTCD-26SEP2312,7,no,0.99,no,True,0.01,2026-09-23T16:05:28.206647+00:00,2026-09-23T16:00:25.010726+00:00
KXBTCD-26SEP2312-T84499.99,KXBTCD-26SEP2312,6,no,0.99,no,True,0.01,2026-09-23T16:05:28.206695+00:00,2026-09-23T16:00:25.010773+00:00
KXBTCD-26SEP2312-T84399.99,KXBTCD-26SEP2312,5,no,0.99,no,True,0.01,2026-09-23T16:05:28.206733+00:00,2026-09-23T16:00:25.010793+00:00
KXBTCD-26SEP2313-T84199.99,KXBTCD-26SEP2313,10,no,0.66,no,True,0.3399999999999999,2026-09-23T17:05:22.886790+00:00,2026-09-23T16:05:28.214925+00:00
KXBTCD-26SEP2313-T83899.99,KXBTCD-26SEP2313,9,yes,0.6,yes,True,0.4,2026-09-23T17:05:22.886875+00:00,2026-09-23T16:05:28.215053+00:00
KXBTCD-26SEP2313-T83399.99,KXBTCD-26SEP2313,5,yes,0.89,yes,True,0.1099999999999999,2026-09-23T17:05:22.886944+00:00,2026-09-23T16:05:28.215097+00:00
KXBTCD-26SEP2313-T83299.99,KXBTCD-26SEP2313,8,yes,0.92,yes,True,0.0799999999999999,2026-09-23T17:05:22.887008+00:00,2026-09-23T16:05:28.215132+00:00
KXBTCD-26SEP2313-T84099.99,KXBTCD-26SEP2313,6,yes,0.68,no,False,-0.68,2026-09-23T17:05:22.887071+00:00,2026-09-23T16:10:22.757243+00:00
KXBTCD-26SEP2313-T83999.99,KXBTCD-26SEP2313,5,yes,0.76,yes,True,0.24,2026-09-23T17:05:22.887132+00:00,2026-09-23T16:10:22.757347+00:00
KXBTCD-26SEP2313-T83499.99,KXBTCD-26SEP2313,9,yes,0.97,yes,True,0.03,2026-09-23T17:05:22.887192+00:00,2026-09-23T16:15:25.546225+00:00
KXBTCD-26SEP2313-T84399.99,KXBTCD-26SEP2313,10,no,0.65,no,True,0.35,2026-09-23T17:05:22.887252+00:00,2026-09-23T16:20:37.328313+00:00
KXBTCD-26SEP2313-T83699.99,KXBTCD-26SEP2313,6,yes,0.95,yes,True,0.05,2026-09-23T17:05:22.887311+00:00,2026-09-23T16:25:25.945419+00:00
KXBTCD-26SEP2313-T83599.99,KXBTCD-26SEP2313,5,yes,0.96,yes,True,0.04,2026-09-23T17:05:22.887371+00:00,2026-09-23T16:25:25.945490+00:00
KXBTCD-26SEP2313-T84499.99,KXBTCD-26SEP2313,10,no,0.89,no,True,0.1099999999999999,2026-09-23T17:05:22.887431+00:00,2026-09-23T16:35:20.489133+00:00
KXBTCD-26SEP2313-T83799.99,KXBTCD-26SEP2313,5,yes,0.96,yes,True,0.04,2026-09-23T17:05:22.887491+00:00,2026-09-23T16:35:20.489298+00:00
KXBTCD-26SEP2313-T84299.99,KXBTCD-26SEP2313,5,no,0.99,no,True,0.01,2026-09-23T17:05:22.887551+00:00,2026-09-23T16:55:20.528845+00:00
KXBTCD-26SEP2314-T84399.99,KXBTCD-26SEP2314,9,no,0.88,no,True,0.12,2026-09-23T18:05:22.894840+00:00,2026-09-23T17:05:22.895156+00:00
KXBTCD-26SEP2314-T84299.99,KXBTCD-26SEP2314,8,no,0.85,yes,False,-0.85,2026-09-23T18:05:22.894894+00:00,2026-09-23T17:05:22.895223+00:00
KXBTCD-26SEP2314-T84099.99,KXBTCD-26SEP2314,5,no,0.69,yes,False,-0.69,2026-09-23T18:05:22.894930+00:00,2026-09-23T17:05:22.895278+00:00
KXBTCD-26SEP2314-T83799.99,KXBTCD-26SEP2314,6,yes,0.64,yes,True,0.36,2026-09-23T18:05:22.894962+00:00,2026-09-23T17:05:22.895330+00:00
KXBTCD-26SEP2314-T83599.99,KXBTCD-26SEP2314,7,yes,0.81,yes,True,0.1899999999999999,2026-09-23T18:05:22.894993+00:00,2026-09-23T17:05:22.895379+00:00
KXBTCD-26SEP2314-T83399.99,KXBTCD-26SEP2314,10,yes,0.9,yes,True,0.0999999999999999,2026-09-23T18:05:22.895022+00:00,2026-09-23T17:05:22.895428+00:00
KXBTCD-26SEP2314-T84799.99,KXBTCD-26SEP2314,8,no,0.96,no,True,0.04,2026-09-23T18:05:22.895088+00:00,2026-09-23T17:10:24.211597+00:00
KXBTCD-26SEP2314-T83699.99,KXBTCD-26SEP2314,9,yes,0.7,yes,True,0.3,2026-09-23T18:05:22.895117+00:00,2026-09-23T17:10:24.211683+00:00
KXBTCD-26SEP2314-T84199.99,KXBTCD-26SEP2314,9,no,0.73,yes,False,-0.73,2026-09-23T18:05:22.895146+00:00,2026-09-23T17:20:22.635837+00:00
KXBTCD-26SEP2314-T83499.99,KXBTCD-26SEP2314,7,yes,0.96,yes,True,0.04,2026-09-23T18:05:22.895173+00:00,2026-09-23T17:25:20.511408+00:00
KXBTCD-26SEP2314-T84499.99,KXBTCD-26SEP2314,9,no,0.98,no,True,0.02,2026-09-23T18:05:22.895202+00:00,2026-09-23T17:55:21.777585+00:00
KXBTCD-26SEP2314-T83899.99,KXBTCD-26SEP2314,5,yes,0.99,yes,True,0.01,2026-09-23T18:05:22.895230+00:00,2026-09-23T17:55:21.777654+00:00
KXBTCD-26SEP2315-T84999.99,KXBTCD-26SEP2315,10,no,0.97,no,True,0.03,2026-09-23T19:05:20.210483+00:00,2026-09-23T18:05:22.900427+00:00
KXBTCD-26SEP2315-T84699.99,KXBTCD-26SEP2315,8,no,0.92,no,True,0.0799999999999999,2026-09-23T19:05:20.210564+00:00,2026-09-23T18:05:22.900467+00:00
KXBTCD-26SEP2315-T84499.99,KXBTCD-26SEP2315,9,no,0.81,no,True,0.1899999999999999,2026-09-23T19:05:20.210628+00:00,2026-09-23T18:05:22.900495+00:00
KXBTCD-26SEP2315-T84399.99,KXBTCD-26SEP2315,7,no,0.71,no,True,0.29,2026-09-23T19:05:20.210689+00:00,2026-09-23T18:05:22.900522+00:00
KXBTCD-26SEP2315-T84099.99,KXBTCD-26SEP2315,5,yes,0.66,yes,True,0.3399999999999999,2026-09-23T19:05:20.210782+00:00,2026-09-23T18:05:22.900547+00:00
KXBTCD-26SEP2315-T83899.99,KXBTCD-26SEP2315,6,yes,0.86,yes,True,0.14,2026-09-23T19:05:20.210849+00:00,2026-09-23T18:05:22.900571+00:00
KXBTCD-26SEP2315-T84599.99,KXBTCD-26SEP2315,9,no,0.89,no,True,0.1099999999999999,2026-09-23T19:05:20.210909+00:00,2026-09-23T18:10:29.612410+00:00
KXBTCD-26SEP2315-T83999.99,KXBTCD-26SEP2315,6,yes,0.8,yes,True,0.1999999999999999,2026-09-23T19:05:20.210968+00:00,2026-09-23T18:10:29.612515+00:00
KXBTCD-26SEP2315-T84799.99,KXBTCD-26SEP2315,5,no,0.97,no,True,0.03,2026-09-23T19:05:20.211028+00:00,2026-09-23T18:15:39.767183+00:00
KXBTCD-26SEP2315-T83799.99,KXBTCD-26SEP2315,9,yes,0.93,yes,True,0.0699999999999999,2026-09-23T19:05:20.211088+00:00,2026-09-23T18:15:39.767442+00:00
KXBTCD-26SEP2315-T83699.99,KXBTCD-26SEP2315,10,yes,0.96,yes,True,0.04,2026-09-23T19:05:20.211172+00:00,2026-09-23T18:35:21.410956+00:00
KXBTCD-26SEP2316-T84799.99,KXBTCD-26SEP2316,5,no,0.96,no,True,0.04,2026-09-23T20:05:33.242616+00:00,2026-09-23T19:05:20.218194+00:00
KXBTCD-26SEP2316-T84599.99,KXBTCD-26SEP2316,8,no,0.88,no,True,0.12,2026-09-23T20:05:33.242731+00:00,2026-09-23T19:05:20.218255+00:00
KXBTCD-26SEP2316-T84499.99,KXBTCD-26SEP2316,7,no,0.82,no,True,0.18,2026-09-23T20:05:33.242804+00:00,2026-09-23T19:05:20.218307+00:00
KXBTCD-26SEP2316-T83999.99,KXBTCD-26SEP2316,6,yes,0.83,yes,True,0.17,2026-09-23T20:05:33.242869+00:00,2026-09-23T19:05:20.218357+00:00
KXBTCD-26SEP2316-T83899.99,KXBTCD-26SEP2316,9,yes,0.9,yes,True,0.0999999999999999,2026-09-23T20:05:33.242933+00:00,2026-09-23T19:05:20.218404+00:00
KXBTCD-26SEP2316-T83799.99,KXBTCD-26SEP2316,10,yes,0.93,yes,True,0.0699999999999999,2026-09-23T20:05:33.242995+00:00,2026-09-23T19:05:20.218452+00:00
KXBTCD-26SEP2316-T84899.99,KXBTCD-26SEP2316,10,no,0.97,no,True,0.03,2026-09-23T20:05:33.243057+00:00,2026-09-23T19:10:27.139030+00:00
KXBTCD-26SEP2316-T83699.99,KXBTCD-26SEP2316,10,yes,0.99,yes,True,0.01,2026-09-23T20:05:33.243119+00:00,2026-09-23T19:25:23.720768+00:00
KXBTCD-26SEP2316-T84699.99,KXBTCD-26SEP2316,8,no,0.94,no,True,0.06,2026-09-23T20:05:33.243188+00:00,2026-09-23T19:30:27.448908+00:00
KXBTCD-26SEP2316-T84099.99,KXBTCD-26SEP2316,5,yes,0.98,yes,True,0.02,2026-09-23T20:05:33.243259+00:00,2026-09-23T19:35:20.516142+00:00
KXBTCD-26SEP2316-T84199.99,KXBTCD-26SEP2316,5,yes,0.99,yes,True,0.01,2026-09-23T20:05:33.243322+00:00,2026-09-23T19:55:23.072261+00:00
KXBTCD-26SEP2317-T88249.99,KXBTCD-26SEP2317,7,no,0.84,no,True,0.16,2026-09-23T21:05:20.110664+00:00,2026-09-22T20:05:22.603887+00:00
KXBTCD-26SEP2317-T87999.99,KXBTCD-26SEP2317,9,no,0.81,no,True,0.1899999999999999,2026-09-23T21:05:20.110742+00:00,2026-09-22T20:05:22.603955+00:00
KXBTCD-26SEP2317-T87749.99,KXBTCD-26SEP2317,10,no,0.77,no,True,0.2299999999999999,2026-09-23T21:05:20.110805+00:00,2026-09-22T20:05:22.604007+00:00
KXBTCD-26SEP2317-T86749.99,KXBTCD-26SEP2317,8,no,0.61,no,True,0.39,2026-09-23T21:05:20.110873+00:00,2026-09-22T20:05:22.604054+00:00
KXBTCD-26SEP2317-T87499.99,KXBTCD-26SEP2317,10,no,0.73,no,True,0.27,2026-09-23T21:05:20.110937+00:00,2026-09-22T20:10:26.851751+00:00
KXBTCD-26SEP2317-T85499.99,KXBTCD-26SEP2317,5,yes,0.67,no,False,-0.67,2026-09-23T21:05:20.110999+00:00,2026-09-22T20:10:26.851840+00:00
KXBTCD-26SEP2317-T84249.99,KXBTCD-26SEP2317,8,yes,0.84,no,False,-0.84,2026-09-23T21:05:20.111060+00:00,2026-09-22T20:10:26.851869+00:00
KXBTCD-26SEP2317-T90249.99,KXBTCD-26SEP2317,6,no,0.96,no,True,0.04,2026-09-23T21:05:20.111121+00:00,2026-09-22T20:25:27.070638+00:00
KXBTCD-26SEP2317-T86999.99,KXBTCD-26SEP2317,5,no,0.66,no,True,0.3399999999999999,2026-09-23T21:05:20.111181+00:00,2026-09-22T20:25:27.070740+00:00
KXBTCD-26SEP2317-T85999.99,KXBTCD-26SEP2317,9,yes,0.6,no,False,-0.6,2026-09-23T21:05:20.111242+00:00,2026-09-22T20:30:30.569201+00:00
KXBTCD-26SEP2317-T84749.99,KXBTCD-26SEP2317,10,yes,0.79,no,False,-0.79,2026-09-23T21:05:20.111303+00:00,2026-09-22T20:40:21.216944+00:00
KXBTCD-26SEP2317-T87249.99,KXBTCD-26SEP2317,7,no,0.73,no,True,0.27,2026-09-23T21:05:20.111362+00:00,2026-09-22T21:05:26.543443+00:00
KXBTCD-26SEP2317-T83249.99,KXBTCD-26SEP2317,6,yes,0.95,yes,True,0.05,2026-09-23T21:05:20.111429+00:00,2026-09-22T21:05:26.543617+00:00
KXBTCD-26SEP2317-T82999.99,KXBTCD-26SEP2317,5,yes,0.96,yes,True,0.04,2026-09-23T21:05:20.111490+00:00,2026-09-22T21:05:26.543667+00:00
KXBTCD-26SEP2317-T83999.99,KXBTCD-26SEP2317,6,yes,0.91,yes,True,0.0899999999999999,2026-09-23T21:05:20.111594+00:00,2026-09-22T21:30:28.526488+00:00
KXBTCD-26SEP2317-T85249.99,KXBTCD-26SEP2317,6,yes,0.74,no,False,-0.74,2026-09-23T21:05:20.111672+00:00,2026-09-22T21:35:24.131435+00:00
KXBTCD-26SEP2317-T85749.99,KXBTCD-26SEP2317,10,yes,0.61,no,False,-0.61,2026-09-23T21:05:20.111735+00:00,2026-09-22T22:20:56.329994+00:00
KXBTCD-26SEP2317-T88999.99,KXBTCD-26SEP2317,5,no,0.94,no,True,0.06,2026-09-23T21:05:20.111795+00:00,2026-09-22T23:20:22.183211+00:00
KXBTCD-26SEP2317-T84999.99,KXBTCD-26SEP2317,5,yes,0.84,no,False,-0.84,2026-09-23T21:05:20.111856+00:00,2026-09-22T23:25:19.880167+00:00
KXBTCD-26SEP2317-T89999.99,KXBTCD-26SEP2317,8,no,0.96,no,True,0.04,2026-09-23T21:05:20.111915+00:00,2026-09-23T01:10:23.244807+00:00
KXBTCD-26SEP2317-T86249.99,KXBTCD-26SEP2317,5,yes,0.72,no,False,-0.72,2026-09-23T21:05:20.112072+00:00,2026-09-23T05:00:25.954944+00:00
KXBTCD-26SEP2317-T84499.99,KXBTCD-26SEP2317,10,no,0.8,no,True,0.1999999999999999,2026-09-23T21:05:20.112227+00:00,2026-09-23T17:05:22.895629+00:00
KXBTCD-26SEP2317-T86499.99,KXBTCD-26SEP2317,5,no,0.99,no,True,0.01,2026-09-23T21:05:20.112287+00:00,2026-09-23T20:00:27.006525+00:00
KXBTCD-26SEP2318-T84699.99,KXBTCD-26SEP2318,9,no,0.96,no,True,0.04,2026-09-23T22:05:22.273977+00:00,2026-09-23T21:05:20.120267+00:00
KXBTCD-26SEP2318-T84599.99,KXBTCD-26SEP2318,7,no,0.92,no,True,0.0799999999999999,2026-09-23T22:05:22.274042+00:00,2026-09-23T21:05:20.120319+00:00
KXBTCD-26SEP2318-T84499.99,KXBTCD-26SEP2318,5,no,0.85,no,True,0.15,2026-09-23T22:05:22.274084+00:00,2026-09-23T21:05:20.120367+00:00
KXBTCD-26SEP2318-T83999.99,KXBTCD-26SEP2318,6,yes,0.91,yes,True,0.0899999999999999,2026-09-23T22:05:22.274122+00:00,2026-09-23T21:05:20.120414+00:00
KXBTCD-26SEP2318-T83899.99,KXBTCD-26SEP2318,8,yes,0.95,yes,True,0.05,2026-09-23T22:05:22.274161+00:00,2026-09-23T21:05:20.120459+00:00
KXBTCD-26SEP2318-T83799.99,KXBTCD-26SEP2318,10,yes,0.96,yes,True,0.04,2026-09-23T22:05:22.274197+00:00,2026-09-23T21:05:20.120504+00:00
KXBTCD-26SEP2318-T83699.99,KXBTCD-26SEP2318,9,yes,0.99,yes,True,0.01,2026-09-23T22:05:22.274297+00:00,2026-09-23T21:10:21.217418+00:00
KXBTCD-26SEP2318-T84099.99,KXBTCD-26SEP2318,5,yes,0.92,yes,True,0.0799999999999999,2026-09-23T22:05:22.274365+00:00,2026-09-23T21:15:25.898786+00:00
KXBTCD-26SEP2318-T84799.99,KXBTCD-26SEP2318,10,no,0.98,no,True,0.02,2026-09-23T22:05:22.274437+00:00,2026-09-23T21:35:22.031044+00:00
KXBTCD-26SEP2319-T84799.99,KXBTCD-26SEP2319,9,no,0.97,no,True,0.03,2026-09-23T23:05:20.195274+00:00,2026-09-23T22:05:22.281286+00:00
KXBTCD-26SEP2319-T84699.99,KXBTCD-26SEP2319,6,no,0.94,no,True,0.06,2026-09-23T23:05:20.195330+00:00,2026-09-23T22:05:22.281332+00:00
KXBTCD-26SEP2319-T84499.99,KXBTCD-26SEP2319,5,no,0.76,yes,False,-0.76,2026-09-23T23:05:20.195364+00:00,2026-09-23T22:05:22.281363+00:00
KXBTCD-26SEP2319-T84099.99,KXBTCD-26SEP2319,8,yes,0.92,yes,True,0.0799999999999999,2026-09-23T23:05:20.195396+00:00,2026-09-23T22:05:22.281392+00:00
KXBTCD-26SEP2319-T83999.99,KXBTCD-26SEP2319,7,yes,0.96,yes,True,0.04,2026-09-23T23:05:20.195427+00:00,2026-09-23T22:05:22.281419+00:00
KXBTCD-26SEP2319-T83899.99,KXBTCD-26SEP2319,10,yes,0.98,yes,True,0.02,2026-09-23T23:05:20.195457+00:00,2026-09-23T22:05:22.281445+00:00
KXBTCD-26SEP2319-T84999.99,KXBTCD-26SEP2319,8,no,0.95,no,True,0.05,2026-09-23T23:05:20.195491+00:00,2026-09-23T22:10:25.131315+00:00
KXBTCD-26SEP2319-T84899.99,KXBTCD-26SEP2319,10,no,0.91,no,True,0.0899999999999999,2026-09-23T23:05:20.195520+00:00,2026-09-23T22:10:25.131385+00:00
KXBTCD-26SEP2319-T84199.99,KXBTCD-26SEP2319,6,yes,0.95,yes,True,0.05,2026-09-23T23:05:20.195550+00:00,2026-09-23T22:10:25.131526+00:00
KXBTCD-26SEP2319-T84299.99,KXBTCD-26SEP2319,5,yes,0.99,yes,True,0.01,2026-09-23T23:05:20.195604+00:00,2026-09-23T22:55:23.269409+00:00
KXBTCD-26SEP2320-T84999.99,KXBTCD-26SEP2320,9,no,0.97,no,True,0.03,2026-09-24T00:05:20.919513+00:00,2026-09-23T23:05:20.201850+00:00
KXBTCD-26SEP2320-T84899.99,KXBTCD-26SEP2320,8,no,0.95,no,True,0.05,2026-09-24T00:05:20.919576+00:00,2026-09-23T23:05:20.201906+00:00
KXBTCD-26SEP2320-T84699.99,KXBTCD-26SEP2320,5,no,0.78,no,True,0.2199999999999999,2026-09-24T00:05:20.919617+00:00,2026-09-23T23:05:20.201937+00:00
KXBTCD-26SEP2320-T84299.99,KXBTCD-26SEP2320,7,yes,0.89,yes,True,0.1099999999999999,2026-09-24T00:05:20.919656+00:00,2026-09-23T23:05:20.201962+00:00
KXBTCD-26SEP2320-T84199.99,KXBTCD-26SEP2320,6,yes,0.95,yes,True,0.05,2026-09-24T00:05:20.919695+00:00,2026-09-23T23:05:20.201985+00:00
KXBTCD-26SEP2320-T84099.99,KXBTCD-26SEP2320,10,yes,0.97,yes,True,0.03,2026-09-24T00:05:20.919738+00:00,2026-09-23T23:05:20.202007+00:00
KXBTCD-26SEP2320-T84799.99,KXBTCD-26SEP2320,5,no,0.93,no,True,0.0699999999999999,2026-09-24T00:05:20.919778+00:00,2026-09-23T23:10:22.366210+00:00
KXBTCD-26SEP2320-T83999.99,KXBTCD-26SEP2320,10,yes,0.98,yes,True,0.02,2026-09-24T00:05:20.919816+00:00,2026-09-23T23:20:21.774685+00:00
KXBTCD-26SEP2321-T84799.99,KXBTCD-26SEP2321,8,no,0.95,no,True,0.05,2026-09-24T01:05:20.164945+00:00,2026-09-24T00:05:20.926629+00:00
KXBTCD-26SEP2321-T84699.99,KXBTCD-26SEP2321,6,no,0.9,no,True,0.0999999999999999,2026-09-24T01:05:20.165027+00:00,2026-09-24T00:05:20.926674+00:00
KXBTCD-26SEP2321-T84199.99,KXBTCD-26SEP2321,5,yes,0.88,yes,True,0.12,2026-09-24T01:05:20.165091+00:00,2026-09-24T00:05:20.926706+00:00
KXBTCD-26SEP2321-T84099.99,KXBTCD-26SEP2321,7,yes,0.95,yes,True,0.05,2026-09-24T01:05:20.165172+00:00,2026-09-24T00:05:20.926736+00:00
KXBTCD-26SEP2321-T83999.99,KXBTCD-26SEP2321,9,yes,0.97,yes,True,0.03,2026-09-24T01:05:20.165241+00:00,2026-09-24T00:05:20.926763+00:00
KXBTCD-26SEP2321-T76599.99,KXBTCD-26SEP2321,10,yes,0.99,yes,True,0.01,2026-09-24T01:05:20.165308+00:00,2026-09-24T00:05:20.926790+00:00
KXBTCD-26SEP2321-T84899.99,KXBTCD-26SEP2321,10,no,0.98,no,True,0.02,2026-09-24T01:05:20.165373+00:00,2026-09-24T00:10:20.156650+00:00
KXBTCD-26SEP2321-T84599.99,KXBTCD-26SEP2321,5,no,0.92,no,True,0.0799999999999999,2026-09-24T01:05:20.165433+00:00,2026-09-24T00:15:24.663473+00:00
KXBTCD-26SEP2321-T83899.99,KXBTCD-26SEP2321,10,yes,0.97,yes,True,0.03,2026-09-24T01:05:20.165494+00:00,2026-09-24T00:15:24.663628+00:00
KXBTCD-26SEP2322-T84999.99,KXBTCD-26SEP2322,10,no,0.98,no,True,0.02,2026-09-24T02:05:32.934715+00:00,2026-09-24T01:05:20.173030+00:00
KXBTCD-26SEP2322-T84699.99,KXBTCD-26SEP2322,9,no,0.95,no,True,0.05,2026-09-24T02:05:32.934791+00:00,2026-09-24T01:05:20.173088+00:00
KXBTCD-26SEP2322-T84599.99,KXBTCD-26SEP2322,8,no,0.91,no,True,0.0899999999999999,2026-09-24T02:05:32.934854+00:00,2026-09-24T01:05:20.173162+00:00
KXBTCD-26SEP2322-T84099.99,KXBTCD-26SEP2322,6,yes,0.77,yes,True,0.2299999999999999,2026-09-24T02:05:32.934914+00:00,2026-09-24T01:05:20.173221+00:00
KXBTCD-26SEP2322-T83999.99,KXBTCD-26SEP2322,7,yes,0.87,yes,True,0.13,2026-09-24T02:05:32.934980+00:00,2026-09-24T01:05:20.173268+00:00
KXBTCD-26SEP2322-T83899.99,KXBTCD-26SEP2322,5,yes,0.93,yes,True,0.0699999999999999,2026-09-24T02:05:32.935045+00:00,2026-09-24T01:05:20.173313+00:00
KXBTCD-26SEP2322-T84799.99,KXBTCD-26SEP2322,10,no,0.98,no,True,0.02,2026-09-24T02:05:32.935105+00:00,2026-09-24T01:15:19.606494+00:00
KXBTCD-26SEP2322-T83799.99,KXBTCD-26SEP2322,10,yes,0.99,yes,True,0.01,2026-09-24T02:05:32.935164+00:00,2026-09-24T01:35:20.032184+00:00
KXBTCD-26SEP2322-T84499.99,KXBTCD-26SEP2322,5,no,0.99,no,True,0.01,2026-09-24T02:05:32.935270+00:00,2026-09-24T01:50:18.540149+00:00
KXBTCD-26SEP2323-T84499.99,KXBTCD-26SEP2323,7,no,0.95,no,True,0.05,2026-09-24T03:05:19.267604+00:00,2026-09-24T02:05:32.942611+00:00
KXBTCD-26SEP2323-T84399.99,KXBTCD-26SEP2323,5,no,0.93,no,True,0.0699999999999999,2026-09-24T03:05:19.267642+00:00,2026-09-24T02:05:32.942672+00:00
KXBTCD-26SEP2323-T84299.99,KXBTCD-26SEP2323,8,no,0.86,yes,False,-0.86,2026-09-24T03:05:19.267666+00:00,2026-09-24T02:05:32.942721+00:00
KXBTCD-26SEP2323-T83799.99,KXBTCD-26SEP2323,6,yes,0.81,yes,True,0.1899999999999999,2026-09-24T03:05:19.267689+00:00,2026-09-24T02:05:32.942767+00:00
KXBTCD-26SEP2323-T83699.99,KXBTCD-26SEP2323,9,yes,0.88,yes,True,0.12,2026-09-24T03:05:19.267709+00:00,2026-09-24T02:05:32.942812+00:00
KXBTCD-26SEP2323-T83599.99,KXBTCD-26SEP2323,10,yes,0.93,yes,True,0.0699999999999999,2026-09-24T03:05:19.267731+00:00,2026-09-24T02:05:32.942857+00:00
KXBTCD-26SEP2323-T84199.99,KXBTCD-26SEP2323,5,no,0.9,yes,False,-0.9,2026-09-24T03:05:19.267752+00:00,2026-09-24T02:10:27.511717+00:00
KXBTCD-26SEP2323-T83499.99,KXBTCD-26SEP2323,10,yes,0.84,yes,True,0.16,2026-09-24T03:05:19.267771+00:00,2026-09-24T02:10:27.511841+00:00
KXBTCD-26SEP2323-T83899.99,KXBTCD-26SEP2323,5,yes,0.83,yes,True,0.17,2026-09-24T03:05:19.267790+00:00,2026-09-24T02:25:24.723689+00:00
KXBTCD-26SEP2400-T84799.99,KXBTCD-26SEP2400,7,no,0.94,no,True,0.06,2026-09-24T04:05:19.266647+00:00,2026-09-24T03:05:19.272169+00:00
KXBTCD-26SEP2400-T84599.99,KXBTCD-26SEP2400,5,no,0.78,no,True,0.2199999999999999,2026-09-24T04:05:19.266723+00:00,2026-09-24T03:05:19.272195+00:00
KXBTCD-26SEP2400-T84199.99,KXBTCD-26SEP2400,6,yes,0.85,no,False,-0.85,2026-09-24T04:05:19.266787+00:00,2026-09-24T03:05:19.272215+00:00
KXBTCD-26SEP2400-T84099.99,KXBTCD-26SEP2400,8,yes,0.92,no,False,-0.92,2026-09-24T04:05:19.266853+00:00,2026-09-24T03:05:19.272232+00:00
KXBTCD-26SEP2400-T83999.99,KXBTCD-26SEP2400,9,yes,0.95,no,False,-0.95,2026-09-24T04:05:19.266917+00:00,2026-09-24T03:05:19.272251+00:00
KXBTCD-26SEP2400-T83899.99,KXBTCD-26SEP2400,10,yes,0.97,yes,True,0.03,2026-09-24T04:05:19.266980+00:00,2026-09-24T03:05:19.272268+00:00
KXBTCD-26SEP2400-T84699.99,KXBTCD-26SEP2400,5,no,0.95,no,True,0.05,2026-09-24T04:05:19.267041+00:00,2026-09-24T03:10:21.229720+00:00
KXBTCD-26SEP2400-T84499.99,KXBTCD-26SEP2400,5,no,0.97,no,True,0.03,2026-09-24T04:05:19.267101+00:00,2026-09-24T03:25:23.438854+00:00
KXBTCD-26SEP2400-T83799.99,KXBTCD-26SEP2400,10,yes,0.93,yes,True,0.0699999999999999,2026-09-24T04:05:19.267191+00:00,2026-09-24T03:30:24.630400+00:00
KXBTCD-26SEP2400-T84399.99,KXBTCD-26SEP2400,5,no,0.99,no,True,0.01,2026-09-24T04:05:19.267263+00:00,2026-09-24T03:40:22.837773+00:00
KXBTCD-26SEP2400-T83699.99,KXBTCD-26SEP2400,9,yes,0.97,yes,True,0.03,2026-09-24T04:05:19.267325+00:00,2026-09-24T03:45:19.654891+00:00
KXBTCD-26SEP2400-T84299.99,KXBTCD-26SEP2400,5,no,0.99,no,True,0.01,2026-09-24T04:05:19.267386+00:00,2026-09-24T03:55:20.189160+00:00
KXBTCD-26SEP2401-T84299.99,KXBTCD-26SEP2401,9,no,0.95,no,True,0.05,2026-09-24T05:05:23.725558+00:00,2026-09-24T04:05:19.274561+00:00
KXBTCD-26SEP2401-T84199.99,KXBTCD-26SEP2401,5,no,0.91,no,True,0.0899999999999999,2026-09-24T05:05:23.725640+00:00,2026-09-24T04:05:19.274625+00:00
KXBTCD-26SEP2401-T84099.99,KXBTCD-26SEP2401,6,no,0.85,no,True,0.15,2026-09-24T05:05:23.725704+00:00,2026-09-24T04:05:19.274678+00:00
KXBTCD-26SEP2401-T83599.99,KXBTCD-26SEP2401,7,yes,0.84,yes,True,0.16,2026-09-24T05:05:23.725770+00:00,2026-09-24T04:05:19.274729+00:00
KXBTCD-26SEP2401-T83499.99,KXBTCD-26SEP2401,8,yes,0.91,yes,True,0.0899999999999999,2026-09-24T05:05:23.725860+00:00,2026-09-24T04:05:19.274778+00:00
KXBTCD-26SEP2401-T83399.99,KXBTCD-26SEP2401,10,yes,0.95,yes,True,0.05,2026-09-24T05:05:23.725927+00:00,2026-09-24T04:05:19.274826+00:00
KXBTCD-26SEP2401-T83299.99,KXBTCD-26SEP2401,10,yes,0.98,yes,True,0.02,2026-09-24T05:05:23.726035+00:00,2026-09-24T04:10:22.706732+00:00
KXBTCD-26SEP2406-T84299.99,KXBTCD-26SEP2406,6,no,0.97,no,True,0.03,2026-09-24T10:05:22.925751+00:00,2026-09-24T09:05:19.707350+00:00
KXBTCD-26SEP2406-T83999.99,KXBTCD-26SEP2406,10,no,0.91,no,True,0.0899999999999999,2026-09-24T10:05:22.925814+00:00,2026-09-24T09:05:19.707401+00:00
KXBTCD-26SEP2406-T83899.99,KXBTCD-26SEP2406,7,no,0.86,no,True,0.14,2026-09-24T10:05:22.925858+00:00,2026-09-24T09:05:19.707434+00:00
KXBTCD-26SEP2406-T83699.99,KXBTCD-26SEP2406,8,no,0.69,no,True,0.31,2026-09-24T10:05:22.925898+00:00,2026-09-24T09:05:19.707461+00:00
KXBTCD-26SEP2406-T83299.99,KXBTCD-26SEP2406,9,yes,0.75,no,False,-0.75,2026-09-24T10:05:22.925935+00:00,2026-09-24T09:05:19.707486+00:00
KXBTCD-26SEP2406-T83199.99,KXBTCD-26SEP2406,5,yes,0.83,yes,True,0.17,2026-09-24T10:05:22.925972+00:00,2026-09-24T09:05:19.707511+00:00
KXBTCD-26SEP2406-T83399.99,KXBTCD-26SEP2406,5,yes,0.74,no,False,-0.74,2026-09-24T10:05:22.926006+00:00,2026-09-24T09:10:26.138836+00:00
KXBTCD-26SEP2406-T83099.99,KXBTCD-26SEP2406,10,yes,0.91,yes,True,0.0899999999999999,2026-09-24T10:05:22.926042+00:00,2026-09-24T09:10:26.138907+00:00
KXBTCD-26SEP2406-T82999.99,KXBTCD-26SEP2406,10,yes,0.95,yes,True,0.05,2026-09-24T10:05:22.926077+00:00,2026-09-24T09:20:26.725691+00:00
KXBTCD-26SEP2406-T83599.99,KXBTCD-26SEP2406,6,no,0.83,no,True,0.17,2026-09-24T10:05:22.926112+00:00,2026-09-24T09:25:18.952555+00:00
KXBTCD-26SEP2406-T83799.99,KXBTCD-26SEP2406,6,no,0.98,no,True,0.02,2026-09-24T10:05:22.926147+00:00,2026-09-24T09:35:17.483288+00:00
KXBTCD-26SEP2406-T82899.99,KXBTCD-26SEP2406,10,yes,0.6,yes,True,0.4,2026-09-24T10:05:22.926183+00:00,2026-09-24T09:35:17.483407+00:00
KXBTCD-26SEP2406-T82799.99,KXBTCD-26SEP2406,10,yes,0.96,yes,True,0.04,2026-09-24T10:05:22.926218+00:00,2026-09-24T09:40:21.666974+00:00
KXBTCD-26SEP2407-T83799.99,KXBTCD-26SEP2407,6,no,0.92,no,True,0.0799999999999999,2026-09-24T11:05:22.102277+00:00,2026-09-24T10:05:22.932876+00:00
KXBTCD-26SEP2407-T83699.99,KXBTCD-26SEP2407,9,no,0.89,no,True,0.1099999999999999,2026-09-24T11:05:22.102360+00:00,2026-09-24T10:05:22.932927+00:00
KXBTCD-26SEP2407-T83499.99,KXBTCD-26SEP2407,7,no,0.73,no,True,0.27,2026-09-24T11:05:22.102431+00:00,2026-09-24T10:05:22.932965+00:00
KXBTCD-26SEP2407-T82999.99,KXBTCD-26SEP2407,5,yes,0.83,yes,True,0.17,2026-09-24T11:05:22.102497+00:00,2026-09-24T10:05:22.932999+00:00
KXBTCD-26SEP2407-T82899.99,KXBTCD-26SEP2407,8,yes,0.9,yes,True,0.0999999999999999,2026-09-24T11:05:22.102588+00:00,2026-09-24T10:05:22.933033+00:00
KXBTCD-26SEP2407-T82799.99,KXBTCD-26SEP2407,10,yes,0.94,yes,True,0.06,2026-09-24T11:05:22.102652+00:00,2026-09-24T10:05:22.933066+00:00
KXBTCD-26SEP2407-T83399.99,KXBTCD-26SEP2407,5,no,0.67,yes,False,-0.67,2026-09-24T11:05:22.102715+00:00,2026-09-24T10:10:20.004706+00:00
KXBTCD-26SEP2407-T83099.99,KXBTCD-26SEP2407,10,yes,0.74,yes,True,0.26,2026-09-24T11:05:22.102776+00:00,2026-09-24T10:10:20.004772+00:00
KXBTCD-26SEP2407-T83599.99,KXBTCD-26SEP2407,5,no,0.92,no,True,0.0799999999999999,2026-09-24T11:05:22.102837+00:00,2026-09-24T10:30:24.291584+00:00
KXBTCD-26SEP2408-T83199.99,KXBTCD-26SEP2408,5,yes,0.87,yes,True,0.13,2026-09-24T12:05:23.963484+00:00,2026-09-24T11:00:31.594826+00:00
KXBTCD-26SEP2408-T84299.99,KXBTCD-26SEP2408,10,no,0.98,no,True,0.02,2026-09-24T12:05:23.963560+00:00,2026-09-24T11:05:22.110138+00:00
KXBTCD-26SEP2408-T83999.99,KXBTCD-26SEP2408,6,no,0.92,no,True,0.0799999999999999,2026-09-24T12:05:23.963660+00:00,2026-09-24T11:05:22.110201+00:00
KXBTCD-26SEP2408-T83899.99,KXBTCD-26SEP2408,8,no,0.86,no,True,0.14,2026-09-24T12:05:23.963737+00:00,2026-09-24T11:05:22.110255+00:00
KXBTCD-26SEP2408-T83699.99,KXBTCD-26SEP2408,7,no,0.66,no,True,0.3399999999999999,2026-09-24T12:05:23.963797+00:00,2026-09-24T11:05:22.110306+00:00
KXBTCD-26SEP2408-T82799.99,KXBTCD-26SEP2408,9,yes,0.98,yes,True,0.02,2026-09-24T12:05:23.963857+00:00,2026-09-24T11:05:22.110390+00:00
KXBTCD-26SEP2408-T83599.99,KXBTCD-26SEP2408,5,no,0.64,no,True,0.36,2026-09-24T12:05:23.963915+00:00,2026-09-24T11:15:28.522056+00:00
KXBTCD-26SEP2408-T83299.99,KXBTCD-26SEP2408,5,yes,0.83,yes,True,0.17,2026-09-24T12:05:23.963972+00:00,2026-09-24T11:20:20.198832+00:00
KXBTCD-26SEP2408-T83099.99,KXBTCD-26SEP2408,9,yes,0.96,yes,True,0.04,2026-09-24T12:05:23.964029+00:00,2026-09-24T11:20:20.198896+00:00
KXBTCD-26SEP2408-T83799.99,KXBTCD-26SEP2408,5,no,0.97,no,True,0.03,2026-09-24T12:05:23.964087+00:00,2026-09-24T11:35:19.874071+00:00
KXBTCD-26SEP2409-T83899.99,KXBTCD-26SEP2409,8,no,0.93,no,True,0.0699999999999999,2026-09-24T13:05:20.014402+00:00,2026-09-24T12:05:23.971442+00:00
KXBTCD-26SEP2409-T83299.99,KXBTCD-26SEP2409,7,yes,0.6,yes,True,0.4,2026-09-24T13:05:20.014449+00:00,2026-09-24T12:05:23.971541+00:00
KXBTCD-26SEP2409-T83099.99,KXBTCD-26SEP2409,10,yes,0.81,yes,True,0.1899999999999999,2026-09-24T13:05:20.014482+00:00,2026-09-24T12:05:23.971619+00:00
KXBTCD-26SEP2409-T82999.99,KXBTCD-26SEP2409,9,yes,0.88,yes,True,0.12,2026-09-24T13:05:20.014511+00:00,2026-09-24T12:05:23.971679+00:00
KXBTCD-26SEP2409-T82699.99,KXBTCD-26SEP2409,6,yes,0.96,yes,True,0.04,2026-09-24T13:05:20.014539+00:00,2026-09-24T12:05:23.971727+00:00
KXBTCD-26SEP2409-T83399.99,KXBTCD-26SEP2409,5,yes,0.65,yes,True,0.35,2026-09-24T13:05:20.014568+00:00,2026-09-24T12:10:21.105812+00:00
KXBTCD-26SEP2409-T83799.99,KXBTCD-26SEP2409,6,no,0.85,no,True,0.15,2026-09-24T13:05:20.014596+00:00,2026-09-24T12:15:29.904669+00:00
KXBTCD-26SEP2409-T83199.99,KXBTCD-26SEP2409,5,yes,0.89,yes,True,0.1099999999999999,2026-09-24T13:05:20.014623+00:00,2026-09-24T12:20:22.327049+00:00
KXBTCD-26SEP2409-T82899.99,KXBTCD-26SEP2409,8,yes,0.97,yes,True,0.03,2026-09-24T13:05:20.014649+00:00,2026-09-24T12:20:22.327095+00:00
KXBTCD-26SEP2409-T83699.99,KXBTCD-26SEP2409,5,no,0.96,no,True,0.04,2026-09-24T13:05:20.014676+00:00,2026-09-24T12:40:27.747592+00:00
KXBTCD-26SEP2410-T83999.99,KXBTCD-26SEP2410,5,no,0.72,yes,False,-0.72,2026-09-24T14:05:20.525661+00:00,2026-09-24T13:05:20.019925+00:00
KXBTCD-26SEP2410-T83899.99,KXBTCD-26SEP2410,8,no,0.64,yes,False,-0.64,2026-09-24T14:05:20.525740+00:00,2026-09-24T13:05:20.019964+00:00
KXBTCD-26SEP2410-T83599.99,KXBTCD-26SEP2410,9,yes,0.6,yes,True,0.4,2026-09-24T14:05:20.525809+00:00,2026-09-24T13:05:20.020012+00:00
KXBTCD-26SEP2410-T83499.99,KXBTCD-26SEP2410,6,yes,0.68,yes,True,0.3199999999999999,2026-09-24T14:05:20.525902+00:00,2026-09-24T13:05:20.020038+00:00
KXBTCD-26SEP2410-T83199.99,KXBTCD-26SEP2410,10,yes,0.87,yes,True,0.13,2026-09-24T14:05:20.525975+00:00,2026-09-24T13:05:20.020061+00:00
KXBTCD-26SEP2410-T84399.99,KXBTCD-26SEP2410,10,no,0.93,no,True,0.0699999999999999,2026-09-24T14:05:20.526039+00:00,2026-09-24T13:10:24.530856+00:00
KXBTCD-26SEP2410-T83299.99,KXBTCD-26SEP2410,5,yes,0.83,yes,True,0.17,2026-09-24T14:05:20.526101+00:00,2026-09-24T13:10:24.531011+00:00
KXBTCD-26SEP2410-T83399.99,KXBTCD-26SEP2410,5,yes,0.8,yes,True,0.1999999999999999,2026-09-24T14:05:20.526161+00:00,2026-09-24T13:15:23.236313+00:00
KXBTCD-26SEP2410-T84199.99,KXBTCD-26SEP2410,6,no,0.79,yes,False,-0.79,2026-09-24T14:05:20.526220+00:00,2026-09-24T13:20:26.881789+00:00
KXBTCD-26SEP2410-T84099.99,KXBTCD-26SEP2410,5,no,0.72,yes,False,-0.72,2026-09-24T14:05:20.526280+00:00,2026-09-24T13:20:26.881862+00:00
KXBTCD-26SEP2410-T84299.99,KXBTCD-26SEP2410,9,no,0.73,no,True,0.27,2026-09-24T14:05:20.526340+00:00,2026-09-24T13:35:26.794976+00:00
KXBTCD-26SEP2410-T83699.99,KXBTCD-26SEP2410,6,yes,0.85,yes,True,0.15,2026-09-24T14:05:20.526400+00:00,2026-09-24T13:45:26.269821+00:00
KXBTCD-26SEP2411-T85199.99,KXBTCD-26SEP2411,8,no,0.98,no,True,0.02,2026-09-24T15:05:31.777525+00:00,2026-09-24T14:05:20.533736+00:00
KXBTCD-26SEP2411-T84399.99,KXBTCD-26SEP2411,9,no,0.71,no,True,0.29,2026-09-24T15:05:31.777658+00:00,2026-09-24T14:05:20.533797+00:00
KXBTCD-26SEP2411-T84299.99,KXBTCD-26SEP2411,6,no,0.61,no,True,0.39,2026-09-24T15:05:31.777729+00:00,2026-09-24T14:05:20.533849+00:00
KXBTCD-26SEP2411-T83799.99,KXBTCD-26SEP2411,10,yes,0.82,no,False,-0.82,2026-09-24T15:05:31.777793+00:00,2026-09-24T14:05:20.533939+00:00
KXBTCD-26SEP2411-T83699.99,KXBTCD-26SEP2411,7,yes,0.87,no,False,-0.87,2026-09-24T15:05:31.777854+00:00,2026-09-24T14:05:20.533990+00:00
KXBTCD-26SEP2411-T83599.99,KXBTCD-26SEP2411,5,yes,0.91,yes,True,0.0899999999999999,2026-09-24T15:05:31.777915+00:00,2026-09-24T14:05:20.534037+00:00
KXBTCD-26SEP2411-T84999.99,KXBTCD-26SEP2411,5,no,0.95,no,True,0.05,2026-09-24T15:05:31.777972+00:00,2026-09-24T14:10:23.747439+00:00
KXBTCD-26SEP2411-T84599.99,KXBTCD-26SEP2411,10,no,0.82,no,True,0.18,2026-09-24T15:05:31.778028+00:00,2026-09-24T14:10:23.747511+00:00
KXBTCD-26SEP2411-T84499.99,KXBTCD-26SEP2411,8,no,0.75,no,True,0.25,2026-09-24T15:05:31.778084+00:00,2026-09-24T14:10:23.747566+00:00
KXBTCD-26SEP2411-T83899.99,KXBTCD-26SEP2411,9,yes,0.82,no,False,-0.82,2026-09-24T15:05:31.778141+00:00,2026-09-24T14:10:23.747648+00:00
KXBTCD-26SEP2411-T84699.99,KXBTCD-26SEP2411,9,yes,0.67,no,False,-0.67,2026-09-24T15:05:31.778197+00:00,2026-09-24T14:30:26.036088+00:00
KXBTCD-26SEP2411-T84099.99,KXBTCD-26SEP2411,6,yes,0.96,no,False,-0.96,2026-09-24T15:05:31.778254+00:00,2026-09-24T14:30:26.036185+00:00
KXBTCD-26SEP2411-T83999.99,KXBTCD-26SEP2411,10,yes,0.97,no,False,-0.97,2026-09-24T15:05:31.778311+00:00,2026-09-24T14:30:26.036236+00:00
KXBTCD-26SEP2411-T84899.99,KXBTCD-26SEP2411,10,no,0.93,no,True,0.0699999999999999,2026-09-24T15:05:31.778368+00:00,2026-09-24T14:40:22.487889+00:00
KXBTCD-26SEP2411-T84199.99,KXBTCD-26SEP2411,5,yes,0.86,no,False,-0.86,2026-09-24T15:05:31.778424+00:00,2026-09-24T14:40:22.488020+00:00
KXBTCD-26SEP2411-T84799.99,KXBTCD-26SEP2411,6,no,0.99,no,True,0.01,2026-09-24T15:05:31.778482+00:00,2026-09-24T14:50:29.347661+00:00
KXBTCD-26SEP2412-T83999.99,KXBTCD-26SEP2412,7,no,0.71,yes,False,-0.71,2026-09-24T16:05:22.782082+00:00,2026-09-24T15:05:31.785660+00:00
KXBTCD-26SEP2412-T83899.99,KXBTCD-26SEP2412,9,no,0.64,yes,False,-0.64,2026-09-24T16:05:22.782160+00:00,2026-09-24T15:05:31.785721+00:00
KXBTCD-26SEP2412-T83299.99,KXBTCD-26SEP2412,6,yes,0.8,yes,True,0.1999999999999999,2026-09-24T16:05:22.782228+00:00,2026-09-24T15:05:31.785854+00:00
KXBTCD-26SEP2412-T83099.99,KXBTCD-26SEP2412,10,yes,0.88,yes,True,0.12,2026-09-24T16:05:22.782292+00:00,2026-09-24T15:05:31.785901+00:00
KXBTCD-26SEP2412-T84199.99,KXBTCD-26SEP2412,10,no,0.8,yes,False,-0.8,2026-09-24T16:05:22.782353+00:00,2026-09-24T15:10:25.214134+00:00
KXBTCD-26SEP2412-T83399.99,KXBTCD-26SEP2412,6,yes,0.84,yes,True,0.16,2026-09-24T16:05:22.782415+00:00,2026-09-24T15:10:25.214221+00:00
KXBTCD-26SEP2412-T83199.99,KXBTCD-26SEP2412,7,yes,0.91,yes,True,0.0899999999999999,2026-09-24T16:05:22.782475+00:00,2026-09-24T15:10:25.214262+00:00
KXBTCD-26SEP2412-T84399.99,KXBTCD-26SEP2412,9,no,0.88,no,True,0.12,2026-09-24T16:05:22.782535+00:00,2026-09-24T15:20:23.156415+00:00
KXBTCD-26SEP2412-T84099.99,KXBTCD-26SEP2412,8,no,0.66,yes,False,-0.66,2026-09-24T16:05:22.782594+00:00,2026-09-24T15:20:23.156523+00:00
KXBTCD-26SEP2412-T83499.99,KXBTCD-26SEP2412,6,yes,0.88,yes,True,0.12,2026-09-24T16:05:22.782653+00:00,2026-09-24T15:20:23.156608+00:00
KXBTCD-26SEP2412-T83699.99,KXBTCD-26SEP2412,5,yes,0.92,yes,True,0.0799999999999999,2026-09-24T16:05:22.782712+00:00,2026-09-24T15:25:23.531971+00:00
KXBTCD-26SEP2412-T84299.99,KXBTCD-26SEP2412,10,no,0.64,yes,False,-0.64,2026-09-24T16:05:22.782771+00:00,2026-09-24T15:35:25.060897+00:00
KXBTCD-26SEP2412-T83599.99,KXBTCD-26SEP2412,5,yes,0.97,yes,True,0.03,2026-09-24T16:05:22.782831+00:00,2026-09-24T15:35:25.061035+00:00
KXBTCD-26SEP2412-T84499.99,KXBTCD-26SEP2412,10,no,0.87,no,True,0.13,2026-09-24T16:05:22.782890+00:00,2026-09-24T15:50:26.906732+00:00
KXBTCD-26SEP2413-T84699.99,KXBTCD-26SEP2413,6,no,0.92,no,True,0.0799999999999999,2026-09-24T17:05:21.987876+00:00,2026-09-24T16:05:22.790267+00:00
KXBTCD-26SEP2413-T84599.99,KXBTCD-26SEP2413,10,no,0.88,no,True,0.12,2026-09-24T17:05:21.987922+00:00,2026-09-24T16:05:22.790327+00:00
KXBTCD-26SEP2413-T84499.99,KXBTCD-26SEP2413,9,no,0.81,no,True,0.1899999999999999,2026-09-24T17:05:21.987946+00:00,2026-09-24T16:05:22.790379+00:00
KXBTCD-26SEP2413-T84099.99,KXBTCD-26SEP2413,7,yes,0.61,yes,True,0.39,2026-09-24T17:05:21.987967+00:00,2026-09-24T16:05:22.790428+00:00
KXBTCD-26SEP2413-T83999.99,KXBTCD-26SEP2413,5,yes,0.71,yes,True,0.29,2026-09-24T17:05:21.987989+00:00,2026-09-24T16:05:22.790475+00:00
KXBTCD-26SEP2413-T83899.99,KXBTCD-26SEP2413,8,yes,0.8,yes,True,0.1999999999999999,2026-09-24T17:05:21.988010+00:00,2026-09-24T16:05:22.790521+00:00
KXBTCD-26SEP2413-T84399.99,KXBTCD-26SEP2413,5,no,0.74,yes,False,-0.74,2026-09-24T17:05:21.988031+00:00,2026-09-24T16:10:24.644368+00:00
KXBTCD-26SEP2413-T83799.99,KXBTCD-26SEP2413,6,yes,0.89,yes,True,0.1099999999999999,2026-09-24T17:05:21.988051+00:00,2026-09-24T16:10:24.644465+00:00
KXBTCD-26SEP2413-T84799.99,KXBTCD-26SEP2413,10,no,0.72,no,True,0.28,2026-09-24T17:05:21.988071+00:00,2026-09-24T16:20:22.673931+00:00
KXBTCD-26SEP2413-T84999.99,KXBTCD-26SEP2413,10,no,0.86,no,True,0.14,2026-09-24T17:05:21.988090+00:00,2026-09-24T16:25:20.292654+00:00
KXBTCD-26SEP2413-T84899.99,KXBTCD-26SEP2413,8,no,0.94,no,True,0.06,2026-09-24T17:05:21.988110+00:00,2026-09-24T16:45:21.549151+00:00
KXBTCD-26SEP2413-T84299.99,KXBTCD-26SEP2413,5,yes,0.85,yes,True,0.15,2026-09-24T17:05:21.988130+00:00,2026-09-24T16:45:21.549251+00:00
KXBTCD-26SEP2413-T84199.99,KXBTCD-26SEP2413,6,yes,0.98,yes,True,0.02,2026-09-24T17:05:21.988149+00:00,2026-09-24T16:50:21.973245+00:00
KXBTCD-26SEP2414-T84899.99,KXBTCD-26SEP2414,6,no,0.88,no,True,0.12,2026-09-24T18:05:25.538661+00:00,2026-09-24T17:05:21.992634+00:00
KXBTCD-26SEP2414-T84799.99,KXBTCD-26SEP2414,8,no,0.85,no,True,0.15,2026-09-24T18:05:25.538738+00:00,2026-09-24T17:05:21.992668+00:00
KXBTCD-26SEP2414-T84599.99,KXBTCD-26SEP2414,10,no,0.68,no,True,0.3199999999999999,2026-09-24T18:05:25.538807+00:00,2026-09-24T17:05:21.992688+00:00
KXBTCD-26SEP2414-T84299.99,KXBTCD-26SEP2414,7,yes,0.63,no,False,-0.63,2026-09-24T18:05:25.538873+00:00,2026-09-24T17:05:21.992720+00:00
KXBTCD-26SEP2414-T84099.99,KXBTCD-26SEP2414,5,yes,0.81,no,False,-0.81,2026-09-24T18:05:25.538934+00:00,2026-09-24T17:05:21.992747+00:00
KXBTCD-26SEP2414-T83999.99,KXBTCD-26SEP2414,7,yes,0.9,yes,True,0.0999999999999999,2026-09-24T18:05:25.538996+00:00,2026-09-24T17:10:24.707483+00:00
KXBTCD-26SEP2414-T84699.99,KXBTCD-26SEP2414,5,no,0.84,no,True,0.16,2026-09-24T18:05:25.539056+00:00,2026-09-24T17:20:23.065614+00:00
KXBTCD-26SEP2414-T84399.99,KXBTCD-26SEP2414,5,no,0.93,no,True,0.0699999999999999,2026-09-24T18:05:25.539115+00:00,2026-09-24T17:45:29.477593+00:00
KXBTCD-26SEP2414-T83899.99,KXBTCD-26SEP2414,10,yes,0.93,yes,True,0.0699999999999999,2026-09-24T18:05:25.539200+00:00,2026-09-24T17:45:29.477650+00:00
KXBTCD-26SEP2414-T84499.99,KXBTCD-26SEP2414,6,no,0.99,no,True,0.01,2026-09-24T18:05:25.539284+00:00,2026-09-24T17:55:21.864813+00:00
KXBTCD-26SEP2415-T84399.99,KXBTCD-26SEP2415,8,no,0.9,yes,False,-0.9,2026-09-24T19:05:23.104069+00:00,2026-09-24T18:05:25.546571+00:00
KXBTCD-26SEP2415-T84299.99,KXBTCD-26SEP2415,9,no,0.85,yes,False,-0.85,2026-09-24T19:05:23.104119+00:00,2026-09-24T18:05:25.546633+00:00
KXBTCD-26SEP2415-T84099.99,KXBTCD-26SEP2415,5,no,0.69,yes,False,-0.69,2026-09-24T19:05:23.104153+00:00,2026-09-24T18:05:25.546688+00:00
KXBTCD-26SEP2415-T83699.99,KXBTCD-26SEP2415,6,yes,0.77,yes,True,0.2299999999999999,2026-09-24T19:05:23.104184+00:00,2026-09-24T18:05:25.546738+00:00
KXBTCD-26SEP2415-T83599.99,KXBTCD-26SEP2415,7,yes,0.84,yes,True,0.16,2026-09-24T19:05:23.104212+00:00,2026-09-24T18:05:25.546787+00:00
KXBTCD-26SEP2415-T83499.99,KXBTCD-26SEP2415,10,yes,0.9,yes,True,0.0999999999999999,2026-09-24T19:05:23.104241+00:00,2026-09-24T18:05:25.546836+00:00
KXBTCD-26SEP2415-T84499.99,KXBTCD-26SEP2415,10,no,0.86,no,True,0.14,2026-09-24T19:05:23.104269+00:00,2026-09-24T18:10:25.854745+00:00
KXBTCD-26SEP2415-T83899.99,KXBTCD-26SEP2415,6,yes,0.94,yes,True,0.06,2026-09-24T19:05:23.104296+00:00,2026-09-24T18:20:20.492895+00:00
KXBTCD-26SEP2415-T84599.99,KXBTCD-26SEP2415,10,no,0.85,no,True,0.15,2026-09-24T19:05:23.104323+00:00,2026-09-24T18:25:28.358476+00:00
KXBTCD-26SEP2415-T83799.99,KXBTCD-26SEP2415,5,yes,0.98,yes,True,0.02,2026-09-24T19:05:23.104350+00:00,2026-09-24T18:30:24.285467+00:00
KXBTCD-26SEP2415-T84699.99,KXBTCD-26SEP2415,10,no,0.97,no,True,0.03,2026-09-24T19:05:23.104378+00:00,2026-09-24T18:45:19.830545+00:00
KXBTCD-26SEP2415-T83999.99,KXBTCD-26SEP2415,5,yes,0.99,yes,True,0.01,2026-09-24T19:05:23.104407+00:00,2026-09-24T18:55:23.360224+00:00
KXBTCD-26SEP2416-T85099.99,KXBTCD-26SEP2416,6,no,0.93,no,True,0.0699999999999999,2026-09-24T20:05:20.322382+00:00,2026-09-24T19:00:28.213638+00:00
KXBTCD-26SEP2416-T84099.99,KXBTCD-26SEP2416,9,yes,0.89,yes,True,0.1099999999999999,2026-09-24T20:05:20.322436+00:00,2026-09-24T19:00:28.213706+00:00
KXBTCD-26SEP2416-T83899.99,KXBTCD-26SEP2416,7,yes,0.94,yes,True,0.06,2026-09-24T20:05:20.322471+00:00,2026-09-24T19:00:28.213734+00:00
KXBTCD-26SEP2416-T83799.99,KXBTCD-26SEP2416,8,yes,0.95,yes,True,0.05,2026-09-24T20:05:20.322502+00:00,2026-09-24T19:00:28.213771+00:00
KXBTCD-26SEP2416-T84599.99,KXBTCD-26SEP2416,8,no,0.85,no,True,0.15,2026-09-24T20:05:20.322533+00:00,2026-09-24T19:05:23.109749+00:00
KXBTCD-26SEP2416-T84499.99,KXBTCD-26SEP2416,6,no,0.75,no,True,0.25,2026-09-24T20:05:20.322563+00:00,2026-09-24T19:05:23.109790+00:00
KXBTCD-26SEP2416-T84199.99,KXBTCD-26SEP2416,7,yes,0.64,yes,True,0.36,2026-09-24T20:05:20.322592+00:00,2026-09-24T19:05:23.109839+00:00
KXBTCD-26SEP2416-T84699.99,KXBTCD-26SEP2416,5,no,0.78,no,True,0.2199999999999999,2026-09-24T20:05:20.322625+00:00,2026-09-24T19:10:25.497906+00:00
KXBTCD-26SEP2416-T83999.99,KXBTCD-26SEP2416,7,yes,0.94,yes,True,0.06,2026-09-24T20:05:20.322655+00:00,2026-09-24T19:10:25.498017+00:00
KXBTCD-26SEP2416-T84999.99,KXBTCD-26SEP2416,10,no,0.93,no,True,0.0699999999999999,2026-09-24T20:05:20.322684+00:00,2026-09-24T19:15:23.710664+00:00
KXBTCD-26SEP2416-T84799.99,KXBTCD-26SEP2416,9,no,0.81,no,True,0.1899999999999999,2026-09-24T20:05:20.322712+00:00,2026-09-24T19:15:23.710738+00:00
KXBTCD-26SEP2416-T84899.99,KXBTCD-26SEP2416,9,no,0.96,no,True,0.04,2026-09-24T20:05:20.322741+00:00,2026-09-24T19:35:21.495306+00:00
KXBTCD-26SEP2417-T86499.99,KXBTCD-26SEP2417,8,no,0.87,no,True,0.13,2026-09-24T21:05:20.718068+00:00,2026-09-23T20:05:33.250995+00:00
KXBTCD-26SEP2417-T83749.99,KXBTCD-26SEP2417,7,yes,0.64,yes,True,0.36,2026-09-24T21:05:20.718155+00:00,2026-09-23T20:05:33.251192+00:00
KXBTCD-26SEP2417-T83499.99,KXBTCD-26SEP2417,9,yes,0.68,yes,True,0.3199999999999999,2026-09-24T21:05:20.718195+00:00,2026-09-23T20:05:33.251242+00:00
KXBTCD-26SEP2417-T84999.99,KXBTCD-26SEP2417,6,no,0.65,no,True,0.35,2026-09-24T21:05:20.718232+00:00,2026-09-23T20:10:27.611002+00:00
KXBTCD-26SEP2417-T82999.99,KXBTCD-26SEP2417,9,yes,0.79,yes,True,0.2099999999999999,2026-09-24T21:05:20.718270+00:00,2026-09-23T20:10:27.611211+00:00
KXBTCD-26SEP2417-T80999.99,KXBTCD-26SEP2417,10,yes,0.94,yes,True,0.06,2026-09-24T21:05:20.718306+00:00,2026-09-23T20:30:24.468787+00:00
KXBTCD-26SEP2417-T85249.99,KXBTCD-26SEP2417,5,no,0.73,no,True,0.27,2026-09-24T21:05:20.718340+00:00,2026-09-23T20:50:24.697231+00:00
KXBTCD-26SEP2417-T84749.99,KXBTCD-26SEP2417,9,no,0.6,no,True,0.4,2026-09-24T21:05:20.718375+00:00,2026-09-23T20:50:24.697336+00:00
KXBTCD-26SEP2417-T83249.99,KXBTCD-26SEP2417,5,yes,0.75,yes,True,0.25,2026-09-24T21:05:20.718410+00:00,2026-09-23T20:55:28.642488+00:00
KXBTCD-26SEP2417-T88999.99,KXBTCD-26SEP2417,7,no,0.97,no,True,0.03,2026-09-24T21:05:20.718445+00:00,2026-09-23T21:05:20.120024+00:00
KXBTCD-26SEP2417-T85749.99,KXBTCD-26SEP2417,8,no,0.83,no,True,0.17,2026-09-24T21:05:20.718480+00:00,2026-09-23T21:05:20.120085+00:00
KXBTCD-26SEP2417-T82499.99,KXBTCD-26SEP2417,10,yes,0.88,yes,True,0.12,2026-09-24T21:05:20.718514+00:00,2026-09-23T21:10:21.217206+00:00
KXBTCD-26SEP2417-T79749.99,KXBTCD-26SEP2417,6,yes,0.95,yes,True,0.05,2026-09-24T21:05:20.718548+00:00,2026-09-23T21:10:21.217261+00:00
KXBTCD-26SEP2417-T86999.99,KXBTCD-26SEP2417,9,no,0.94,no,True,0.06,2026-09-24T21:05:20.718583+00:00,2026-09-23T21:15:25.898505+00:00
KXBTCD-26SEP2417-T87499.99,KXBTCD-26SEP2417,7,no,0.95,no,True,0.05,2026-09-24T21:05:20.718617+00:00,2026-09-23T21:35:22.030895+00:00
KXBTCD-26SEP2417-T85999.99,KXBTCD-26SEP2417,5,no,0.85,no,True,0.15,2026-09-24T21:05:20.718651+00:00,2026-09-23T22:00:27.304984+00:00
KXBTCD-26SEP2417-T85499.99,KXBTCD-26SEP2417,5,no,0.73,no,True,0.27,2026-09-24T21:05:20.718685+00:00,2026-09-23T22:55:23.269305+00:00
KXBTCD-26SEP2417-T82749.99,KXBTCD-26SEP2417,8,yes,0.85,yes,True,0.15,2026-09-24T21:05:20.718735+00:00,2026-09-24T00:40:26.526537+00:00
KXBTCD-26SEP2417-T84499.99,KXBTCD-26SEP2417,5,no,0.61,no,True,0.39,2026-09-24T21:05:20.718773+00:00,2026-09-24T01:50:18.540066+00:00
KXBTCD-26SEP2417-T84249.99,KXBTCD-26SEP2417,5,no,0.61,yes,False,-0.61,2026-09-24T21:05:20.718808+00:00,2026-09-24T04:05:19.275002+00:00
KXBTCD-26SEP2417-T86249.99,KXBTCD-26SEP2417,10,no,0.85,no,True,0.15,2026-09-24T21:10:22.850020+00:00,2026-09-23T20:05:33.251061+00:00
KXBTCD-26SEP2418-T84899.99,KXBTCD-26SEP2418,10,no,0.97,no,True,0.03,2026-09-24T22:05:27.767272+00:00,2026-09-24T21:05:20.725252+00:00
KXBTCD-26SEP2418-T84399.99,KXBTCD-26SEP2418,5,no,0.61,no,True,0.39,2026-09-24T22:05:27.767336+00:00,2026-09-24T21:05:20.725302+00:00
KXBTCD-26SEP2418-T84099.99,KXBTCD-26SEP2418,7,yes,0.85,yes,True,0.15,2026-09-24T22:05:27.767377+00:00,2026-09-24T21:05:20.725366+00:00
KXBTCD-26SEP2418-T83999.99,KXBTCD-26SEP2418,6,yes,0.92,yes,True,0.0799999999999999,2026-09-24T22:05:27.767418+00:00,2026-09-24T21:05:20.725398+00:00
KXBTCD-26SEP2418-T83899.99,KXBTCD-26SEP2418,9,yes,0.95,yes,True,0.05,2026-09-24T22:05:27.767466+00:00,2026-09-24T21:05:20.725429+00:00
KXBTCD-26SEP2418-T84699.99,KXBTCD-26SEP2418,5,no,0.94,no,True,0.06,2026-09-24T22:05:27.767526+00:00,2026-09-24T21:10:22.857647+00:00
KXBTCD-26SEP2418-T84599.99,KXBTCD-26SEP2418,6,no,0.9,no,True,0.0999999999999999,2026-09-24T22:05:27.767576+00:00,2026-09-24T21:10:22.857708+00:00
KXBTCD-26SEP2418-T84499.99,KXBTCD-26SEP2418,5,no,0.82,no,True,0.18,2026-09-24T22:05:27.767629+00:00,2026-09-24T21:15:19.964714+00:00
KXBTCD-26SEP2418-T84799.99,KXBTCD-26SEP2418,10,no,0.98,no,True,0.02,2026-09-24T22:05:27.767672+00:00,2026-09-24T21:25:21.202708+00:00
KXBTCD-26SEP2418-T84199.99,KXBTCD-26SEP2418,5,yes,0.92,yes,True,0.0799999999999999,2026-09-24T22:05:27.767713+00:00,2026-09-24T21:30:26.169417+00:00
KXBTCD-26SEP2419-T84699.99,KXBTCD-26SEP2419,7,no,0.94,no,True,0.06,2026-09-24T23:05:22.928141+00:00,2026-09-24T22:05:27.773829+00:00
KXBTCD-26SEP2419-T84199.99,KXBTCD-26SEP2419,5,yes,0.76,yes,True,0.24,2026-09-24T23:05:22.928211+00:00,2026-09-24T22:05:27.773873+00:00
KXBTCD-26SEP2419-T84099.99,KXBTCD-26SEP2419,6,yes,0.88,yes,True,0.12,2026-09-24T23:05:22.928254+00:00,2026-09-24T22:05:27.773902+00:00
KXBTCD-26SEP2419-T83999.99,KXBTCD-26SEP2419,8,yes,0.93,yes,True,0.0699999999999999,2026-09-24T23:05:22.928293+00:00,2026-09-24T22:05:27.773928+00:00
KXBTCD-26SEP2419-T83899.99,KXBTCD-26SEP2419,9,yes,0.96,yes,True,0.04,2026-09-24T23:05:22.928333+00:00,2026-09-24T22:05:27.773954+00:00
KXBTCD-26SEP2419-T76099.99,KXBTCD-26SEP2419,10,yes,0.99,yes,True,0.01,2026-09-24T23:05:22.928375+00:00,2026-09-24T22:05:27.773979+00:00
KXBTCD-26SEP2419-T84799.99,KXBTCD-26SEP2419,10,no,0.97,no,True,0.03,2026-09-24T23:05:22.928414+00:00,2026-09-24T22:10:20.078786+00:00
KXBTCD-26SEP2419-T84599.99,KXBTCD-26SEP2419,6,no,0.91,no,True,0.0899999999999999,2026-09-24T23:05:22.928451+00:00,2026-09-24T22:10:20.078854+00:00
KXBTCD-26SEP2419-T84499.99,KXBTCD-26SEP2419,6,no,0.94,no,True,0.06,2026-09-24T23:05:22.928487+00:00,2026-09-24T22:20:24.120359+00:00
KXBTCD-26SEP2419-T83799.99,KXBTCD-26SEP2419,9,yes,0.78,yes,True,0.2199999999999999,2026-09-24T23:05:22.928532+00:00,2026-09-24T22:20:24.120457+00:00
KXBTCD-26SEP2419-T84399.99,KXBTCD-26SEP2419,5,no,0.92,no,True,0.0799999999999999,2026-09-24T23:05:22.928570+00:00,2026-09-24T22:25:18.318827+00:00
KXBTCD-26SEP2420-T84799.99,KXBTCD-26SEP2420,9,no,0.97,no,True,0.03,2026-09-25T00:05:21.833551+00:00,2026-09-24T23:05:22.935539+00:00
KXBTCD-26SEP2420-T84599.99,KXBTCD-26SEP2420,8,no,0.93,no,True,0.0699999999999999,2026-09-25T00:05:21.833604+00:00,2026-09-24T23:05:22.935592+00:00
KXBTCD-26SEP2420-T84099.99,KXBTCD-26SEP2420,5,yes,0.86,yes,True,0.14,2026-09-25T00:05:21.833637+00:00,2026-09-24T23:05:22.935625+00:00
KXBTCD-26SEP2420-T83999.99,KXBTCD-26SEP2420,7,yes,0.93,yes,True,0.0699999999999999,2026-09-25T00:05:21.833668+00:00,2026-09-24T23:05:22.935654+00:00
KXBTCD-26SEP2420-T83899.99,KXBTCD-26SEP2420,10,yes,0.96,yes,True,0.04,2026-09-25T00:05:21.833699+00:00,2026-09-24T23:05:22.935682+00:00
KXBTCD-26SEP2420-T83799.99,KXBTCD-26SEP2420,6,yes,0.97,yes,True,0.03,2026-09-25T00:05:21.833731+00:00,2026-09-24T23:05:22.935711+00:00
KXBTCD-26SEP2420-T84699.99,KXBTCD-26SEP2420,8,no,0.96,no,True,0.04,2026-09-25T00:05:21.833763+00:00,2026-09-24T23:10:21.624402+00:00
KXBTCD-26SEP2420-T84499.99,KXBTCD-26SEP2420,5,no,0.84,no,True,0.16,2026-09-25T00:05:21.833793+00:00,2026-09-24T23:20:25.345694+00:00
KXBTCD-26SEP2421-T85299.99,KXBTCD-26SEP2421,10,no,0.99,no,True,0.01,2026-09-25T01:05:20.768561+00:00,2026-09-25T00:05:21.839222+00:00
KXBTCD-26SEP2421-T84799.99,KXBTCD-26SEP2421,8,no,0.93,no,True,0.0699999999999999,2026-09-25T01:05:20.768641+00:00,2026-09-25T00:05:21.839267+00:00
KXBTCD-26SEP2421-T84699.99,KXBTCD-26SEP2421,5,no,0.86,no,True,0.14,2026-09-25T01:05:20.768706+00:00,2026-09-25T00:05:21.839298+00:00
KXBTCD-26SEP2421-T84199.99,KXBTCD-26SEP2421,7,yes,0.91,yes,True,0.0899999999999999,2026-09-25T01:05:20.768792+00:00,2026-09-25T00:05:21.839326+00:00
KXBTCD-26SEP2421-T84099.99,KXBTCD-26SEP2421,6,yes,0.96,yes,True,0.04,2026-09-25T01:05:20.768903+00:00,2026-09-25T00:05:21.839351+00:00
KXBTCD-26SEP2421-T83999.99,KXBTCD-26SEP2421,9,yes,0.97,yes,True,0.03,2026-09-25T01:05:20.768978+00:00,2026-09-25T00:05:21.839376+00:00
KXBTCD-26SEP2421-T84999.99,KXBTCD-26SEP2421,10,no,0.9,no,True,0.0999999999999999,2026-09-25T01:05:20.769043+00:00,2026-09-25T00:10:19.873179+00:00
KXBTCD-26SEP2421-T84899.99,KXBTCD-26SEP2421,9,no,0.82,no,True,0.18,2026-09-25T01:05:20.769104+00:00,2026-09-25T00:10:19.873230+00:00
KXBTCD-26SEP2421-T84299.99,KXBTCD-26SEP2421,5,yes,0.89,yes,True,0.1099999999999999,2026-09-25T01:05:20.769165+00:00,2026-09-25T00:20:21.061086+00:00
KXBTCD-26SEP2422-T84999.99,KXBTCD-26SEP2422,6,no,0.91,no,True,0.0899999999999999,2026-09-25T02:05:22.673954+00:00,2026-09-25T01:05:20.776188+00:00
KXBTCD-26SEP2422-T84899.99,KXBTCD-26SEP2422,7,no,0.83,no,True,0.17,2026-09-25T02:05:22.674017+00:00,2026-09-25T01:05:20.776252+00:00
KXBTCD-26SEP2422-T84799.99,KXBTCD-26SEP2422,5,no,0.72,no,True,0.28,2026-09-25T02:05:22.674056+00:00,2026-09-25T01:05:20.776305+00:00
KXBTCD-26SEP2422-T84399.99,KXBTCD-26SEP2422,8,yes,0.86,yes,True,0.14,2026-09-25T02:05:22.674093+00:00,2026-09-25T01:05:20.776355+00:00
KXBTCD-26SEP2422-T84199.99,KXBTCD-26SEP2422,9,yes,0.95,yes,True,0.05,2026-09-25T02:05:22.674130+00:00,2026-09-25T01:05:20.776402+00:00
KXBTCD-26SEP2422-T83999.99,KXBTCD-26SEP2422,10,yes,0.98,yes,True,0.02,2026-09-25T02:05:22.674169+00:00,2026-09-25T01:05:20.776450+00:00
KXBTCD-26SEP2422-T85099.99,KXBTCD-26SEP2422,10,no,0.96,no,True,0.04,2026-09-25T02:05:22.674205+00:00,2026-09-25T01:10:22.987351+00:00
KXBTCD-26SEP2422-T84299.99,KXBTCD-26SEP2422,6,yes,0.95,yes,True,0.05,2026-09-25T02:05:22.674240+00:00,2026-09-25T01:10:22.987520+00:00
KXBTCD-26SEP2422-T84099.99,KXBTCD-26SEP2422,10,yes,0.98,yes,True,0.02,2026-09-25T02:05:22.674276+00:00,2026-09-25T01:30:23.079734+00:00
KXBTCD-26SEP2423-T85099.99,KXBTCD-26SEP2423,8,no,0.84,no,True,0.16,2026-09-25T03:05:18.555565+00:00,2026-09-25T02:05:22.681841+00:00
KXBTCD-26SEP2423-T84999.99,KXBTCD-26SEP2423,5,no,0.73,no,True,0.27,2026-09-25T03:05:18.555667+00:00,2026-09-25T02:05:22.681936+00:00
KXBTCD-26SEP2423-T84899.99,KXBTCD-26SEP2423,7,no,0.61,no,True,0.39,2026-09-25T03:05:18.555733+00:00,2026-09-25T02:05:22.682009+00:00
KXBTCD-26SEP2423-T84399.99,KXBTCD-26SEP2423,6,yes,0.93,no,False,-0.93,2026-09-25T03:05:18.555797+00:00,2026-09-25T02:05:22.682073+00:00
KXBTCD-26SEP2423-T84299.99,KXBTCD-26SEP2423,10,yes,0.96,no,False,-0.96,2026-09-25T03:05:18.555888+00:00,2026-09-25T02:05:22.682133+00:00
KXBTCD-26SEP2423-T84199.99,KXBTCD-26SEP2423,9,yes,0.97,no,False,-0.97,2026-09-25T03:05:18.555961+00:00,2026-09-25T02:05:22.682191+00:00
KXBTCD-26SEP2423-T85199.99,KXBTCD-26SEP2423,10,no,0.95,no,True,0.05,2026-09-25T03:05:18.556024+00:00,2026-09-25T02:10:21.942129+00:00
KXBTCD-26SEP2423-T84499.99,KXBTCD-26SEP2423,5,yes,0.92,no,False,-0.92,2026-09-25T03:05:18.556083+00:00,2026-09-25T02:15:21.487029+00:00
KXBTCD-26SEP2423-T84099.99,KXBTCD-26SEP2423,10,yes,0.97,yes,True,0.03,2026-09-25T03:05:18.556143+00:00,2026-09-25T02:50:21.961579+00:00
KXBTCD-26SEP2423-T84699.99,KXBTCD-26SEP2423,5,no,0.99,no,True,0.01,2026-09-25T03:05:18.556203+00:00,2026-09-25T02:55:21.074078+00:00
KXBTCD-26SEP2500-T84599.99,KXBTCD-26SEP2500,9,no,0.93,no,True,0.0699999999999999,2026-09-25T04:05:21.482737+00:00,2026-09-25T03:05:18.563127+00:00
KXBTCD-26SEP2500-T84499.99,KXBTCD-26SEP2500,5,no,0.85,no,True,0.15,2026-09-25T04:05:21.482788+00:00,2026-09-25T03:05:18.563189+00:00
KXBTCD-26SEP2500-T83999.99,KXBTCD-26SEP2500,6,yes,0.84,yes,True,0.16,2026-09-25T04:05:21.482821+00:00,2026-09-25T03:05:18.563241+00:00
KXBTCD-26SEP2500-T83799.99,KXBTCD-26SEP2500,10,yes,0.94,yes,True,0.06,2026-09-25T04:05:21.482852+00:00,2026-09-25T03:05:18.563289+00:00
KXBTCD-26SEP2500-T83699.99,KXBTCD-26SEP2500,8,yes,0.96,yes,True,0.04,2026-09-25T04:05:21.482881+00:00,2026-09-25T03:05:18.563335+00:00
KXBTCD-26SEP2500-T83599.99,KXBTCD-26SEP2500,7,yes,0.98,yes,True,0.02,2026-09-25T04:05:21.482910+00:00,2026-09-25T03:05:18.563382+00:00
KXBTCD-26SEP2500-T84099.99,KXBTCD-26SEP2500,5,yes,0.75,yes,True,0.25,2026-09-25T04:05:21.482938+00:00,2026-09-25T03:15:19.807766+00:00
KXBTCD-26SEP2500-T83899.99,KXBTCD-26SEP2500,8,yes,0.93,yes,True,0.0699999999999999,2026-09-25T04:05:21.482965+00:00,2026-09-25T03:15:19.807817+00:00
KXBTCD-26SEP2501-T84599.99,KXBTCD-26SEP2501,9,no,0.96,no,True,0.04,2026-09-25T05:05:19.587717+00:00,2026-09-25T04:05:21.488006+00:00
KXBTCD-26SEP2501-T84499.99,KXBTCD-26SEP2501,8,no,0.94,no,True,0.06,2026-09-25T05:05:19.587773+00:00,2026-09-25T04:05:21.488045+00:00
KXBTCD-26SEP2501-T83999.99,KXBTCD-26SEP2501,6,yes,0.76,yes,True,0.24,2026-09-25T05:05:19.587808+00:00,2026-09-25T04:05:21.488075+00:00
KXBTCD-26SEP2501-T83899.99,KXBTCD-26SEP2501,7,yes,0.88,yes,True,0.12,2026-09-25T05:05:19.587842+00:00,2026-09-25T04:05:21.488101+00:00
KXBTCD-26SEP2501-T83799.99,KXBTCD-26SEP2501,5,yes,0.94,yes,True,0.06,2026-09-25T05:05:19.587877+00:00,2026-09-25T04:05:21.488125+00:00
KXBTCD-26SEP2501-T83699.99,KXBTCD-26SEP2501,10,yes,0.97,yes,True,0.03,2026-09-25T05:05:19.587911+00:00,2026-09-25T04:05:21.488149+00:00
KXBTCD-26SEP2501-T84399.99,KXBTCD-26SEP2501,5,no,0.91,no,True,0.0899999999999999,2026-09-25T05:05:19.587945+00:00,2026-09-25T04:15:26.063444+00:00
KXBTCD-26SEP2502-T84599.99,KXBTCD-26SEP2502,5,no,0.95,no,True,0.05,2026-09-25T06:05:20.133298+00:00,2026-09-25T05:05:19.593393+00:00
KXBTCD-26SEP2502-T83999.99,KXBTCD-26SEP2502,6,yes,0.88,yes,True,0.12,2026-09-25T06:05:20.133398+00:00,2026-09-25T05:05:19.593455+00:00
KXBTCD-26SEP2502-T83899.99,KXBTCD-26SEP2502,10,yes,0.95,yes,True,0.05,2026-09-25T06:05:20.133469+00:00,2026-09-25T05:05:19.593482+00:00
KXBTCD-26SEP2502-T83799.99,KXBTCD-26SEP2502,9,yes,0.97,yes,True,0.03,2026-09-25T06:05:20.133532+00:00,2026-09-25T05:05:19.593507+00:00
KXBTCD-26SEP2502-T83699.99,KXBTCD-26SEP2502,8,yes,0.98,yes,True,0.02,2026-09-25T06:05:20.133594+00:00,2026-09-25T05:05:19.593529+00:00
KXBTCD-26SEP2502-T84499.99,KXBTCD-26SEP2502,6,no,0.92,no,True,0.0799999999999999,2026-09-25T06:05:20.133657+00:00,2026-09-25T05:10:20.128394+00:00
KXBTCD-26SEP2502-T84399.99,KXBTCD-26SEP2502,5,no,0.94,no,True,0.06,2026-09-25T06:05:20.133718+00:00,2026-09-25T05:25:23.495335+00:00
KXBTCD-26SEP2503-T84699.99,KXBTCD-26SEP2503,10,no,0.98,no,True,0.02,2026-09-25T07:05:23.964593+00:00,2026-09-25T06:05:20.140756+00:00
KXBTCD-26SEP2503-T84599.99,KXBTCD-26SEP2503,9,no,0.97,no,True,0.03,2026-09-25T07:05:23.964683+00:00,2026-09-25T06:05:20.140818+00:00
KXBTCD-26SEP2503-T84499.99,KXBTCD-26SEP2503,7,no,0.94,no,True,0.06,2026-09-25T07:05:23.964750+00:00,2026-09-25T06:05:20.140874+00:00
KXBTCD-26SEP2503-T84099.99,KXBTCD-26SEP2503,8,yes,0.7,no,False,-0.7,2026-09-25T07:05:23.964817+00:00,2026-09-25T06:05:20.140924+00:00
KXBTCD-26SEP2503-T83899.99,KXBTCD-26SEP2503,6,yes,0.92,yes,True,0.0799999999999999,2026-09-25T07:05:23.964883+00:00,2026-09-25T06:05:20.140975+00:00
KXBTCD-26SEP2503-T83799.99,KXBTCD-26SEP2503,5,yes,0.96,yes,True,0.04,2026-09-25T07:05:23.964951+00:00,2026-09-25T06:05:20.141024+00:00
KXBTCD-26SEP2503-T84399.99,KXBTCD-26SEP2503,6,no,0.91,no,True,0.0899999999999999,2026-09-25T07:05:23.965053+00:00,2026-09-25T06:10:56.020326+00:00
KXBTCD-26SEP2503-T83699.99,KXBTCD-26SEP2503,9,yes,0.94,yes,True,0.06,2026-09-25T07:05:23.965128+00:00,2026-09-25T06:10:56.020454+00:00
KXBTCD-26SEP2503-T84299.99,KXBTCD-26SEP2503,5,no,0.86,no,True,0.14,2026-09-25T07:05:23.965192+00:00,2026-09-25T06:15:18.953682+00:00
KXBTCD-26SEP2503-T83599.99,KXBTCD-26SEP2503,9,yes,0.96,yes,True,0.04,2026-09-25T07:05:23.965255+00:00,2026-09-25T06:15:18.953821+00:00
KXBTCD-26SEP2504-T84399.99,KXBTCD-26SEP2504,10,no,0.95,no,True,0.05,2026-09-25T08:05:23.124944+00:00,2026-09-25T07:05:23.973108+00:00
KXBTCD-26SEP2504-T84199.99,KXBTCD-26SEP2504,7,no,0.85,no,True,0.15,2026-09-25T08:05:23.125027+00:00,2026-09-25T07:05:23.973182+00:00
KXBTCD-26SEP2504-T83899.99,KXBTCD-26SEP2504,6,yes,0.67,yes,True,0.3299999999999999,2026-09-25T08:05:23.125092+00:00,2026-09-25T07:05:23.973236+00:00
KXBTCD-26SEP2504-T83699.99,KXBTCD-26SEP2504,5,yes,0.91,yes,True,0.0899999999999999,2026-09-25T08:05:23.125187+00:00,2026-09-25T07:05:23.973286+00:00
KXBTCD-26SEP2504-T83599.99,KXBTCD-26SEP2504,9,yes,0.96,yes,True,0.04,2026-09-25T08:05:23.125258+00:00,2026-09-25T07:05:23.973335+00:00
KXBTCD-26SEP2504-T74099.99,KXBTCD-26SEP2504,8,yes,0.99,yes,True,0.01,2026-09-25T08:05:23.125334+00:00,2026-09-25T07:05:23.973384+00:00
KXBTCD-26SEP2504-T84099.99,KXBTCD-26SEP2504,6,no,0.84,no,True,0.16,2026-09-25T08:05:23.125395+00:00,2026-09-25T07:10:19.484898+00:00
KXBTCD-26SEP2504-T83499.99,KXBTCD-26SEP2504,9,yes,0.9,yes,True,0.0999999999999999,2026-09-25T08:05:23.125454+00:00,2026-09-25T07:10:19.485032+00:00
KXBTCD-26SEP2504-T84299.99,KXBTCD-26SEP2504,6,no,0.97,no,True,0.03,2026-09-25T08:05:23.125513+00:00,2026-09-25T07:15:21.173996+00:00
KXBTCD-26SEP2504-T83999.99,KXBTCD-26SEP2504,5,no,0.79,yes,False,-0.79,2026-09-25T08:05:23.125572+00:00,2026-09-25T07:15:21.174131+00:00
KXBTCD-26SEP2504-T83399.99,KXBTCD-26SEP2504,10,yes,0.95,yes,True,0.05,2026-09-25T08:05:23.125632+00:00,2026-09-25T07:15:21.174231+00:00
KXBTCD-26SEP2505-T84499.99,KXBTCD-26SEP2505,6,no,0.94,no,True,0.06,2026-09-25T09:05:21.237087+00:00,2026-09-25T08:05:23.132609+00:00
KXBTCD-26SEP2505-T84399.99,KXBTCD-26SEP2505,9,no,0.89,yes,False,-0.89,2026-09-25T09:05:21.237169+00:00,2026-09-25T08:05:23.132671+00:00
KXBTCD-26SEP2505-T83999.99,KXBTCD-26SEP2505,7,yes,0.69,yes,True,0.31,2026-09-25T09:05:21.237234+00:00,2026-09-25T08:05:23.132723+00:00
KXBTCD-26SEP2505-T83799.99,KXBTCD-26SEP2505,8,yes,0.9,yes,True,0.0999999999999999,2026-09-25T09:05:21.237297+00:00,2026-09-25T08:05:23.132773+00:00
KXBTCD-26SEP2505-T83699.99,KXBTCD-26SEP2505,5,yes,0.95,yes,True,0.05,2026-09-25T09:05:21.237360+00:00,2026-09-25T08:05:23.132828+00:00
KXBTCD-26SEP2505-T83399.99,KXBTCD-26SEP2505,10,yes,0.98,yes,True,0.02,2026-09-25T09:05:21.237423+00:00,2026-09-25T08:05:23.132876+00:00
KXBTCD-26SEP2505-T83899.99,KXBTCD-26SEP2505,6,yes,0.85,yes,True,0.15,2026-09-25T09:05:21.237485+00:00,2026-09-25T08:10:01.849931+00:00
KXBTCD-26SEP2505-T84599.99,KXBTCD-26SEP2505,10,no,0.96,no,True,0.04,2026-09-25T09:05:21.237605+00:00,2026-09-25T08:20:21.900538+00:00
KXBTCD-26SEP2505-T84699.99,KXBTCD-26SEP2505,10,no,0.97,no,True,0.03,2026-09-25T09:05:21.237675+00:00,2026-09-25T08:35:21.579734+00:00
KXBTCD-26SEP2505-T84099.99,KXBTCD-26SEP2505,5,yes,0.96,yes,True,0.04,2026-09-25T09:05:21.237738+00:00,2026-09-25T08:40:21.911643+00:00
KXBTCD-26SEP2506-T84699.99,KXBTCD-26SEP2506,5,no,0.94,no,True,0.06,2026-09-25T10:05:24.862809+00:00,2026-09-25T09:00:31.366157+00:00
KXBTCD-26SEP2506-T84899.99,KXBTCD-26SEP2506,10,no,0.95,no,True,0.05,2026-09-25T10:05:24.862887+00:00,2026-09-25T09:05:21.245019+00:00
KXBTCD-26SEP2506-T84799.99,KXBTCD-26SEP2506,7,no,0.92,no,True,0.0799999999999999,2026-09-25T10:05:24.862953+00:00,2026-09-25T09:05:21.245082+00:00
KXBTCD-26SEP2506-T84299.99,KXBTCD-26SEP2506,6,yes,0.84,yes,True,0.16,2026-09-25T10:05:24.863015+00:00,2026-09-25T09:05:21.245170+00:00
KXBTCD-26SEP2506-T84099.99,KXBTCD-26SEP2506,9,yes,0.95,yes,True,0.05,2026-09-25T10:05:24.863075+00:00,2026-09-25T09:05:21.245221+00:00
KXBTCD-26SEP2506-T83999.99,KXBTCD-26SEP2506,8,yes,0.97,yes,True,0.03,2026-09-25T10:05:24.863138+00:00,2026-09-25T09:05:21.245270+00:00
KXBTCD-26SEP2506-T85099.99,KXBTCD-26SEP2506,10,no,0.96,no,True,0.04,2026-09-25T10:05:24.863196+00:00,2026-09-25T09:10:16.078822+00:00
KXBTCD-26SEP2506-T84999.99,KXBTCD-26SEP2506,9,no,0.93,no,True,0.0699999999999999,2026-09-25T10:05:24.863255+00:00,2026-09-25T09:10:16.078858+00:00
KXBTCD-26SEP2506-T84399.99,KXBTCD-26SEP2506,5,yes,0.86,yes,True,0.14,2026-09-25T10:05:24.863314+00:00,2026-09-25T09:10:16.078891+00:00
KXBTCD-26SEP2506-T84199.99,KXBTCD-26SEP2506,6,yes,0.96,yes,True,0.04,2026-09-25T10:05:24.863373+00:00,2026-09-25T09:10:16.078920+00:00
KXBTCD-26SEP2507-T84899.99,KXBTCD-26SEP2507,9,no,0.97,no,True,0.03,2026-09-25T11:05:22.516060+00:00,2026-09-25T10:05:24.870253+00:00
KXBTCD-26SEP2507-T84799.99,KXBTCD-26SEP2507,6,no,0.96,no,True,0.04,2026-09-25T11:05:22.516123+00:00,2026-09-25T10:05:24.870314+00:00
KXBTCD-26SEP2507-T84699.99,KXBTCD-26SEP2507,7,no,0.92,yes,False,-0.92,2026-09-25T11:05:22.516164+00:00,2026-09-25T10:05:24.870365+00:00
KXBTCD-26SEP2507-T84599.99,KXBTCD-26SEP2507,5,no,0.83,yes,False,-0.83,2026-09-25T11:05:22.516204+00:00,2026-09-25T10:05:24.870413+00:00
KXBTCD-26SEP2507-T84099.99,KXBTCD-26SEP2507,8,yes,0.91,yes,True,0.0899999999999999,2026-09-25T11:05:22.516242+00:00,2026-09-25T10:05:24.870471+00:00
KXBTCD-26SEP2507-T83999.99,KXBTCD-26SEP2507,10,yes,0.95,yes,True,0.05,2026-09-25T11:05:22.516282+00:00,2026-09-25T10:05:24.870516+00:00
KXBTCD-26SEP2507-T84999.99,KXBTCD-26SEP2507,10,no,0.98,no,True,0.02,2026-09-25T11:05:22.516320+00:00,2026-09-25T10:10:22.724081+00:00
KXBTCD-26SEP2507-T84199.99,KXBTCD-26SEP2507,5,yes,0.88,yes,True,0.12,2026-09-25T11:05:22.516356+00:00,2026-09-25T10:10:22.724190+00:00
KXBTCD-26SEP2507-T84399.99,KXBTCD-26SEP2507,5,yes,0.96,yes,True,0.04,2026-09-25T11:05:22.516390+00:00,2026-09-25T10:35:18.757912+00:00
KXBTCD-26SEP2507-T84299.99,KXBTCD-26SEP2507,5,yes,0.99,yes,True,0.01,2026-09-25T11:05:22.516427+00:00,2026-09-25T10:50:21.972685+00:00
KXBTCD-26SEP2508-T84799.99,KXBTCD-26SEP2508,8,no,0.66,no,True,0.3399999999999999,2026-09-25T12:05:20.876625+00:00,2026-09-25T11:00:26.032557+00:00
KXBTCD-26SEP2508-T84399.99,KXBTCD-26SEP2508,6,yes,0.91,yes,True,0.0899999999999999,2026-09-25T12:05:20.876687+00:00,2026-09-25T11:00:26.032665+00:00
KXBTCD-26SEP2508-T84299.99,KXBTCD-26SEP2508,7,yes,0.96,yes,True,0.04,2026-09-25T12:05:20.876727+00:00,2026-09-25T11:00:26.032716+00:00
KXBTCD-26SEP2508-T85299.99,KXBTCD-26SEP2508,10,no,0.96,no,True,0.04,2026-09-25T12:05:20.876766+00:00,2026-09-25T11:05:22.522905+00:00
KXBTCD-26SEP2508-T85199.99,KXBTCD-26SEP2508,8,no,0.95,no,True,0.05,2026-09-25T12:05:20.876803+00:00,2026-09-25T11:05:22.522967+00:00
KXBTCD-26SEP2508-T85099.99,KXBTCD-26SEP2508,6,no,0.91,no,True,0.0899999999999999,2026-09-25T12:05:20.876841+00:00,2026-09-25T11:05:22.523007+00:00
KXBTCD-26SEP2508-T84899.99,KXBTCD-26SEP2508,5,no,0.68,no,True,0.3199999999999999,2026-09-25T12:05:20.876879+00:00,2026-09-25T11:05:22.523038+00:00
KXBTCD-26SEP2508-T84499.99,KXBTCD-26SEP2508,7,yes,0.91,yes,True,0.0899999999999999,2026-09-25T12:05:20.876916+00:00,2026-09-25T11:05:22.523066+00:00
KXBTCD-26SEP2508-T85399.99,KXBTCD-26SEP2508,10,no,0.8,no,True,0.1999999999999999,2026-09-25T12:05:20.876952+00:00,2026-09-25T11:15:18.774680+00:00
KXBTCD-26SEP2508-T84599.99,KXBTCD-26SEP2508,7,yes,0.97,no,False,-0.97,2026-09-25T12:05:20.876990+00:00,2026-09-25T11:15:18.774847+00:00
KXBTCD-26SEP2508-T85499.99,KXBTCD-26SEP2508,10,no,0.94,no,True,0.06,2026-09-25T12:05:20.877031+00:00,2026-09-25T11:20:22.935310+00:00
KXBTCD-26SEP2509-T85199.99,KXBTCD-26SEP2509,10,no,0.93,no,True,0.0699999999999999,2026-09-25T13:05:22.409559+00:00,2026-09-25T12:05:20.883484+00:00
KXBTCD-26SEP2509-T84899.99,KXBTCD-26SEP2509,8,no,0.78,no,True,0.2199999999999999,2026-09-25T13:05:22.409642+00:00,2026-09-25T12:05:20.883536+00:00
KXBTCD-26SEP2509-T84499.99,KXBTCD-26SEP2509,5,yes,0.65,no,False,-0.65,2026-09-25T13:05:22.409706+00:00,2026-09-25T12:05:20.883592+00:00
KXBTCD-26SEP2509-T84299.99,KXBTCD-26SEP2509,7,yes,0.85,yes,True,0.15,2026-09-25T13:05:22.409769+00:00,2026-09-25T12:05:20.883630+00:00
KXBTCD-26SEP2509-T84199.99,KXBTCD-26SEP2509,9,yes,0.91,yes,True,0.0899999999999999,2026-09-25T13:05:22.409831+00:00,2026-09-25T12:05:20.883664+00:00
KXBTCD-26SEP2509-T84099.99,KXBTCD-26SEP2509,6,yes,0.94,yes,True,0.06,2026-09-25T13:05:22.409895+00:00,2026-09-25T12:05:20.883699+00:00
KXBTCD-26SEP2509-T85099.99,KXBTCD-26SEP2509,8,no,0.92,no,True,0.0799999999999999,2026-09-25T13:05:22.409957+00:00,2026-09-25T12:10:22.248864+00:00
KXBTCD-26SEP2509-T84399.99,KXBTCD-26SEP2509,6,yes,0.81,yes,True,0.1899999999999999,2026-09-25T13:05:22.410088+00:00,2026-09-25T12:10:22.248948+00:00
KXBTCD-26SEP2509-T84999.99,KXBTCD-26SEP2509,6,no,0.94,no,True,0.06,2026-09-25T13:05:22.410158+00:00,2026-09-25T12:15:19.164480+00:00
KXBTCD-26SEP2509-T83999.99,KXBTCD-26SEP2509,10,yes,0.81,yes,True,0.1899999999999999,2026-09-25T13:05:22.410220+00:00,2026-09-25T12:15:19.164676+00:00
KXBTCD-26SEP2509-T84599.99,KXBTCD-26SEP2509,6,no,0.78,no,True,0.2199999999999999,2026-09-25T13:05:22.410281+00:00,2026-09-25T12:25:25.703339+00:00
KXBTCD-26SEP2509-T83899.99,KXBTCD-26SEP2509,10,yes,0.84,yes,True,0.16,2026-09-25T13:05:22.410341+00:00,2026-09-25T12:25:25.703536+00:00
KXBTCD-26SEP2509-T84699.99,KXBTCD-26SEP2509,5,no,0.83,no,True,0.17,2026-09-25T13:05:22.410401+00:00,2026-09-25T12:40:21.255979+00:00
KXBTCD-26SEP2510-T85199.99,KXBTCD-26SEP2510,6,no,0.9,no,True,0.0999999999999999,2026-09-25T14:06:01.838041+00:00,2026-09-25T13:05:22.417603+00:00
KXBTCD-26SEP2510-T84799.99,KXBTCD-26SEP2510,9,no,0.73,no,True,0.27,2026-09-25T14:06:01.838146+00:00,2026-09-25T13:05:22.417665+00:00
KXBTCD-26SEP2510-T84699.99,KXBTCD-26SEP2510,10,no,0.66,no,True,0.3399999999999999,2026-09-25T14:06:01.838236+00:00,2026-09-25T13:05:22.417716+00:00
KXBTCD-26SEP2510-T83999.99,KXBTCD-26SEP2510,8,yes,0.83,no,False,-0.83,2026-09-25T14:06:01.838314+00:00,2026-09-25T13:05:22.417802+00:00
KXBTCD-26SEP2510-T83699.99,KXBTCD-26SEP2510,7,yes,0.91,yes,True,0.0899999999999999,2026-09-25T14:06:01.838402+00:00,2026-09-25T13:05:22.417850+00:00
KXBTCD-26SEP2510-T84999.99,KXBTCD-26SEP2510,9,no,0.86,no,True,0.14,2026-09-25T14:06:01.838491+00:00,2026-09-25T13:10:18.926140+00:00
KXBTCD-26SEP2510-T84599.99,KXBTCD-26SEP2510,5,no,0.62,no,True,0.38,2026-09-25T14:06:01.838562+00:00,2026-09-25T13:10:18.926282+00:00
KXBTCD-26SEP2510-T84199.99,KXBTCD-26SEP2510,7,yes,0.71,no,False,-0.71,2026-09-25T14:06:01.838651+00:00,2026-09-25T13:10:18.926334+00:00
KXBTCD-26SEP2510-T84099.99,KXBTCD-26SEP2510,9,yes,0.61,no,False,-0.61,2026-09-25T14:06:01.838730+00:00,2026-09-25T13:25:19.711177+00:00
KXBTCD-26SEP2510-T83799.99,KXBTCD-26SEP2510,8,yes,0.71,yes,True,0.29,2026-09-25T14:06:01.838809+00:00,2026-09-25T13:35:20.293598+00:00
KXBTCD-26SEP2510-T84299.99,KXBTCD-26SEP2510,5,no,0.76,no,True,0.24,2026-09-25T14:06:01.838895+00:00,2026-09-25T13:40:19.238076+00:00
KXBTCD-26SEP2510-T83899.99,KXBTCD-26SEP2510,10,yes,0.71,yes,True,0.29,2026-09-25T14:06:01.838995+00:00,2026-09-25T13:40:19.238181+00:00
KXBTCD-26SEP2510-T84399.99,KXBTCD-26SEP2510,7,no,0.96,no,True,0.04,2026-09-25T14:06:01.839077+00:00,2026-09-25T13:50:21.870555+00:00
KXBTCD-26SEP2510-T83599.99,KXBTCD-26SEP2510,10,yes,0.81,yes,True,0.1899999999999999,2026-09-25T14:06:01.839163+00:00,2026-09-25T13:50:21.870675+00:00
KXBTCD-26SEP2510-T84499.99,KXBTCD-26SEP2510,7,no,0.99,no,True,0.01,2026-09-25T14:06:01.839238+00:00,2026-09-25T13:55:56.966392+00:00
KXBTCD-26SEP2511-T84499.99,KXBTCD-26SEP2511,8,no,0.81,no,True,0.1899999999999999,2026-09-25T15:05:20.372479+00:00,2026-09-25T14:01:00.865689+00:00
KXBTCD-26SEP2511-T84299.99,KXBTCD-26SEP2511,7,no,0.71,no,True,0.29,2026-09-25T15:05:20.372537+00:00,2026-09-25T14:01:00.865762+00:00
KXBTCD-26SEP2511-T83199.99,KXBTCD-26SEP2511,9,yes,0.88,yes,True,0.12,2026-09-25T15:05:20.372573+00:00,2026-09-25T14:01:00.865917+00:00
KXBTCD-26SEP2511-T83099.99,KXBTCD-26SEP2511,10,yes,0.9,yes,True,0.0999999999999999,2026-09-25T15:05:20.372608+00:00,2026-09-25T14:01:00.865977+00:00
KXBTCD-26SEP2511-T83999.99,KXBTCD-26SEP2511,8,no,0.88,no,True,0.12,2026-09-25T15:05:20.372641+00:00,2026-09-25T14:06:01.846519+00:00
KXBTCD-26SEP2511-T83899.99,KXBTCD-26SEP2511,6,no,0.85,yes,False,-0.85,2026-09-25T15:05:20.372677+00:00,2026-09-25T14:06:01.846580+00:00
KXBTCD-26SEP2511-T83799.99,KXBTCD-26SEP2511,9,no,0.81,yes,False,-0.81,2026-09-25T15:05:20.372712+00:00,2026-09-25T14:06:01.846636+00:00
KXBTCD-26SEP2511-T83599.99,KXBTCD-26SEP2511,7,no,0.72,yes,False,-0.72,2026-09-25T15:05:20.372745+00:00,2026-09-25T14:06:01.846689+00:00
KXBTCD-26SEP2511-T82999.99,KXBTCD-26SEP2511,10,yes,0.66,yes,True,0.3399999999999999,2026-09-25T15:05:20.372776+00:00,2026-09-25T14:06:01.846772+00:00
KXBTCD-26SEP2511-T83699.99,KXBTCD-26SEP2511,6,no,0.67,yes,False,-0.67,2026-09-25T15:05:20.372807+00:00,2026-09-25T14:10:24.728749+00:00
KXBTCD-26SEP2511-T83299.99,KXBTCD-26SEP2511,5,yes,0.94,yes,True,0.06,2026-09-25T15:05:20.372839+00:00,2026-09-25T14:35:22.110210+00:00
KXBTCD-26SEP2511-T83399.99,KXBTCD-26SEP2511,6,yes,0.89,yes,True,0.1099999999999999,2026-09-25T15:05:20.372897+00:00,2026-09-25T14:45:20.158319+00:00
KXBTCD-26SEP2511-T84099.99,KXBTCD-26SEP2511,10,no,0.92,no,True,0.0799999999999999,2026-09-25T15:05:20.372929+00:00,2026-09-25T14:50:20.096022+00:00
KXBTCD-26SEP2511-T83499.99,KXBTCD-26SEP2511,6,yes,0.99,yes,True,0.01,2026-09-25T15:05:20.372960+00:00,2026-09-25T15:00:25.526731+00:00
KXBTCD-26SEP2512-T84799.99,KXBTCD-26SEP2512,9,no,0.96,no,True,0.04,2026-09-25T16:05:22.785349+00:00,2026-09-25T15:05:20.379033+00:00
KXBTCD-26SEP2512-T84399.99,KXBTCD-26SEP2512,8,no,0.9,no,True,0.0999999999999999,2026-09-25T16:05:22.785433+00:00,2026-09-25T15:05:20.379088+00:00
KXBTCD-26SEP2512-T84199.99,KXBTCD-26SEP2512,5,no,0.82,no,True,0.18,2026-09-25T16:05:22.785499+00:00,2026-09-25T15:05:20.379118+00:00
KXBTCD-26SEP2512-T84099.99,KXBTCD-26SEP2512,7,no,0.76,no,True,0.24,2026-09-25T16:05:22.785562+00:00,2026-09-25T15:05:20.379164+00:00
KXBTCD-26SEP2512-T83599.99,KXBTCD-26SEP2512,10,yes,0.67,yes,True,0.3299999999999999,2026-09-25T16:05:22.785626+00:00,2026-09-25T15:05:20.379212+00:00
KXBTCD-26SEP2512-T84499.99,KXBTCD-26SEP2512,7,no,0.91,no,True,0.0899999999999999,2026-09-25T16:05:22.785718+00:00,2026-09-25T15:10:24.670819+00:00
KXBTCD-26SEP2512-T84299.99,KXBTCD-26SEP2512,9,no,0.85,no,True,0.15,2026-09-25T16:05:22.785790+00:00,2026-09-25T15:10:24.670862+00:00
KXBTCD-26SEP2512-T83499.99,KXBTCD-26SEP2512,10,yes,0.85,yes,True,0.15,2026-09-25T16:05:22.785851+00:00,2026-09-25T15:10:24.670925+00:00
KXBTCD-26SEP2512-T83699.99,KXBTCD-26SEP2512,5,yes,0.7,yes,True,0.3,2026-09-25T16:05:22.785922+00:00,2026-09-25T15:25:19.126441+00:00
KXBTCD-26SEP2512-T83399.99,KXBTCD-26SEP2512,10,yes,0.9,yes,True,0.0999999999999999,2026-09-25T16:05:22.785983+00:00,2026-09-25T15:30:29.414434+00:00
KXBTCD-26SEP2512-T83299.99,KXBTCD-26SEP2512,9,yes,0.75,yes,True,0.25,2026-09-25T16:05:22.786041+00:00,2026-09-25T15:40:21.598891+00:00
KXBTCD-26SEP2512-T83199.99,KXBTCD-26SEP2512,10,yes,0.9,yes,True,0.0999999999999999,2026-09-25T16:05:22.786101+00:00,2026-09-25T15:45:22.563282+00:00
KXBTCD-26SEP2512-T83999.99,KXBTCD-26SEP2512,7,no,0.99,no,True,0.01,2026-09-25T16:05:22.786160+00:00,2026-09-25T15:50:21.308762+00:00
KXBTCD-26SEP2512-T83899.99,KXBTCD-26SEP2512,6,no,0.98,no,True,0.02,2026-09-25T16:05:22.786220+00:00,2026-09-25T15:50:21.308832+00:00
KXBTCD-26SEP2512-T83799.99,KXBTCD-26SEP2512,5,no,0.99,no,True,0.01,2026-09-25T16:05:22.786278+00:00,2026-09-25T16:00:30.963727+00:00
KXBTCD-26SEP2513-T84499.99,KXBTCD-26SEP2513,10,no,0.91,no,True,0.0899999999999999,2026-09-25T17:05:19.968630+00:00,2026-09-25T16:05:22.793572+00:00
KXBTCD-26SEP2513-T84399.99,KXBTCD-26SEP2513,8,no,0.88,no,True,0.12,2026-09-25T17:05:19.968684+00:00,2026-09-25T16:05:22.793635+00:00
KXBTCD-26SEP2513-T84299.99,KXBTCD-26SEP2513,7,no,0.82,no,True,0.18,2026-09-25T17:05:19.968719+00:00,2026-09-25T16:05:22.793722+00:00
KXBTCD-26SEP2513-T84099.99,KXBTCD-26SEP2513,5,no,0.67,no,True,0.3299999999999999,2026-09-25T17:05:19.968752+00:00,2026-09-25T16:05:22.793782+00:00
KXBTCD-26SEP2513-T83499.99,KXBTCD-26SEP2513,9,yes,0.84,yes,True,0.16,2026-09-25T17:05:19.968786+00:00,2026-09-25T16:05:22.793889+00:00
KXBTCD-26SEP2513-T84199.99,KXBTCD-26SEP2513,5,no,0.73,no,True,0.27,2026-09-25T17:05:19.968818+00:00,2026-09-25T16:10:25.873039+00:00
KXBTCD-26SEP2513-T83699.99,KXBTCD-26SEP2513,6,yes,0.78,yes,True,0.2199999999999999,2026-09-25T17:05:19.968849+00:00,2026-09-25T16:10:25.873077+00:00
KXBTCD-26SEP2513-T83599.99,KXBTCD-26SEP2513,10,yes,0.85,yes,True,0.15,2026-09-25T17:05:19.968879+00:00,2026-09-25T16:10:25.873099+00:00
KXBTCD-26SEP2513-T83799.99,KXBTCD-26SEP2513,5,yes,0.72,no,False,-0.72,2026-09-25T17:05:19.968909+00:00,2026-09-25T16:25:23.895025+00:00
KXBTCD-26SEP2514-T84299.99,KXBTCD-26SEP2514,10,no,0.9,no,True,0.0999999999999999,2026-09-25T18:05:04.019004+00:00,2026-09-25T17:05:19.974559+00:00
KXBTCD-26SEP2514-T84199.99,KXBTCD-26SEP2514,8,no,0.85,no,True,0.15,2026-09-25T18:05:04.019050+00:00,2026-09-25T17:05:19.974602+00:00
KXBTCD-26SEP2514-T83999.99,KXBTCD-26SEP2514,6,no,0.64,no,True,0.36,2026-09-25T18:05:04.019072+00:00,2026-09-25T17:05:19.974631+00:00
KXBTCD-26SEP2514-T83599.99,KXBTCD-26SEP2514,9,yes,0.83,yes,True,0.17,2026-09-25T18:05:04.019093+00:00,2026-09-25T17:05:19.974656+00:00
KXBTCD-26SEP2514-T83499.99,KXBTCD-26SEP2514,7,yes,0.9,yes,True,0.0999999999999999,2026-09-25T18:05:04.019115+00:00,2026-09-25T17:05:19.974709+00:00
KXBTCD-26SEP2514-T83399.99,KXBTCD-26SEP2514,5,yes,0.93,yes,True,0.0699999999999999,2026-09-25T18:05:04.019135+00:00,2026-09-25T17:05:19.974741+00:00
KXBTCD-26SEP2514-T84099.99,KXBTCD-26SEP2514,5,no,0.73,no,True,0.27,2026-09-25T18:05:04.019154+00:00,2026-09-25T17:10:27.020466+00:00
KXBTCD-26SEP2514-T84399.99,KXBTCD-26SEP2514,10,no,0.99,no,True,0.01,2026-09-25T18:05:04.019173+00:00,2026-09-25T17:30:22.206606+00:00
KXBTCD-26SEP2514-T83299.99,KXBTCD-26SEP2514,10,yes,0.97,yes,True,0.03,2026-09-25T18:05:04.019192+00:00,2026-09-25T17:35:20.939387+00:00
KXBTCD-26SEP2515-T84299.99,KXBTCD-26SEP2515,10,no,0.96,no,True,0.04,2026-09-25T19:05:26.370120+00:00,2026-09-25T18:05:04.023601+00:00
KXBTCD-26SEP2515-T84199.99,KXBTCD-26SEP2515,9,no,0.93,no,True,0.0699999999999999,2026-09-25T19:05:26.370229+00:00,2026-09-25T18:05:04.023636+00:00
KXBTCD-26SEP2515-T84099.99,KXBTCD-26SEP2515,5,no,0.88,no,True,0.12,2026-09-25T19:05:26.370298+00:00,2026-09-25T18:05:04.023658+00:00
KXBTCD-26SEP2515-T83599.99,KXBTCD-26SEP2515,6,yes,0.82,yes,True,0.18,2026-09-25T19:05:26.370360+00:00,2026-09-25T18:05:04.023678+00:00
KXBTCD-26SEP2515-T83499.99,KXBTCD-26SEP2515,8,yes,0.9,yes,True,0.0999999999999999,2026-09-25T19:05:26.370423+00:00,2026-09-25T18:05:04.023697+00:00
KXBTCD-26SEP2515-T83199.99,KXBTCD-26SEP2515,7,yes,0.98,yes,True,0.02,2026-09-25T19:05:26.370484+00:00,2026-09-25T18:05:04.023715+00:00
KXBTCD-26SEP2515-T84499.99,KXBTCD-26SEP2515,10,no,0.98,no,True,0.02,2026-09-25T19:05:26.370544+00:00,2026-09-25T18:10:18.856037+00:00
KXBTCD-26SEP2515-T83699.99,KXBTCD-26SEP2515,6,yes,0.83,yes,True,0.17,2026-09-25T19:05:26.370603+00:00,2026-09-25T18:10:18.856099+00:00
KXBTCD-26SEP2515-T84399.99,KXBTCD-26SEP2515,10,no,0.96,no,True,0.04,2026-09-25T19:05:26.370661+00:00,2026-09-25T18:15:21.583300+00:00
KXBTCD-26SEP2516-T84499.99,KXBTCD-26SEP2516,8,no,0.98,no,True,0.02,2026-09-25T20:10:19.172370+00:00,2026-09-25T19:05:26.377897+00:00
KXBTCD-26SEP2516-T84399.99,KXBTCD-26SEP2516,9,no,0.96,no,True,0.04,2026-09-25T20:10:19.172431+00:00,2026-09-25T19:05:26.377961+00:00
KXBTCD-26SEP2516-T84299.99,KXBTCD-26SEP2516,7,no,0.94,no,True,0.06,2026-09-25T20:10:19.172473+00:00,2026-09-25T19:05:26.378015+00:00
KXBTCD-26SEP2516-T83999.99,KXBTCD-26SEP2516,6,no,0.63,yes,False,-0.63,2026-09-25T20:10:19.172513+00:00,2026-09-25T19:05:26.378065+00:00
KXBTCD-26SEP2516-T83799.99,KXBTCD-26SEP2516,5,yes,0.74,yes,True,0.26,2026-09-25T20:10:19.172552+00:00,2026-09-25T19:05:26.378169+00:00
KXBTCD-26SEP2516-T83499.99,KXBTCD-26SEP2516,10,yes,0.96,yes,True,0.04,2026-09-25T20:10:19.172588+00:00,2026-09-25T19:05:26.378232+00:00
KXBTCD-26SEP2516-T84199.99,KXBTCD-26SEP2516,5,no,0.9,no,True,0.0999999999999999,2026-09-25T20:10:19.172624+00:00,2026-09-25T19:10:23.579645+00:00
KXBTCD-26SEP2516-T84099.99,KXBTCD-26SEP2516,6,no,0.81,no,True,0.1899999999999999,2026-09-25T20:10:19.172659+00:00,2026-09-25T19:10:23.579686+00:00
KXBTCD-26SEP2516-T83699.99,KXBTCD-26SEP2516,6,yes,0.94,yes,True,0.06,2026-09-25T20:10:19.172693+00:00,2026-09-25T19:15:23.343759+00:00
KXBTCD-26SEP2516-T83599.99,KXBTCD-26SEP2516,10,yes,0.99,yes,True,0.01,2026-09-25T20:10:19.172732+00:00,2026-09-25T19:40:22.106378+00:00
KXBTCD-26SEP2517-T77999.99,KXBTCD-26SEP2517,5,yes,0.75,yes,True,0.25,2026-09-25T21:05:20.213444+00:00,2026-09-18T20:20:20.170457+00:00
KXBTCD-26SEP2517-T79999.99,KXBTCD-26SEP2517,5,yes,0.6,yes,True,0.4,2026-09-25T21:05:20.213523+00:00,2026-09-18T20:30:23.615495+00:00
KXBTCD-26SEP2517-T78499.99,KXBTCD-26SEP2517,7,yes,0.71,yes,True,0.29,2026-09-25T21:05:20.213577+00:00,2026-09-18T20:30:23.615538+00:00
KXBTCD-26SEP2517-T77499.99,KXBTCD-26SEP2517,10,yes,0.78,yes,True,0.2199999999999999,2026-09-25T21:05:20.213622+00:00,2026-09-18T20:50:20.163099+00:00
KXBTCD-26SEP2517-T84999.99,KXBTCD-26SEP2517,5,no,0.81,no,True,0.1899999999999999,2026-09-25T21:05:20.213666+00:00,2026-09-18T21:00:25.143874+00:00
KXBTCD-26SEP2517-T89999.99,KXBTCD-26SEP2517,6,no,0.96,no,True,0.04,2026-09-25T21:05:20.213711+00:00,2026-09-18T21:07:31.540021+00:00
KXBTCD-26SEP2517-T74499.99,KXBTCD-26SEP2517,7,yes,0.95,yes,True,0.05,2026-09-25T21:05:20.213757+00:00,2026-09-18T21:07:31.540122+00:00
KXBTCD-26SEP2517-T73999.99,KXBTCD-26SEP2517,9,yes,0.95,yes,True,0.05,2026-09-25T21:05:20.213812+00:00,2026-09-18T21:07:31.540157+00:00
KXBTCD-26SEP2517-T78999.99,KXBTCD-26SEP2517,6,yes,0.7,yes,True,0.3,2026-09-25T21:05:20.213852+00:00,2026-09-18T21:10:19.054995+00:00
KXBTCD-26SEP2517-T85999.99,KXBTCD-26SEP2517,5,no,0.88,no,True,0.12,2026-09-25T21:05:20.213889+00:00,2026-09-18T21:30:22.309211+00:00
KXBTCD-26SEP2517-T76999.99,KXBTCD-26SEP2517,9,yes,0.86,yes,True,0.14,2026-09-25T21:05:20.213950+00:00,2026-09-18T21:30:22.309398+00:00
KXBTCD-26SEP2517-T82999.99,KXBTCD-26SEP2517,6,no,0.67,yes,False,-0.67,2026-09-25T21:05:20.213996+00:00,2026-09-19T01:00:22.747603+00:00
KXBTCD-26SEP2517-T87999.99,KXBTCD-26SEP2517,10,no,0.95,no,True,0.05,2026-09-25T21:05:20.214040+00:00,2026-09-19T02:50:19.016958+00:00
KXBTCD-26SEP2517-T74999.99,KXBTCD-26SEP2517,6,yes,0.94,yes,True,0.06,2026-09-25T21:05:20.214073+00:00,2026-09-19T03:40:19.335080+00:00
KXBTCD-26SEP2517-T87499.99,KXBTCD-26SEP2517,10,no,0.94,no,True,0.06,2026-09-25T21:05:20.214106+00:00,2026-09-19T09:05:16.584423+00:00
KXBTCD-26SEP2517-T80499.99,KXBTCD-26SEP2517,9,yes,0.6,yes,True,0.4,2026-09-25T21:05:20.214138+00:00,2026-09-19T14:30:23.213373+00:00
KXBTCD-26SEP2517-T76499.99,KXBTCD-26SEP2517,5,yes,0.92,yes,True,0.0799999999999999,2026-09-25T21:05:20.214169+00:00,2026-09-19T18:50:19.420403+00:00
KXBTCD-26SEP2517-T81999.99,KXBTCD-26SEP2517,6,no,0.6,yes,False,-0.6,2026-09-25T21:05:20.214199+00:00,2026-09-19T20:50:25.616626+00:00
KXBTCD-26SEP2517-T82499.99,KXBTCD-26SEP2517,10,no,0.69,yes,False,-0.69,2026-09-25T21:05:20.214229+00:00,2026-09-19T23:05:21.275557+00:00
KXBTCD-26SEP2517-T73499.99,KXBTCD-26SEP2517,6,yes,0.96,yes,True,0.04,2026-09-25T21:05:20.214275+00:00,2026-09-20T04:35:20.566577+00:00
KXBTCD-26SEP2517-T83999.99,KXBTCD-26SEP2517,5,no,0.85,no,True,0.15,2026-09-25T21:05:20.214307+00:00,2026-09-20T05:10:20.543659+00:00
KXBTCD-26SEP2517-T75999.99,KXBTCD-26SEP2517,5,yes,0.92,yes,True,0.0799999999999999,2026-09-25T21:05:20.214339+00:00,2026-09-20T10:35:18.295509+00:00
KXBTCD-26SEP2517-T80999.99,KXBTCD-26SEP2517,5,no,0.6,yes,False,-0.6,2026-09-25T21:05:20.214369+00:00,2026-09-20T12:40:23.450205+00:00
KXBTCD-26SEP2517-T84499.99,KXBTCD-26SEP2517,10,yes,0.6,no,False,-0.6,2026-09-25T21:05:20.214397+00:00,2026-09-21T14:25:19.819463+00:00
KXBTCD-26SEP2517-T88499.99,KXBTCD-26SEP2517,10,no,0.73,no,True,0.27,2026-09-25T21:05:20.214427+00:00,2026-09-23T03:55:21.513273+00:00
KXBTCD-26SEP2517-T81499.99,KXBTCD-26SEP2517,5,yes,0.95,yes,True,0.05,2026-09-25T21:05:20.214457+00:00,2026-09-23T04:00:24.436291+00:00
KXBTCD-26SEP2517-T86499.99,KXBTCD-26SEP2517,9,no,0.66,no,True,0.3399999999999999,2026-09-25T21:05:20.214486+00:00,2026-09-23T13:15:25.135568+00:00
KXBTCD-26SEP2517-T85499.99,KXBTCD-26SEP2517,10,no,0.63,no,True,0.37,2026-09-25T21:05:20.214514+00:00,2026-09-23T14:20:24.668139+00:00
KXBTCD-26SEP2517-T83499.99,KXBTCD-26SEP2517,10,yes,0.69,yes,True,0.31,2026-09-25T21:05:20.214542+00:00,2026-09-25T14:35:22.110451+00:00
KXBTCD-26SEP2518-T84299.99,KXBTCD-26SEP2518,9,no,0.97,no,True,0.03,2026-09-25T22:05:19.243511+00:00,2026-09-25T21:05:20.220544+00:00
KXBTCD-26SEP2518-T84199.99,KXBTCD-26SEP2518,8,no,0.95,no,True,0.05,2026-09-25T22:05:19.243591+00:00,2026-09-25T21:05:20.220568+00:00
KXBTCD-26SEP2518-T84099.99,KXBTCD-26SEP2518,5,no,0.91,no,True,0.0899999999999999,2026-09-25T22:05:19.243655+00:00,2026-09-25T21:05:20.220592+00:00
KXBTCD-26SEP2518-T83599.99,KXBTCD-26SEP2518,6,yes,0.89,yes,True,0.1099999999999999,2026-09-25T22:05:19.243716+00:00,2026-09-25T21:05:20.220615+00:00
KXBTCD-26SEP2518-T83499.99,KXBTCD-26SEP2518,7,yes,0.94,yes,True,0.06,2026-09-25T22:05:19.243801+00:00,2026-09-25T21:05:20.220638+00:00
KXBTCD-26SEP2518-T83399.99,KXBTCD-26SEP2518,10,yes,0.96,yes,True,0.04,2026-09-25T22:05:19.243869+00:00,2026-09-25T21:05:20.220661+00:00
KXBTCD-26SEP2518-T83899.99,KXBTCD-26SEP2518,5,no,0.89,no,True,0.1099999999999999,2026-09-25T22:05:19.244359+00:00,2026-09-25T21:20:18.574126+00:00
KXBTCD-26SEP2518-T83999.99,KXBTCD-26SEP2518,5,no,0.94,no,True,0.06,2026-09-25T22:05:19.244468+00:00,2026-09-25T21:40:17.415555+00:00
KXBTCD-26SEP2519-T84299.99,KXBTCD-26SEP2519,10,no,0.98,no,True,0.02,2026-09-25T23:05:24.631515+00:00,2026-09-25T22:05:19.252195+00:00
KXBTCD-26SEP2519-T84199.99,KXBTCD-26SEP2519,8,no,0.97,no,True,0.03,2026-09-25T23:05:24.631595+00:00,2026-09-25T22:05:19.252251+00:00
KXBTCD-26SEP2519-T84099.99,KXBTCD-26SEP2519,6,no,0.93,no,True,0.0699999999999999,2026-09-25T23:05:24.631662+00:00,2026-09-25T22:05:19.252301+00:00
KXBTCD-26SEP2519-T83699.99,KXBTCD-26SEP2519,5,yes,0.88,yes,True,0.12,2026-09-25T23:05:24.631726+00:00,2026-09-25T22:05:19.252349+00:00
KXBTCD-26SEP2519-T83499.99,KXBTCD-26SEP2519,7,yes,0.97,yes,True,0.03,2026-09-25T23:05:24.631788+00:00,2026-09-25T22:05:19.252395+00:00
KXBTCD-26SEP2519-T83399.99,KXBTCD-26SEP2519,9,yes,0.98,yes,True,0.02,2026-09-25T23:05:24.631850+00:00,2026-09-25T22:05:19.252442+00:00
KXBTCD-26SEP2519-T83599.99,KXBTCD-26SEP2519,5,yes,0.97,yes,True,0.03,2026-09-25T23:05:24.631911+00:00,2026-09-25T22:10:19.733360+00:00
KXBTCD-26SEP2520-T84499.99,KXBTCD-26SEP2520,9,no,0.97,no,True,0.03,2026-09-26T00:05:52.213305+00:00,2026-09-25T23:05:24.639596+00:00
KXBTCD-26SEP2520-T84399.99,KXBTCD-26SEP2520,7,no,0.96,no,True,0.04,2026-09-26T00:05:52.213402+00:00,2026-09-25T23:05:24.639650+00:00
KXBTCD-26SEP2520-T83899.99,KXBTCD-26SEP2520,5,yes,0.91,yes,True,0.0899999999999999,2026-09-26T00:05:52.213473+00:00,2026-09-25T23:05:24.639733+00:00
KXBTCD-26SEP2520-T83699.99,KXBTCD-26SEP2520,8,yes,0.98,yes,True,0.02,2026-09-26T00:05:52.213535+00:00,2026-09-25T23:05:24.639781+00:00
KXBTCD-26SEP2520-T83599.99,KXBTCD-26SEP2520,10,yes,0.99,yes,True,0.01,2026-09-26T00:05:52.213593+00:00,2026-09-25T23:05:24.639830+00:00
KXBTCD-26SEP2520-T84599.99,KXBTCD-26SEP2520,10,no,0.98,no,True,0.02,2026-09-26T00:05:52.213652+00:00,2026-09-25T23:10:18.915152+00:00
KXBTCD-26SEP2520-T84299.99,KXBTCD-26SEP2520,5,no,0.93,no,True,0.0699999999999999,2026-09-26T00:05:52.213709+00:00,2026-09-25T23:10:18.915353+00:00
KXBTCD-26SEP2520-T83799.99,KXBTCD-26SEP2520,6,yes,0.95,yes,True,0.05,2026-09-26T00:05:52.213767+00:00,2026-09-25T23:15:22.786045+00:00
KXBTCD-26SEP2521-T84499.99,KXBTCD-26SEP2521,8,no,0.98,no,True,0.02,2026-09-26T01:05:20.017190+00:00,2026-09-26T00:05:52.221097+00:00
KXBTCD-26SEP2521-T84399.99,KXBTCD-26SEP2521,7,no,0.97,no,True,0.03,2026-09-26T01:05:20.017260+00:00,2026-09-26T00:05:52.221154+00:00
KXBTCD-26SEP2521-T84299.99,KXBTCD-26SEP2521,5,no,0.95,no,True,0.05,2026-09-26T01:05:20.017310+00:00,2026-09-26T00:05:52.221204+00:00
KXBTCD-26SEP2521-T84099.99,KXBTCD-26SEP2521,6,no,0.65,no,True,0.35,2026-09-26T01:05:20.017358+00:00,2026-09-26T00:05:52.221249+00:00
KXBTCD-26SEP2521-T83699.99,KXBTCD-26SEP2521,9,yes,0.98,yes,True,0.02,2026-09-26T01:05:20.017404+00:00,2026-09-26T00:05:52.221294+00:00
KXBTCD-26SEP2521-T83599.99,KXBTCD-26SEP2521,10,yes,0.99,yes,True,0.01,2026-09-26T01:05:20.017451+00:00,2026-09-26T00:05:52.221339+00:00
KXBTCD-26SEP2521-T84599.99,KXBTCD-26SEP2521,10,no,0.98,no,True,0.02,2026-09-26T01:05:20.017498+00:00,2026-09-26T00:10:23.355774+00:00
KXBTCD-26SEP2521-T83799.99,KXBTCD-26SEP2521,6,yes,0.95,yes,True,0.05,2026-09-26T01:05:20.017545+00:00,2026-09-26T00:10:23.355931+00:00
KXBTCD-26SEP2521-T84199.99,KXBTCD-26SEP2521,5,no,0.98,no,True,0.02,2026-09-26T01:05:20.017592+00:00,2026-09-26T00:35:18.235858+00:00
KXBTCD-26SEP2522-T83999.99,KXBTCD-26SEP2522,5,no,0.79,yes,False,-0.79,2026-09-26T02:05:20.522789+00:00,2026-09-26T01:01:00.917974+00:00
KXBTCD-26SEP2522-T83799.99,KXBTCD-26SEP2522,7,yes,0.77,yes,True,0.2299999999999999,2026-09-26T02:05:20.522852+00:00,2026-09-26T01:01:00.918079+00:00
KXBTCD-26SEP2522-T84399.99,KXBTCD-26SEP2522,10,no,0.98,no,True,0.02,2026-09-26T02:05:20.522895+00:00,2026-09-26T01:05:20.024702+00:00
KXBTCD-26SEP2522-T84299.99,KXBTCD-26SEP2522,8,no,0.98,no,True,0.02,2026-09-26T02:05:20.522936+00:00,2026-09-26T01:05:20.024749+00:00
KXBTCD-26SEP2522-T84099.99,KXBTCD-26SEP2522,5,no,0.88,no,True,0.12,2026-09-26T02:05:20.522974+00:00,2026-09-26T01:05:20.024784+00:00
KXBTCD-26SEP2522-T83699.99,KXBTCD-26SEP2522,6,yes,0.89,yes,True,0.1099999999999999,2026-09-26T02:05:20.523013+00:00,2026-09-26T01:05:20.024819+00:00
KXBTCD-26SEP2522-T83599.99,KXBTCD-26SEP2522,7,yes,0.96,yes,True,0.04,2026-09-26T02:05:20.523082+00:00,2026-09-26T01:05:20.024854+00:00
KXBTCD-26SEP2522-T83499.99,KXBTCD-26SEP2522,9,yes,0.98,yes,True,0.02,2026-09-26T02:05:20.523130+00:00,2026-09-26T01:05:20.024889+00:00
KXBTCD-26SEP2522-T84199.99,KXBTCD-26SEP2522,5,no,0.95,no,True,0.05,2026-09-26T02:05:20.523170+00:00,2026-09-26T01:15:22.475978+00:00
KXBTCD-26SEP2523-T84499.99,KXBTCD-26SEP2523,9,no,0.99,no,True,0.01,2026-09-26T03:05:20.455034+00:00,2026-09-26T02:05:20.530126+00:00
KXBTCD-26SEP2523-T84399.99,KXBTCD-26SEP2523,8,no,0.98,no,True,0.02,2026-09-26T03:05:20.455083+00:00,2026-09-26T02:05:20.530168+00:00
KXBTCD-26SEP2523-T84299.99,KXBTCD-26SEP2523,6,no,0.96,no,True,0.04,2026-09-26T03:05:20.455117+00:00,2026-09-26T02:05:20.530203+00:00
KXBTCD-26SEP2523-T84099.99,KXBTCD-26SEP2523,5,no,0.75,no,True,0.25,2026-09-26T03:05:20.455149+00:00,2026-09-26T02:05:20.530236+00:00
KXBTCD-26SEP2523-T83699.99,KXBTCD-26SEP2523,7,yes,0.97,yes,True,0.03,2026-09-26T03:05:20.455180+00:00,2026-09-26T02:05:20.530269+00:00
KXBTCD-26SEP2523-T83599.99,KXBTCD-26SEP2523,10,yes,0.99,yes,True,0.01,2026-09-26T03:05:20.455211+00:00,2026-09-26T02:05:20.530299+00:00
KXBTCD-26SEP2523-T84699.99,KXBTCD-26SEP2523,10,no,0.99,no,True,0.01,2026-09-26T03:05:20.455259+00:00,2026-09-26T02:10:18.825723+00:00
KXBTCD-26SEP2523-T83899.99,KXBTCD-26SEP2523,5,yes,0.85,yes,True,0.15,2026-09-26T03:05:20.455296+00:00,2026-09-26T02:10:18.825911+00:00
KXBTCD-26SEP2523-T83799.99,KXBTCD-26SEP2523,5,yes,0.96,yes,True,0.04,2026-09-26T03:05:20.455328+00:00,2026-09-26T02:25:18.293052+00:00
KXBTCD-26SEP2600-T84399.99,KXBTCD-26SEP2600,8,no,0.99,no,True,0.01,2026-09-26T04:05:19.735727+00:00,2026-09-26T03:05:20.461211+00:00
KXBTCD-26SEP2600-T84299.99,KXBTCD-26SEP2600,6,no,0.97,no,True,0.03,2026-09-26T04:05:19.735795+00:00,2026-09-26T03:05:20.461284+00:00
KXBTCD-26SEP2600-T83799.99,KXBTCD-26SEP2600,5,yes,0.93,yes,True,0.0699999999999999,2026-09-26T04:05:19.735844+00:00,2026-09-26T03:05:20.461313+00:00
KXBTCD-26SEP2600-T83699.99,KXBTCD-26SEP2600,7,yes,0.98,yes,True,0.02,2026-09-26T04:05:19.735907+00:00,2026-09-26T03:05:20.461340+00:00
KXBTCD-26SEP2600-T83499.99,KXBTCD-26SEP2600,9,yes,0.99,yes,True,0.01,2026-09-26T04:05:19.735956+00:00,2026-09-26T03:05:20.461364+00:00
KXBTCD-26SEP2600-T74099.99,KXBTCD-26SEP2600,10,yes,0.99,yes,True,0.01,2026-09-26T04:05:19.736003+00:00,2026-09-26T03:05:20.461388+00:00
KXBTCD-26SEP2600-T84499.99,KXBTCD-26SEP2600,10,no,0.99,no,True,0.01,2026-09-26T04:05:19.736051+00:00,2026-09-26T03:10:56.789631+00:00
KXBTCD-26SEP2600-T84199.99,KXBTCD-26SEP2600,5,no,0.97,no,True,0.03,2026-09-26T04:05:19.736098+00:00,2026-09-26T03:10:56.789754+00:00
KXBTCD-26SEP2600-T83599.99,KXBTCD-26SEP2600,8,yes,0.98,yes,True,0.02,2026-09-26T04:05:19.736145+00:00,2026-09-26T03:10:56.789832+00:00
KXBTCD-26SEP2601-T84499.99,KXBTCD-26SEP2601,10,no,0.99,no,True,0.01,2026-09-26T05:05:22.126807+00:00,2026-09-26T04:05:19.742814+00:00
KXBTCD-26SEP2601-T84399.99,KXBTCD-26SEP2601,7,no,0.99,no,True,0.01,2026-09-26T05:05:22.126855+00:00,2026-09-26T04:05:19.742888+00:00
KXBTCD-26SEP2601-T84299.99,KXBTCD-26SEP2601,6,no,0.98,no,True,0.02,2026-09-26T05:05:22.126884+00:00,2026-09-26T04:05:19.742935+00:00
KXBTCD-26SEP2601-T83799.99,KXBTCD-26SEP2601,5,yes,0.94,yes,True,0.06,2026-09-26T05:05:22.126911+00:00,2026-09-26T04:05:19.742978+00:00
KXBTCD-26SEP2601-T83699.99,KXBTCD-26SEP2601,8,yes,0.98,yes,True,0.02,2026-09-26T05:05:22.126938+00:00,2026-09-26T04:05:19.743020+00:00
KXBTCD-26SEP2601-T83599.99,KXBTCD-26SEP2601,9,yes,0.98,yes,True,0.02,2026-09-26T05:05:22.126964+00:00,2026-09-26T04:05:19.743062+00:00
KXBTCD-26SEP2601-T83499.99,KXBTCD-26SEP2601,10,yes,0.99,yes,True,0.01,2026-09-26T05:05:22.126991+00:00,2026-09-26T04:10:19.335306+00:00
KXBTCD-26SEP2601-T84199.99,KXBTCD-26SEP2601,5,no,0.97,no,True,0.03,2026-09-26T05:05:22.127017+00:00,2026-09-26T04:25:23.975780+00:00
KXBTCD-26SEP2602-T84499.99,KXBTCD-26SEP2602,10,no,0.99,no,True,0.01,2026-09-26T06:05:23.420199+00:00,2026-09-26T05:05:22.132360+00:00
KXBTCD-26SEP2602-T84399.99,KXBTCD-26SEP2602,9,no,0.99,no,True,0.01,2026-09-26T06:05:23.420256+00:00,2026-09-26T05:05:22.132394+00:00
KXBTCD-26SEP2602-T84299.99,KXBTCD-26SEP2602,7,no,0.98,no,True,0.02,2026-09-26T06:05:23.420290+00:00,2026-09-26T05:05:22.132416+00:00
KXBTCD-26SEP2602-T83799.99,KXBTCD-26SEP2602,5,yes,0.96,yes,True,0.04,2026-09-26T06:05:23.420323+00:00,2026-09-26T05:05:22.132438+00:00
KXBTCD-26SEP2602-T83699.99,KXBTCD-26SEP2602,6,yes,0.98,yes,True,0.02,2026-09-26T06:05:23.420355+00:00,2026-09-26T05:05:22.132458+00:00
KXBTCD-26SEP2602-T83599.99,KXBTCD-26SEP2602,8,yes,0.99,yes,True,0.01,2026-09-26T06:05:23.420387+00:00,2026-09-26T05:05:22.132479+00:00
KXBTCD-26SEP2602-T84199.99,KXBTCD-26SEP2602,5,no,0.97,no,True,0.03,2026-09-26T06:05:23.420418+00:00,2026-09-26T05:20:24.727319+00:00
KXBTCD-26SEP2602-T83399.99,KXBTCD-26SEP2602,10,yes,0.99,yes,True,0.01,2026-09-26T06:05:23.420448+00:00,2026-09-26T05:20:24.727445+00:00
KXBTCD-26SEP2603-T84399.99,KXBTCD-26SEP2603,10,no,0.99,no,True,0.01,2026-09-26T07:15:22.309079+00:00,2026-09-26T06:05:23.425960+00:00
KXBTCD-26SEP2603-T84299.99,KXBTCD-26SEP2603,9,no,0.98,no,True,0.02,2026-09-26T07:15:22.309126+00:00,2026-09-26T06:05:23.426007+00:00
KXBTCD-26SEP2603-T84199.99,KXBTCD-26SEP2603,7,no,0.97,no,True,0.03,2026-09-26T07:15:22.309148+00:00,2026-09-26T06:05:23.426039+00:00
KXBTCD-26SEP2603-T84099.99,KXBTCD-26SEP2603,5,no,0.96,no,True,0.04,2026-09-26T07:15:22.309168+00:00,2026-09-26T06:05:23.426068+00:00
KXBTCD-26SEP2603-T83599.99,KXBTCD-26SEP2603,6,yes,0.98,yes,True,0.02,2026-09-26T07:15:22.309188+00:00,2026-09-26T06:05:23.426096+00:00
KXBTCD-26SEP2603-T83499.99,KXBTCD-26SEP2603,8,yes,0.98,yes,True,0.02,2026-09-26T07:15:22.309208+00:00,2026-09-26T06:05:23.426157+00:00
KXBTCD-26SEP2603-T83699.99,KXBTCD-26SEP2603,5,yes,0.95,yes,True,0.05,2026-09-26T07:15:22.309238+00:00,2026-09-26T06:10:29.832184+00:00
KXBTCD-26SEP2603-T74599.99,KXBTCD-26SEP2603,10,yes,0.99,yes,True,0.01,2026-09-26T07:15:22.309258+00:00,2026-09-26T06:40:18.200348+00:00
